source_file,benchmark,baseline,metric,direction,adare_n,adare_mean,adare_std,adare_median,adare_iqr,baseline_mean,baseline_std,baseline_median,baseline_iqr,gain_percent,paired_improvement_mean,paired_improvement_ci95_low,paired_improvement_ci95_high,wilcoxon_one_sided_p,holm_p,rank_biserial_paired
controller_ablation_r20_g70\CyberShake\reports\CyberShake_30_extended_pairwise_metrics.csv,CyberShake_30,Contextual-UCB,cost_best,min,20,1449.318095384616,222.07779595590335,1373.875364615385,84.52759615384639,1501.661962538462,314.4395295630268,1380.3345953846158,138.19788461538474,3.4857290428640777,52.343867153846,-110.36125139807702,217.89215076346113,0.4927177429199219,1.0,0.009523809523809525
controller_ablation_r20_g70\CyberShake\reports\CyberShake_30_extended_pairwise_metrics.csv,CyberShake_30,Contextual-UCB,coverage,max,20,0.10186561695960086,0.05413717363701779,0.09376017362995118,0.05742522863008587,0.07613706090508358,0.044624213330312454,0.06726842897055663,0.03368094438223218,33.792420863988745,0.025728556054517272,-0.010722655720035666,0.06421074316008035,0.12274360656738281,1.0,0.3047619047619048
controller_ablation_r20_g70\CyberShake\reports\CyberShake_30_extended_pairwise_metrics.csv,CyberShake_30,Contextual-UCB,energy_best,min,20,31487800.031923067,322459.73451923236,31451602.82692307,443974.75961538404,31507516.811923068,374281.1604139906,31548333.707692303,398724.78461538255,0.06257801945388465,19716.779999998584,-197117.44701923287,221047.07622115215,0.3920631408691406,1.0,0.0761904761904762
controller_ablation_r20_g70\CyberShake\reports\CyberShake_30_extended_pairwise_metrics.csv,CyberShake_30,Contextual-UCB,epsilon,min,20,0.1110424938458813,0.016440262835449998,0.10659422079722539,0.025178648230859274,0.11130830316245169,0.016237859479773246,0.10963304190729899,0.01854513056001407,0.23880457164318164,0.0002658093165704291,-0.010138648306566753,0.011046204381190765,0.5218353271484375,1.0,-0.009523809523809525
controller_ablation_r20_g70\CyberShake\reports\CyberShake_30_extended_pairwise_metrics.csv,CyberShake_30,Contextual-UCB,hv,max,20,0.8842339675905484,0.014193768171782311,0.8830090700459565,0.01922929462709788,0.8890771468728973,0.008013438544914176,0.8906337615235617,0.013067039775897737,-0.544742298166537,-0.0048431792823491636,-0.01264620842159241,0.002830489830569139,0.8613224029541016,1.0,-0.2761904761904762
controller_ablation_r20_g70\CyberShake\reports\CyberShake_30_extended_pairwise_metrics.csv,CyberShake_30,Contextual-UCB,igd,min,20,0.07636660888684886,0.003342415381495458,0.07608631495121186,0.004547279469156784,0.07642950102349136,0.0031075156285583394,0.07643664871935119,0.003921997920463799,0.08228777605543611,6.289213664251239e-05,-0.0020503704169703234,0.002044849996827577,0.4491586685180664,1.0,0.0380952380952381
controller_ablation_r20_g70\CyberShake\reports\CyberShake_30_extended_pairwise_metrics.csv,CyberShake_30,Contextual-UCB,latency_best,min,20,49787.14656245733,2033.456182635342,49419.082154667965,2294.9139255183254,50020.82709535667,1444.9225639110468,50070.18038660757,1705.8723097941693,0.46716647138573214,233.68053289933815,-608.3455068670049,1002.1677366613117,0.21521663665771484,1.0,0.20952380952380953
controller_ablation_r20_g70\CyberShake\reports\CyberShake_30_extended_pairwise_metrics.csv,CyberShake_30,Contextual-UCB,makespan_best,min,20,11006.517516484375,279.1501104867014,10851.982605769232,373.1441631047164,11018.683778749099,272.10035243989597,10889.767555175782,191.76515250826196,0.11041484181792907,12.166262264723354,-134.18003561615444,164.89878073854723,0.2979097366333008,1.0,0.14285714285714285
controller_ablation_r20_g70\CyberShake\reports\CyberShake_30_extended_pairwise_metrics.csv,CyberShake_30,Contextual-UCB,spacing,min,20,0.0644826863251822,0.007370806949194885,0.0663377926328427,0.009476312314317968,0.06629252652656445,0.009162795992031193,0.065542176398414,0.010544825395551453,2.7300817998798403,0.0018098402013822542,-0.0026695911237095884,0.007130338641430974,0.5363607406616211,1.0,-0.01904761904761905
controller_ablation_r20_g70\CyberShake\reports\CyberShake_30_extended_pairwise_metrics.csv,CyberShake_30,Contextual-UCB,time,min,20,4.627886495005805,0.12835425873609765,4.609123550035292,0.0746131250198232,4.4583369700034385,0.057428193470211525,4.465034799999557,0.05865192502096761,-3.8029768979583456,-0.16954952500236686,-0.24823233402043113,-0.11203982787970745,1.0,1.0,-1.0
controller_ablation_r20_g70\CyberShake\reports\CyberShake_30_extended_pairwise_metrics.csv,CyberShake_30,Global-UCB,cost_best,min,20,1449.318095384616,222.07779595590335,1373.875364615385,84.52759615384639,1576.7061373846157,380.29656520346873,1390.8149800000003,249.19990384615403,8.079377569450346,127.38804199999981,-34.725130680769425,314.91617549999967,0.18413829803466797,1.0,0.23809523809523808
controller_ablation_r20_g70\CyberShake\reports\CyberShake_30_extended_pairwise_metrics.csv,CyberShake_30,Global-UCB,coverage,max,20,0.10946480622256634,0.06661147469742423,0.09045454545454545,0.0525194295031121,0.0761823066313585,0.04064762990950342,0.07446808510638298,0.059002429339515605,43.68796517577213,0.03328249959120783,-0.0029911957922810254,0.07332845591448088,0.09467411041259766,1.0,0.34285714285714286
controller_ablation_r20_g70\CyberShake\reports\CyberShake_30_extended_pairwise_metrics.csv,CyberShake_30,Global-UCB,energy_best,min,20,31487800.031923067,322459.73451923236,31451602.82692307,443974.75961538404,31429797.27384615,323528.20848821907,31463450.726923075,426970.38461538404,-0.18454703214132256,-58002.75807692371,-257388.0073557694,116881.11028846094,0.7020902633666992,1.0,-0.13333333333333333
controller_ablation_r20_g70\CyberShake\reports\CyberShake_30_extended_pairwise_metrics.csv,CyberShake_30,Global-UCB,epsilon,min,20,0.1110424938458813,0.016440262835449998,0.10659422079722539,0.025178648230859274,0.11552942726955169,0.013016327387243898,0.11419967120370644,0.015210177868085095,3.883801322066227,0.004486933423670428,-0.001823196267805168,0.010778170711069991,0.09467411041259766,1.0,0.34285714285714286
controller_ablation_r20_g70\CyberShake\reports\CyberShake_30_extended_pairwise_metrics.csv,CyberShake_30,Global-UCB,hv,max,20,0.8842339675905484,0.014193768171782311,0.8830090700459565,0.01922929462709788,0.8856973421238955,0.011725467018007358,0.8846180138927433,0.01266169508605186,-0.16522286606821524,-0.001463374533347128,-0.008466472819597446,0.006145783415344309,0.6761722564697266,1.0,-0.11428571428571428
controller_ablation_r20_g70\CyberShake\reports\CyberShake_30_extended_pairwise_metrics.csv,CyberShake_30,Global-UCB,igd,min,20,0.07636660888684886,0.003342415381495458,0.07608631495121186,0.004547279469156784,0.07552033583438107,0.003059998291938982,0.07600812912688903,0.003256485064395756,-1.1205896307501824,-0.0008462730524677851,-0.0024810177460783023,0.0007027229717652585,0.7509956359863281,1.0,-0.17142857142857143
controller_ablation_r20_g70\CyberShake\reports\CyberShake_30_extended_pairwise_metrics.csv,CyberShake_30,Global-UCB,latency_best,min,20,49787.14656245733,2033.456182635342,49419.082154667965,2294.9139255183254,50286.914795270284,1679.7693086669697,50162.52378790114,1722.9058065662466,0.9938335546088377,499.7682328129478,-501.1884568599388,1508.7047101752453,0.1649913787841797,1.0,0.2571428571428571
controller_ablation_r20_g70\CyberShake\reports\CyberShake_30_extended_pairwise_metrics.csv,CyberShake_30,Global-UCB,makespan_best,min,20,11006.517516484375,279.1501104867014,10851.982605769232,373.1441631047164,11012.125013036808,293.3910715773801,10829.471788461538,419.69530347731234,0.05092111237199531,5.6074965524332585,-151.9141564073021,165.46254497716248,0.40533748949713105,1.0,0.06432748538011696
controller_ablation_r20_g70\CyberShake\reports\CyberShake_30_extended_pairwise_metrics.csv,CyberShake_30,Global-UCB,spacing,min,20,0.0644826863251822,0.007370806949194885,0.0663377926328427,0.009476312314317968,0.06440642047251352,0.006903977955335075,0.06327366844039586,0.009104026957625341,-0.11841343162554015,-7.626585266866867e-05,-0.004546424467264715,0.004694288810219869,0.635746955871582,1.0,-0.08571428571428572
controller_ablation_r20_g70\CyberShake\reports\CyberShake_30_extended_pairwise_metrics.csv,CyberShake_30,Global-UCB,time,min,20,4.627886495005805,0.12835425873609765,4.609123550035292,0.0746131250198232,4.463055804994656,0.052235943427223756,4.449556700012181,0.0811729749548249,-3.6932249385429134,-0.16483069001114928,-0.23736239426616518,-0.11272299326192296,1.0,1.0,-1.0
controller_ablation_r20_g70\CyberShake\reports\CyberShake_30_extended_pairwise_metrics.csv,CyberShake_30,Static,cost_best,min,20,1449.318095384616,222.07779595590335,1373.875364615385,84.52759615384639,1472.4790586923082,246.16235191480231,1364.994787692308,115.88048076923064,1.5729231034539184,23.160963307692146,-122.69481462115394,172.63851819999996,0.5938224792480469,1.0,-0.05714285714285714
controller_ablation_r20_g70\CyberShake\reports\CyberShake_30_extended_pairwise_metrics.csv,CyberShake_30,Static,coverage,max,20,0.09200669316858749,0.06280940959557876,0.0776380829572319,0.08346756872852232,0.10628756453310609,0.06312676953482668,0.09895833333333334,0.07508552875005584,-13.436069804826921,-0.014280871364518579,-0.06247384165171404,0.03371560858403796,0.7020902633666992,1.0,-0.13333333333333333
controller_ablation_r20_g70\CyberShake\reports\CyberShake_30_extended_pairwise_metrics.csv,CyberShake_30,Static,energy_best,min,20,31487800.031923067,322459.73451923236,31451602.82692307,443974.75961538404,31574256.949999996,428443.11125775415,31569412.74615384,731957.8038461544,0.2738209111740592,86456.918076922,-146976.82618269377,319167.147461539,0.24900436401367188,1.0,0.18095238095238095
controller_ablation_r20_g70\CyberShake\reports\CyberShake_30_extended_pairwise_metrics.csv,CyberShake_30,Static,epsilon,min,20,0.1110424938458813,0.016440262835449998,0.10659422079722539,0.025178648230859274,0.11283447994458154,0.013054232024416527,0.11262450078555855,0.012489119565647772,1.588154701985039,0.0017919860987002747,-0.006790757527260259,0.010266448682626808,0.2979097366333008,1.0,0.14285714285714285
controller_ablation_r20_g70\CyberShake\reports\CyberShake_30_extended_pairwise_metrics.csv,CyberShake_30,Static,hv,max,20,0.8842339675905484,0.014193768171782311,0.8830090700459565,0.01922929462709788,0.8859570659783941,0.01143489193720967,0.8856448669824097,0.018247560566187704,-0.19449005533273775,-0.001723098387845745,-0.009725153649683368,0.006294995267841817,0.6628885269165039,1.0,-0.10476190476190476
controller_ablation_r20_g70\CyberShake\reports\CyberShake_30_extended_pairwise_metrics.csv,CyberShake_30,Static,igd,min,20,0.07636660888684886,0.003342415381495458,0.07608631495121186,0.004547279469156784,0.07624621593626345,0.003930608621064591,0.07578964393988782,0.0040137993493481045,-0.15790023033543468,-0.00012039295058539484,-0.002511630101299805,0.0022746180822721934,0.5652561187744141,1.0,-0.0380952380952381
controller_ablation_r20_g70\CyberShake\reports\CyberShake_30_extended_pairwise_metrics.csv,CyberShake_30,Static,latency_best,min,20,49787.14656245733,2033.456182635342,49419.082154667965,2294.9139255183254,49417.4444171893,1643.589568394725,49296.49079569262,2278.803836201907,-0.7481207286782277,-369.70214526802994,-1197.4066897076334,473.7227594708336,0.8441028594970703,1.0,-0.2571428571428571
controller_ablation_r20_g70\CyberShake\reports\CyberShake_30_extended_pairwise_metrics.csv,CyberShake_30,Static,makespan_best,min,20,11006.517516484375,279.1501104867014,10851.982605769232,373.1441631047164,11065.938011195012,299.6052026828221,10908.298375,666.6637326923064,0.5369675363310702,59.420494710636284,-104.55874000804215,224.70414534651297,0.1558971405029297,1.0,0.26666666666666666
controller_ablation_r20_g70\CyberShake\reports\CyberShake_30_extended_pairwise_metrics.csv,CyberShake_30,Static,spacing,min,20,0.0644826863251822,0.007370806949194885,0.0663377926328427,0.009476312314317968,0.0672689838418766,0.011907503412580784,0.06319143692939293,0.010966501069599628,4.142024091286873,0.0027862975166944404,-0.0025045923937079793,0.008624668111794026,0.35059070587158203,1.0,0.10476190476190476
controller_ablation_r20_g70\CyberShake\reports\CyberShake_30_extended_pairwise_metrics.csv,CyberShake_30,Static,time,min,20,4.627886495005805,0.12835425873609765,4.609123550035292,0.0746131250198232,4.36325877000927,0.06271543002913309,4.374659249995602,0.07236052502412349,-6.064910172539994,-0.2646277249965351,-0.33630194275043324,-0.2060981504929805,1.0,1.0,-1.0
controller_ablation_r20_g70\Epigenomics\reports\Epigenomics_24_extended_pairwise_metrics.csv,Epigenomics_24,Contextual-UCB,cost_best,min,20,27347.955227923077,347.69335467223635,27300.58968769231,484.1205280769209,27335.546571461542,334.9441709484001,27359.14720538462,299.20580461537975,-0.04539384800335448,-12.408656461536157,-211.66982812115245,202.10596607307792,0.6761722564697266,1.0,-0.11428571428571428
controller_ablation_r20_g70\Epigenomics\reports\Epigenomics_24_extended_pairwise_metrics.csv,Epigenomics_24,Contextual-UCB,coverage,max,20,0.050737530896028185,0.02942674481378599,0.04145189003436426,0.03389857622780355,0.043452178344134416,0.026694286898454513,0.03674758895909544,0.02340229453812672,16.766368981998838,0.007285352551893759,-0.013869947209667078,0.028031067500811045,0.21045495850255186,1.0,0.21052631578947367
controller_ablation_r20_g70\Epigenomics\reports\Epigenomics_24_extended_pairwise_metrics.csv,Epigenomics_24,Contextual-UCB,energy_best,min,20,716297478.4886153,306150.8145675436,716236393.7615384,245119.22769224644,716254873.9058846,531330.403688117,716129506.5653846,342629.8367308378,-0.005948243325496604,-42604.58273075819,-319291.57518462534,242035.1928461867,0.7847833633422852,1.0,-0.2
controller_ablation_r20_g70\Epigenomics\reports\Epigenomics_24_extended_pairwise_metrics.csv,Epigenomics_24,Contextual-UCB,epsilon,min,20,0.043676952019095674,0.00677229779801243,0.042613200456036324,0.008526716159217101,0.04418509886961852,0.0035695503113329866,0.04406659061278739,0.004864652834257938,1.150041220960687,0.0005081468505228517,-0.0030308804855568193,0.003830367244317963,0.3780832290649414,1.0,0.08571428571428572
controller_ablation_r20_g70\Epigenomics\reports\Epigenomics_24_extended_pairwise_metrics.csv,Epigenomics_24,Contextual-UCB,hv,max,20,1.103508679844719,0.003559018304179106,1.1043389291298622,0.004549070177310766,1.1028445036725016,0.003359303719820204,1.1033342105732056,0.004002445821029044,0.060223918241015154,0.000664176172217279,-0.0012071469481553811,0.0024698266468382852,0.18413829803466797,1.0,0.23809523809523808
controller_ablation_r20_g70\Epigenomics\reports\Epigenomics_24_extended_pairwise_metrics.csv,Epigenomics_24,Contextual-UCB,igd,min,20,0.03384186118982302,0.003087301094184825,0.03413419952546277,0.0036210576564807,0.03458880436992073,0.0031113311775823123,0.034985423295633686,0.004825612421804994,2.1594940724440526,0.000746943180097715,-0.0010555496354214741,0.0024727885924886563,0.1649913787841797,1.0,0.2571428571428571
controller_ablation_r20_g70\Epigenomics\reports\Epigenomics_24_extended_pairwise_metrics.csv,Epigenomics_24,Contextual-UCB,latency_best,min,20,858848.9189932797,16650.136761949427,860571.7577452449,8395.00469359965,861200.3754121335,20517.74677227396,864428.7177325601,20382.44481145055,0.27304405408886745,2351.4564188539866,-7938.783793132384,13242.225248090092,0.2729377746582031,1.0,0.1619047619047619
controller_ablation_r20_g70\Epigenomics\reports\Epigenomics_24_extended_pairwise_metrics.csv,Epigenomics_24,Contextual-UCB,makespan_best,min,20,261774.11549307258,105.5620649394197,261770.36720326924,154.6950776584854,261800.15349872218,160.16174318256253,261749.4348121154,162.99973605768173,0.009945756448815077,26.03800564963749,-46.37983989821644,110.21081350264974,0.32382774353027344,1.0,0.12380952380952381
controller_ablation_r20_g70\Epigenomics\reports\Epigenomics_24_extended_pairwise_metrics.csv,Epigenomics_24,Contextual-UCB,spacing,min,20,0.06173150698803931,0.009058121879499136,0.06309854414637087,0.011699919013860832,0.06896843487400686,0.01758586747947786,0.06535539994574949,0.0065615681915593554,10.493101516930377,0.007236927885967562,0.0003464833202231824,0.015619636807809137,0.06636333465576172,1.0,0.3904761904761905
controller_ablation_r20_g70\Epigenomics\reports\Epigenomics_24_extended_pairwise_metrics.csv,Epigenomics_24,Contextual-UCB,time,min,20,4.597986299998593,0.10866288699588562,4.577835699979914,0.047320475001470186,4.486648980001337,0.045703197969968544,4.492101999989245,0.059481949982000515,-2.481525086841603,-0.11133731999725568,-0.16746542610861068,-0.07139026674813069,1.0,1.0,-1.0
controller_ablation_r20_g70\Epigenomics\reports\Epigenomics_24_extended_pairwise_metrics.csv,Epigenomics_24,Global-UCB,cost_best,min,20,27347.955227923077,347.69335467223635,27300.58968769231,484.1205280769209,27319.78764069231,334.52458179200084,27277.509243846158,388.6502884615402,-0.10310324370462064,-28.167587230767094,-213.34222521730683,157.5908037346184,0.6079368591308594,1.0,-0.06666666666666667
controller_ablation_r20_g70\Epigenomics\reports\Epigenomics_24_extended_pairwise_metrics.csv,Epigenomics_24,Global-UCB,coverage,max,20,0.059601263841120744,0.029573842206626757,0.04722222222222222,0.0339478208739127,0.05263679178063104,0.02173286654260266,0.04838709677419355,0.025526431234919933,13.231186447522902,0.006964472060489693,-0.010208402315742654,0.02386876306550365,0.24900436401367188,1.0,0.18095238095238095
controller_ablation_r20_g70\Epigenomics\reports\Epigenomics_24_extended_pairwise_metrics.csv,Epigenomics_24,Global-UCB,energy_best,min,20,716297478.4886153,306150.8145675436,716236393.7615384,245119.22769224644,716214709.3659999,232517.6235471566,716166902.5923076,299420.4403847456,-0.01155646784867144,-82769.12261539101,-258066.09548076865,62030.01819810327,0.7847833633422852,1.0,-0.2
controller_ablation_r20_g70\Epigenomics\reports\Epigenomics_24_extended_pairwise_metrics.csv,Epigenomics_24,Global-UCB,epsilon,min,20,0.043676952019095674,0.00677229779801243,0.042613200456036324,0.008526716159217101,0.04594876617224409,0.010449155347881654,0.04416015916484263,0.009392384137112478,4.944233202328578,0.002271814153148413,-0.002172662514685436,0.006938240174620512,0.22618770599365234,1.0,0.2
controller_ablation_r20_g70\Epigenomics\reports\Epigenomics_24_extended_pairwise_metrics.csv,Epigenomics_24,Global-UCB,hv,max,20,1.103508679844719,0.003559018304179106,1.1043389291298622,0.004549070177310766,1.1033236107975357,0.003196362793772424,1.1039830138832998,0.003957074969056951,0.016773777464021377,0.00018506904718301742,-0.0017894180517867013,0.0020080627083661155,0.20454883575439453,1.0,0.21904761904761905
controller_ablation_r20_g70\Epigenomics\reports\Epigenomics_24_extended_pairwise_metrics.csv,Epigenomics_24,Global-UCB,igd,min,20,0.03384186118982302,0.003087301094184825,0.03413419952546277,0.0036210576564807,0.03464486458062919,0.00333051551411701,0.03437007176438048,0.0029083219490994017,2.3178136226722272,0.0008030033908061679,-0.0008759108916017381,0.002626936413953354,0.28529834747314453,1.0,0.1523809523809524
controller_ablation_r20_g70\Epigenomics\reports\Epigenomics_24_extended_pairwise_metrics.csv,Epigenomics_24,Global-UCB,latency_best,min,20,858848.9189932797,16650.136761949427,860571.7577452449,8395.00469359965,862728.344242467,17603.348366524584,862594.0995073256,8443.84335195925,0.44966938609089857,3879.4252491874913,-4306.7879724261775,11803.38916284803,0.19418811798095703,1.0,0.22857142857142856
controller_ablation_r20_g70\Epigenomics\reports\Epigenomics_24_extended_pairwise_metrics.csv,Epigenomics_24,Global-UCB,makespan_best,min,20,261774.11549307258,105.5620649394197,261770.36720326924,154.6950776584854,261782.72065566303,99.65855657553601,261780.293896552,123.15971758487285,0.003287139261483155,8.605162590442342,-40.75281881893584,57.54178717872873,0.3920631408691406,1.0,0.0761904761904762
controller_ablation_r20_g70\Epigenomics\reports\Epigenomics_24_extended_pairwise_metrics.csv,Epigenomics_24,Global-UCB,spacing,min,20,0.06173150698803931,0.009058121879499136,0.06309854414637087,0.011699919013860832,0.06552211799301834,0.011123705945650987,0.06099593419446063,0.011852336708373552,5.785238818719102,0.0037906110049790226,-0.002622346063961036,0.010407574236057999,0.18413829803466797,1.0,0.23809523809523808
controller_ablation_r20_g70\Epigenomics\reports\Epigenomics_24_extended_pairwise_metrics.csv,Epigenomics_24,Global-UCB,time,min,20,4.597986299998593,0.10866288699588562,4.577835699979914,0.047320475001470186,4.503503624987206,0.06623758744186554,4.4879801999777555,0.07668767499853857,-2.0979815467930245,-0.09448267501138616,-0.1696267645057378,-0.044011289153932015,0.9999475479125977,1.0,-0.8857142857142857
controller_ablation_r20_g70\Epigenomics\reports\Epigenomics_24_extended_pairwise_metrics.csv,Epigenomics_24,Static,cost_best,min,20,27347.955227923077,347.69335467223635,27300.58968769231,484.1205280769209,27317.305994538467,278.6736800740392,27365.796820769232,339.50267461537806,-0.11219713023948458,-30.64923338461449,-212.25559806345981,152.3219003923096,0.6761722564697266,1.0,-0.11428571428571428
controller_ablation_r20_g70\Epigenomics\reports\Epigenomics_24_extended_pairwise_metrics.csv,Epigenomics_24,Static,coverage,max,20,0.04527071583935858,0.02776752992468734,0.03740562800274537,0.03157216494845361,0.05488009704644542,0.028849007125412725,0.052391924511740184,0.03130765056972327,-17.509774443281966,-0.009609381207086843,-0.02889230794116108,0.009200439814621262,0.814890209055952,1.0,-0.22857142857142856
controller_ablation_r20_g70\Epigenomics\reports\Epigenomics_24_extended_pairwise_metrics.csv,Epigenomics_24,Static,energy_best,min,20,716297478.4886153,306150.8145675436,716236393.7615384,245119.22769224644,716200792.0404999,353570.9431604502,716147946.0965384,324147.19615387917,-0.013499908013209983,-96686.44811537265,-273353.3070547944,85876.39404231857,0.9285469055175781,1.0,-0.37142857142857144
controller_ablation_r20_g70\Epigenomics\reports\Epigenomics_24_extended_pairwise_metrics.csv,Epigenomics_24,Static,epsilon,min,20,0.043676952019095674,0.00677229779801243,0.042613200456036324,0.008526716159217101,0.054406621758758454,0.022110133787800405,0.045887767599120576,0.014331173173947193,19.721257069109427,0.01072966973966279,0.001581164787694627,0.021215802167276157,0.0347900390625,1.0,0.4666666666666667
controller_ablation_r20_g70\Epigenomics\reports\Epigenomics_24_extended_pairwise_metrics.csv,Epigenomics_24,Static,hv,max,20,1.103508679844719,0.003559018304179106,1.1043389291298622,0.004549070177310766,1.10155137383381,0.007645886554264246,1.104236632262401,0.002858820408448093,0.17768631199620455,0.001957306010908699,-0.0014218461331874446,0.005863733505206934,0.35059070587158203,1.0,0.10476190476190476
controller_ablation_r20_g70\Epigenomics\reports\Epigenomics_24_extended_pairwise_metrics.csv,Epigenomics_24,Static,igd,min,20,0.03384186118982302,0.003087301094184825,0.03413419952546277,0.0036210576564807,0.035432452929387945,0.00276148271422451,0.03523007593427996,0.0038108831697731688,4.489081641439722,0.001590591739564937,-0.000376921635032891,0.0033369285942530954,0.026584625244140625,0.7975387573242188,0.49523809523809526
controller_ablation_r20_g70\Epigenomics\reports\Epigenomics_24_extended_pairwise_metrics.csv,Epigenomics_24,Static,latency_best,min,20,858848.9189932797,16650.136761949427,860571.7577452449,8395.00469359965,864252.8729250196,16845.80323238199,858614.3700180589,10750.655975531554,0.6252746274884222,5403.953931740101,-5438.078580618245,17109.807834551622,0.23745250701904297,1.0,0.19047619047619047
controller_ablation_r20_g70\Epigenomics\reports\Epigenomics_24_extended_pairwise_metrics.csv,Epigenomics_24,Static,makespan_best,min,20,261774.11549307258,105.5620649394197,261770.36720326924,154.6950776584854,261753.32177673263,111.69815191559344,261702.04541628755,152.3227623392304,-0.007944012400226123,-20.793716339995445,-75.81467763902837,35.65161560552074,0.815861701965332,1.0,-0.22857142857142856
controller_ablation_r20_g70\Epigenomics\reports\Epigenomics_24_extended_pairwise_metrics.csv,Epigenomics_24,Static,spacing,min,20,0.06173150698803931,0.009058121879499136,0.06309854414637087,0.011699919013860832,0.06290902752733987,0.007807619666929915,0.06264644105509756,0.009919891769678932,1.8717830899370058,0.00117752053930056,-0.005073035164133087,0.007433550229462291,0.35059070587158203,1.0,0.10476190476190476
controller_ablation_r20_g70\Epigenomics\reports\Epigenomics_24_extended_pairwise_metrics.csv,Epigenomics_24,Static,time,min,20,4.597986299998593,0.10866288699588562,4.577835699979914,0.047320475001470186,4.411957735006581,0.09096782634443504,4.393682350026211,0.09427119992324151,-4.2164629891164225,-0.18602856499201154,-0.21193075375129408,-0.1565587028509617,0.9999990463256836,1.0,-0.9904761904761905
controller_ablation_r20_g70\Montage\reports\Montage_25_extended_pairwise_metrics.csv,Montage_25,Contextual-UCB,cost_best,min,20,741.497629076923,268.8525930030632,696.3649376923076,391.4447369230769,652.9704734615383,269.393311486484,601.9761092307692,264.4766523076923,-13.557604702412194,-88.52715561538461,-239.8750914999999,71.9930721365384,0.8847436904907227,1.0,-0.3047619047619048
controller_ablation_r20_g70\Montage\reports\Montage_25_extended_pairwise_metrics.csv,Montage_25,Contextual-UCB,coverage,max,20,0.07754872693991911,0.041190776864510954,0.06779877425944841,0.04285558191808192,0.057410336111065705,0.02736503591670513,0.062378546443839875,0.03122049250223581,35.07798802970565,0.0201383908288534,-0.0019278264687882286,0.04419843592021693,0.10808372497558594,1.0,0.3238095238095238
controller_ablation_r20_g70\Montage\reports\Montage_25_extended_pairwise_metrics.csv,Montage_25,Contextual-UCB,energy_best,min,20,9476157.370769233,134796.95601946558,9467645.923076924,142802.30769230798,9506639.456576925,127369.83069899044,9506844.384615384,168981.92307692207,0.32063996901243597,30482.08580769263,-47223.25039326849,102675.01758750057,0.20454883575439453,1.0,0.21904761904761905
controller_ablation_r20_g70\Montage\reports\Montage_25_extended_pairwise_metrics.csv,Montage_25,Contextual-UCB,epsilon,min,20,0.11104438687884403,0.02348544906280305,0.1118423295397136,0.03412832279029203,0.10910656881241812,0.018023369128772393,0.10628751409725057,0.017059785869224395,-1.776078276054593,-0.001937818066425897,-0.012879977691514246,0.008752680677502303,0.5795888900756836,1.0,-0.047619047619047616
controller_ablation_r20_g70\Montage\reports\Montage_25_extended_pairwise_metrics.csv,Montage_25,Contextual-UCB,hv,max,20,0.905288767485894,0.01755377897365035,0.9053778226999217,0.022800437303894694,0.9057830574574144,0.018214431875635564,0.90978210266999,0.021902270058794304,-0.05457045894718388,-0.000494289971520362,-0.011715788176678605,0.0105712809023275,0.5652561187744141,1.0,-0.0380952380952381
controller_ablation_r20_g70\Montage\reports\Montage_25_extended_pairwise_metrics.csv,Montage_25,Contextual-UCB,igd,min,20,0.06082120479642661,0.0034772674137910947,0.0601061256807337,0.0044427654568841846,0.06046437450291947,0.003267030813559639,0.059322556776602725,0.004912953086862161,-0.5901496483518711,-0.0003568302935071377,-0.001764469791003325,0.0009572353651932369,0.7270622253417969,1.0,-0.1523809523809524
controller_ablation_r20_g70\Montage\reports\Montage_25_extended_pairwise_metrics.csv,Montage_25,Contextual-UCB,latency_best,min,20,12627.521158726415,242.5555708526069,12637.229874544775,308.638482994289,12491.79703257317,245.4880643815998,12531.539633476565,346.7630901412249,-1.086506015102038,-135.724126153246,-284.5240385760974,16.415181539917274,0.9513463973999023,1.0,-0.41904761904761906
controller_ablation_r20_g70\Montage\reports\Montage_25_extended_pairwise_metrics.csv,Montage_25,Contextual-UCB,makespan_best,min,20,2796.514813716346,79.24670772541687,2793.2915424399034,55.30013011869005,2775.0767305564905,57.00903483923982,2765.0703031625594,71.31252405724217,-0.772522176551007,-21.438083159855477,-55.97146526328822,13.534428864385632,0.815861701965332,1.0,-0.22857142857142856
controller_ablation_r20_g70\Montage\reports\Montage_25_extended_pairwise_metrics.csv,Montage_25,Contextual-UCB,spacing,min,20,0.05111308107954839,0.00790702934757758,0.05010529730403367,0.009120136742756711,0.05636899350333291,0.0095077613646548,0.0541816554517926,0.009520703523961505,9.324119692635193,0.005255912423784521,0.0004295288705038467,0.009764214197042018,0.01811695098876953,0.5435085296630859,0.5333333333333333
controller_ablation_r20_g70\Montage\reports\Montage_25_extended_pairwise_metrics.csv,Montage_25,Contextual-UCB,time,min,20,4.4596981350012355,0.556526421581023,4.341263150010491,0.12142267501621973,4.505326325001079,0.5629891927071432,4.324635199998738,0.1705191500223009,1.0127610456681464,0.045628189999843013,-0.1167799151156214,0.2612669528695551,0.635746955871582,1.0,-0.08571428571428572
controller_ablation_r20_g70\Montage\reports\Montage_25_extended_pairwise_metrics.csv,Montage_25,Global-UCB,cost_best,min,20,741.497629076923,268.8525930030632,696.3649376923076,391.4447369230769,706.3795601538461,189.33189433562558,685.2676476923075,203.55262269230752,-4.971557913627669,-35.118068923076905,-158.39773045961533,82.94814432692306,0.5652561187744141,1.0,-0.0380952380952381
controller_ablation_r20_g70\Montage\reports\Montage_25_extended_pairwise_metrics.csv,Montage_25,Global-UCB,coverage,max,20,0.06698323623440938,0.045250178277573196,0.054405677114133646,0.058363718661201505,0.05096848941830621,0.030067546809246847,0.04881796690307329,0.02674571239837123,31.420877877442454,0.01601474681610319,-0.008880683539143005,0.0407207965204424,0.18413829803466797,1.0,0.23809523809523808
controller_ablation_r20_g70\Montage\reports\Montage_25_extended_pairwise_metrics.csv,Montage_25,Global-UCB,energy_best,min,20,9476157.370769233,134796.95601946558,9467645.923076924,142802.30769230798,9521644.22773077,143819.5728222488,9479887.330769233,142529.30250000022,0.4777206107854938,45486.85696153855,-37862.45987596118,131156.07548076878,0.10610571092803278,1.0,0.3263157894736842
controller_ablation_r20_g70\Montage\reports\Montage_25_extended_pairwise_metrics.csv,Montage_25,Global-UCB,epsilon,min,20,0.11104438687884403,0.02348544906280305,0.1118423295397136,0.03412832279029203,0.1199154365526159,0.02136887662024058,0.11415667762224356,0.026011675853501823,7.397754558379536,0.008871049673771851,-0.0014261161857766671,0.01968617044099751,0.08247852325439453,1.0,0.3619047619047619
controller_ablation_r20_g70\Montage\reports\Montage_25_extended_pairwise_metrics.csv,Montage_25,Global-UCB,hv,max,20,0.905288767485894,0.01755377897365035,0.9053778226999217,0.022800437303894694,0.8978859837525045,0.01570560993059647,0.8987357404784546,0.01822194513294184,0.8244681248337719,0.007402783733389368,-0.0015905888474294636,0.01656569466353971,0.05699348449707031,1.0,0.4095238095238095
controller_ablation_r20_g70\Montage\reports\Montage_25_extended_pairwise_metrics.csv,Montage_25,Global-UCB,igd,min,20,0.06082120479642661,0.0034772674137910947,0.0601061256807337,0.0044427654568841846,0.06013884309088633,0.003217647404364285,0.059354831957244385,0.0025846925936548054,-1.1346438848333715,-0.0006823617055402818,-0.002622852525206115,0.001360619081408249,0.805811882019043,1.0,-0.21904761904761905
controller_ablation_r20_g70\Montage\reports\Montage_25_extended_pairwise_metrics.csv,Montage_25,Global-UCB,latency_best,min,20,12627.521158726415,242.5555708526069,12637.229874544775,308.638482994289,12492.922746727165,228.92340841461905,12441.086536672175,315.68686162785707,-1.0773972970777506,-134.5984119992495,-255.93525489114265,-6.665955469764946,0.9681386947631836,1.0,-0.4666666666666667
controller_ablation_r20_g70\Montage\reports\Montage_25_extended_pairwise_metrics.csv,Montage_25,Global-UCB,makespan_best,min,20,2796.514813716346,79.24670772541687,2793.2915424399034,55.30013011869005,2782.887227516075,88.08688997470564,2778.5060471243987,83.10692763596808,-0.4896923621455688,-13.627586200270093,-67.01289744453837,37.066593043867094,0.5652561187744141,1.0,-0.0380952380952381
controller_ablation_r20_g70\Montage\reports\Montage_25_extended_pairwise_metrics.csv,Montage_25,Global-UCB,spacing,min,20,0.05111308107954839,0.00790702934757758,0.05010529730403367,0.009120136742756711,0.0538969716002351,0.006963453506917006,0.05346334311141926,0.010924173277294183,5.165207687985503,0.0027838905206866997,-0.00202032760859242,0.007563014148359819,0.11525630950927734,1.0,0.3142857142857143
controller_ablation_r20_g70\Montage\reports\Montage_25_extended_pairwise_metrics.csv,Montage_25,Global-UCB,time,min,20,4.4596981350012355,0.556526421581023,4.341263150010491,0.12142267501621973,4.468033984981593,0.42569272923350693,4.333446399978129,0.15846009996312205,0.18656639605645697,0.008335849980358034,-0.11678377290852948,0.1294983495996712,0.6628885269165039,1.0,-0.10476190476190476
controller_ablation_r20_g70\Montage\reports\Montage_25_extended_pairwise_metrics.csv,Montage_25,Static,cost_best,min,20,741.497629076923,268.8525930030632,696.3649376923076,391.4447369230769,814.2315036153847,243.10435774528116,795.5730292307692,304.15826038461546,8.932824904895686,72.73387453846158,-77.05029390192306,220.19645752115366,0.1649913787841797,1.0,0.2571428571428571
controller_ablation_r20_g70\Montage\reports\Montage_25_extended_pairwise_metrics.csv,Montage_25,Static,coverage,max,20,0.0689605046231476,0.03816824955786535,0.07777777777777778,0.0593512142080464,0.05792896519420319,0.04525923675681097,0.043483398322108,0.03444908714156356,19.043218521100577,0.011031539428944423,-0.01635670535329531,0.038074327982140575,0.22618770599365234,1.0,0.2
controller_ablation_r20_g70\Montage\reports\Montage_25_extended_pairwise_metrics.csv,Montage_25,Static,energy_best,min,20,9476157.370769233,134796.95601946558,9467645.923076924,142802.30769230798,9562084.570076924,148543.46751850765,9567534.427307693,170710.44807692245,0.89862413031346,85927.19930769243,2110.8031442307206,167583.694935577,0.022027015686035156,0.6387834548950195,0.5142857142857142
controller_ablation_r20_g70\Montage\reports\Montage_25_extended_pairwise_metrics.csv,Montage_25,Static,epsilon,min,20,0.11104438687884403,0.02348544906280305,0.1118423295397136,0.03412832279029203,0.11029762148611899,0.02060254349764697,0.10925150154518334,0.030571446098202837,-0.6770457809183349,-0.0007467653927250281,-0.01516011042383958,0.014613175790935634,0.5652561187744141,1.0,-0.0380952380952381
controller_ablation_r20_g70\Montage\reports\Montage_25_extended_pairwise_metrics.csv,Montage_25,Static,hv,max,20,0.905288767485894,0.01755377897365035,0.9053778226999217,0.022800437303894694,0.9058013424773457,0.020595411324284645,0.9053581169533896,0.03229559736092358,-0.05658801410580273,-0.0005125749914515864,-0.013570388311771464,0.013102748568023364,0.4927177429199219,1.0,0.009523809523809525
controller_ablation_r20_g70\Montage\reports\Montage_25_extended_pairwise_metrics.csv,Montage_25,Static,igd,min,20,0.06082120479642661,0.0034772674137910947,0.0601061256807337,0.0044427654568841846,0.0633885709132069,0.005565562420078748,0.06113671218214872,0.00687552514441616,4.050203498506997,0.0025673661167802926,-0.0003735379866155873,0.005789301810997259,0.09467411041259766,1.0,0.34285714285714286
controller_ablation_r20_g70\Montage\reports\Montage_25_extended_pairwise_metrics.csv,Montage_25,Static,latency_best,min,20,12627.521158726415,242.5555708526069,12637.229874544775,308.638482994289,12360.547743416619,272.41510013463204,12366.900495703127,398.2659930258378,-2.1598833712849776,-266.97341530979566,-449.03825626487657,-90.35712382669107,0.9931917190551758,1.0,-0.6095238095238096
controller_ablation_r20_g70\Montage\reports\Montage_25_extended_pairwise_metrics.csv,Montage_25,Static,makespan_best,min,20,2796.514813716346,79.24670772541687,2793.2915424399034,55.30013011869005,2754.0501741687194,86.6366947665944,2756.054303372896,107.74438853665879,-1.541897818199484,-42.46463954762608,-91.41378873037097,6.349570541672925,0.947300910949707,1.0,-0.4095238095238095
controller_ablation_r20_g70\Montage\reports\Montage_25_extended_pairwise_metrics.csv,Montage_25,Static,spacing,min,20,0.05111308107954839,0.00790702934757758,0.05010529730403367,0.009120136742756711,0.05105548059484997,0.00673789338923219,0.0498673064985576,0.010654044249757577,-0.11281939573835956,-5.760048469842794e-05,-0.005560159815902181,0.005323948759364656,0.5508413314819336,1.0,-0.02857142857142857
controller_ablation_r20_g70\Montage\reports\Montage_25_extended_pairwise_metrics.csv,Montage_25,Static,time,min,20,4.4596981350012355,0.556526421581023,4.341263150010491,0.12142267501621973,4.301298505003797,0.3567464377136534,4.217231800023001,0.07649125001626089,-3.682600261599341,-0.15839962999743876,-0.27665737199844437,-0.06198508888228392,0.9993953704833984,1.0,-0.7714285714285715
large_1000_r20_g100\CyberShake\reports\CyberShake_1000_extended_pairwise_metrics.csv,CyberShake_1000,NSGA-III,cost_best,min,20,449708.2655665392,11108.200427624475,446505.21097384684,15702.080873846426,443612.9396288468,7237.6403760904595,443471.6274584623,8356.891269230284,-1.3740189686062994,-6095.32593769237,-11287.329002440478,-920.4955798499725,0.9779729843139648,1.0,-0.5047619047619047
large_1000_r20_g100\CyberShake\reports\CyberShake_1000_extended_pairwise_metrics.csv,CyberShake_1000,NSGA-III,coverage,max,20,0.33819296935765397,0.23100325587289736,0.32432432432432434,0.2779056386651323,0.10892178608894694,0.13281422964110742,0.04057017543859649,0.15106523988102935,210.49157519459075,0.22927118326870705,0.08140602906587585,0.37349611789170895,0.0036478042602539062,0.054717063903808594,0.6666666666666666
large_1000_r20_g100\CyberShake\reports\CyberShake_1000_extended_pairwise_metrics.csv,CyberShake_1000,NSGA-III,energy_best,min,20,1148796328.4203467,8261677.926999516,1150076442.6688466,8462376.230193138,1160201799.1587312,9049495.352924539,1158274781.4780781,8428457.21134615,0.9830592183751702,11405470.73838451,5173192.431409515,18359645.39784764,0.0009927749633789062,0.01886272430419922,0.7523809523809524
large_1000_r20_g100\CyberShake\reports\CyberShake_1000_extended_pairwise_metrics.csv,CyberShake_1000,NSGA-III,epsilon,min,20,0.2817003106601545,0.030850632477172964,0.2859998802630399,0.03272968824270983,0.32516142924709657,0.035000471923984575,0.3177083585952701,0.032598500632733174,13.366012902445176,0.04346111858694203,0.01956765219968381,0.06986634646722993,0.0009927749633789062,0.01886272430419922,0.7523809523809524
large_1000_r20_g100\CyberShake\reports\CyberShake_1000_extended_pairwise_metrics.csv,CyberShake_1000,NSGA-III,hv,max,20,0.5071928137000108,0.029411316336338433,0.5108350938136235,0.04043441746563503,0.4735087245890924,0.023719399598118925,0.4748503853103404,0.03361428046672732,7.11372090137288,0.03368408911091832,0.0157452722430794,0.05122610541290558,0.0009927749633789062,0.01886272430419922,0.7523809523809524
large_1000_r20_g100\CyberShake\reports\CyberShake_1000_extended_pairwise_metrics.csv,CyberShake_1000,NSGA-III,igd,min,20,0.1259739975479984,0.008276589828723441,0.12783344613757186,0.008687894611412297,0.13950886205276597,0.010166861570240321,0.1359728587670523,0.013685204965709186,9.701795502889503,0.013534864504767586,0.007022873622910292,0.02101641024371906,0.0004253387451171875,0.00850677490234375,0.8
large_1000_r20_g100\CyberShake\reports\CyberShake_1000_extended_pairwise_metrics.csv,CyberShake_1000,NSGA-III,latency_best,min,20,36380016.737768784,749462.7851261258,36600465.049838156,926365.508514747,36807632.92267756,606952.205733826,36740890.09621781,860994.8987906203,1.1617595345157845,427616.1849087775,36410.43913932079,819635.1962971506,0.019994735717773438,0.2799263000488281,0.5238095238095238
large_1000_r20_g100\CyberShake\reports\CyberShake_1000_extended_pairwise_metrics.csv,CyberShake_1000,NSGA-III,makespan_best,min,20,107088.85687720252,2575.274362395487,106660.442805,3402.5841944531276,110733.308607974,3088.067199714819,111084.16774961536,4296.642130794775,3.291197361106435,3644.4517307714714,2239.3333666793555,5003.456310291981,0.0001049041748046875,0.0022029876708984375,0.8666666666666667
large_1000_r20_g100\CyberShake\reports\CyberShake_1000_extended_pairwise_metrics.csv,CyberShake_1000,NSGA-III,spacing,min,20,0.04488253293608223,0.008030191985831834,0.04587504425174381,0.011262736600138289,0.049359926958267374,0.00726765795797478,0.049766145785563876,0.009878709129272356,9.070908929769434,0.004477394022185147,-0.00040389928645423505,0.009190302788258359,0.048653602600097656,0.5838432312011719,0.42857142857142855
large_1000_r20_g100\CyberShake\reports\CyberShake_1000_extended_pairwise_metrics.csv,CyberShake_1000,NSGA-III,time,min,20,18.287948720008718,0.8849878361144766,18.088384150032653,1.5872403499961365,18.974112610009616,0.9062474582010827,18.840794750052737,1.7400855999876512,3.6163161044955485,0.6861638900008984,0.6076413297335239,0.7583032357595221,9.5367431640625e-07,3.814697265625e-05,1.0
large_1000_r20_g100\CyberShake\reports\CyberShake_1000_extended_pairwise_metrics.csv,CyberShake_1000,OVEA-style,cost_best,min,20,449708.2655665392,11108.200427624475,446505.21097384684,15702.080873846426,535594.9627608464,14211.564316351762,537363.5433969232,8282.511288459878,16.035755219127644,85886.69719430714,76708.53937524557,94807.32652512823,9.5367431640625e-07,3.814697265625e-05,1.0
large_1000_r20_g100\CyberShake\reports\CyberShake_1000_extended_pairwise_metrics.csv,CyberShake_1000,OVEA-style,coverage,max,20,0.568391054592208,0.26195095281916797,0.6294642857142857,0.4383466748768473,0.005443693693693694,0.011267246157384966,0.0,0.0033333333333333335,10341.275475338862,0.5629473608985143,0.445710746211748,0.6729429711633376,9.5367431640625e-07,3.814697265625e-05,1.0
large_1000_r20_g100\CyberShake\reports\CyberShake_1000_extended_pairwise_metrics.csv,CyberShake_1000,OVEA-style,energy_best,min,20,1148796328.4203467,8261677.926999516,1150076442.6688466,8462376.230193138,1207391271.2553082,7083426.953769212,1207405140.642308,7182757.131923914,4.853020245379201,58594942.83496107,54793298.325881876,62405148.46569752,9.5367431640625e-07,3.814697265625e-05,1.0
large_1000_r20_g100\CyberShake\reports\CyberShake_1000_extended_pairwise_metrics.csv,CyberShake_1000,OVEA-style,epsilon,min,20,0.2817003106601545,0.030850632477172964,0.2859998802630399,0.03272968824270983,0.5516315554505443,0.03966174600330998,0.5487769721193114,0.03219888894577927,48.933249398672245,0.2699312447903898,0.25040912950434685,0.2908771340809555,9.5367431640625e-07,3.814697265625e-05,1.0
large_1000_r20_g100\CyberShake\reports\CyberShake_1000_extended_pairwise_metrics.csv,CyberShake_1000,OVEA-style,hv,max,20,0.5071928137000108,0.029411316336338433,0.5108350938136235,0.04043441746563503,0.2212432398658699,0.02797673165368004,0.21778591837321765,0.039386837217806725,129.24669427526896,0.28594957383414077,0.2697132239648826,0.3032281591429219,9.5367431640625e-07,3.814697265625e-05,1.0
large_1000_r20_g100\CyberShake\reports\CyberShake_1000_extended_pairwise_metrics.csv,CyberShake_1000,OVEA-style,igd,min,20,0.1259739975479984,0.008276589828723441,0.12783344613757186,0.008687894611412297,0.3151541655402011,0.029873698330612704,0.31809923919104033,0.028396878003134396,60.027817708813004,0.18918016799220264,0.17463068757880867,0.20289536911259876,9.5367431640625e-07,3.814697265625e-05,1.0
large_1000_r20_g100\CyberShake\reports\CyberShake_1000_extended_pairwise_metrics.csv,CyberShake_1000,OVEA-style,latency_best,min,20,36380016.737768784,749462.7851261258,36600465.049838156,926365.508514747,37101568.24069398,1587736.232929926,36565546.10797568,1026580.2750507072,1.9448005492495009,721551.5029251967,-86109.34578135691,1613496.5724429865,0.1649913787841797,1.0,0.2571428571428571
large_1000_r20_g100\CyberShake\reports\CyberShake_1000_extended_pairwise_metrics.csv,CyberShake_1000,OVEA-style,makespan_best,min,20,107088.85687720252,2575.274362395487,106660.442805,3402.5841944531276,98739.79585838944,2577.044239516686,98629.73062846155,2475.1777438460995,-8.455619080666454,-8349.061018813105,-9997.74891050049,-6581.238382394387,0.9999990463256836,1.0,-0.9904761904761905
large_1000_r20_g100\CyberShake\reports\CyberShake_1000_extended_pairwise_metrics.csv,CyberShake_1000,OVEA-style,spacing,min,20,0.04488253293608223,0.008030191985831834,0.04587504425174381,0.011262736600138289,0.12109882044869114,0.06622363998624944,0.1018594032044142,0.0983822747456182,62.93726663085154,0.07621628751260894,0.04896199102214373,0.104825313143165,6.67572021484375e-06,0.00016689300537109375,0.9619047619047619
large_1000_r20_g100\CyberShake\reports\CyberShake_1000_extended_pairwise_metrics.csv,CyberShake_1000,OVEA-style,time,min,20,18.287948720008718,0.8849878361144766,18.088384150032653,1.5872403499961365,20.328174014997785,0.9460362651170268,20.28451989995665,1.856405425030971,10.03644150962021,2.0402252949890682,1.898718062875487,2.1794894419871707,9.5367431640625e-07,3.814697265625e-05,1.0
large_1000_r20_g100\CyberShake\reports\CyberShake_1000_extended_pairwise_metrics.csv,CyberShake_1000,QL-NSGA-III,cost_best,min,20,449708.2655665392,11108.200427624475,446505.21097384684,15702.080873846426,435687.8337201545,9753.170784622684,437129.9280569237,11190.317410385003,-3.2179993934350124,-14020.431846384652,-19441.3884944924,-8417.221591509473,0.9998950958251953,1.0,-0.8571428571428571
large_1000_r20_g100\CyberShake\reports\CyberShake_1000_extended_pairwise_metrics.csv,CyberShake_1000,QL-NSGA-III,coverage,max,20,0.20427353334557075,0.1693623639531009,0.1585806697108067,0.2547672377404193,0.17834884826367242,0.17865265293600804,0.09396396396396398,0.20540833040833037,14.535941966707322,0.025924685081898324,-0.11267046286107732,0.1625501818392018,0.3780832290649414,1.0,0.08571428571428572
large_1000_r20_g100\CyberShake\reports\CyberShake_1000_extended_pairwise_metrics.csv,CyberShake_1000,QL-NSGA-III,energy_best,min,20,1148796328.4203467,8261677.926999516,1150076442.6688466,8462376.230193138,1146392990.1883469,8467778.704727985,1145264686.9219244,12272501.117306948,-0.20964348635846222,-2403338.232000089,-6695803.776785026,2084961.2907314438,0.8441028594970703,1.0,-0.2571428571428571
large_1000_r20_g100\CyberShake\reports\CyberShake_1000_extended_pairwise_metrics.csv,CyberShake_1000,QL-NSGA-III,epsilon,min,20,0.2817003106601545,0.030850632477172964,0.2859998802630399,0.03272968824270983,0.2717534974428751,0.03275058323750241,0.26738959147264973,0.047465998272991916,-3.66023374524198,-0.009946813217279398,-0.02695254014317576,0.007759271246542928,0.869450569152832,1.0,-0.2857142857142857
large_1000_r20_g100\CyberShake\reports\CyberShake_1000_extended_pairwise_metrics.csv,CyberShake_1000,QL-NSGA-III,hv,max,20,0.5071928137000108,0.029411316336338433,0.5108350938136235,0.04043441746563503,0.5178275867419266,0.023062804638848626,0.5166744108500545,0.026458106082143718,-2.0537285602777224,-0.010634773041915912,-0.023529987293643514,0.002311872768723688,0.9285469055175781,1.0,-0.37142857142857144
large_1000_r20_g100\CyberShake\reports\CyberShake_1000_extended_pairwise_metrics.csv,CyberShake_1000,QL-NSGA-III,igd,min,20,0.1259739975479984,0.008276589828723441,0.12783344613757186,0.008687894611412297,0.12089136448884227,0.006863985894841779,0.11973798358759175,0.008595815066315918,-4.204297867466978,-0.005082633059156125,-0.009311593790137952,-0.0004183538573369675,0.9880247116088867,1.0,-0.5619047619047619
large_1000_r20_g100\CyberShake\reports\CyberShake_1000_extended_pairwise_metrics.csv,CyberShake_1000,QL-NSGA-III,latency_best,min,20,36380016.737768784,749462.7851261258,36600465.049838156,926365.508514747,36604735.60990971,626986.9579352749,36662498.114581406,861425.6280347407,0.6139065571616715,224718.8721409302,-135533.84589196183,632071.9588677221,0.2979097366333008,1.0,0.14285714285714285
large_1000_r20_g100\CyberShake\reports\CyberShake_1000_extended_pairwise_metrics.csv,CyberShake_1000,QL-NSGA-III,makespan_best,min,20,107088.85687720252,2575.274362395487,106660.442805,3402.5841944531276,109833.7430599626,2893.768094130831,110208.18484174577,3797.0428646559303,2.4991283245819416,2744.8861827600604,1244.7565620247185,4262.12525494313,0.0021104812622070312,0.0337677001953125,0.7047619047619048
large_1000_r20_g100\CyberShake\reports\CyberShake_1000_extended_pairwise_metrics.csv,CyberShake_1000,QL-NSGA-III,spacing,min,20,0.04488253293608223,0.008030191985831834,0.04587504425174381,0.011262736600138289,0.05274731625943617,0.01130170699042753,0.0510574439697629,0.00894062084767483,14.910300430587272,0.007864783323353945,0.0017057121492634899,0.014497045776452886,0.02422046661376953,0.3148660659790039,0.5047619047619047
large_1000_r20_g100\CyberShake\reports\CyberShake_1000_extended_pairwise_metrics.csv,CyberShake_1000,QL-NSGA-III,time,min,20,18.287948720008718,0.8849878361144766,18.088384150032653,1.5872403499961365,19.2829371999891,0.875958869772805,19.26897000000463,1.7099900749744847,5.159942542264486,0.994988479980384,0.8715496859668929,1.1020606714698078,9.5367431640625e-07,3.814697265625e-05,1.0
large_1000_r20_g100\CyberShake\reports\CyberShake_1000_extended_pairwise_metrics.csv,CyberShake_1000,QMOEA/D-AWA-style,cost_best,min,20,449708.2655665392,11108.200427624475,446505.21097384684,15702.080873846426,472418.2712179237,10424.139693402087,473386.8441369236,12725.649659230141,4.80718190531385,22710.005651384512,14927.263851568983,30288.463833053815,4.100799560546875e-05,0.0009431838989257812,0.9047619047619048
large_1000_r20_g100\CyberShake\reports\CyberShake_1000_extended_pairwise_metrics.csv,CyberShake_1000,QMOEA/D-AWA-style,coverage,max,20,0.10433397377476324,0.0741301593784153,0.08712121212121213,0.07302631578947369,0.0006666666666666668,0.0029814239699997194,0.0,0.0,15550.096066214484,0.10366730710809657,0.07377430201377569,0.13675808080808083,6.571022226946025e-05,0.0014456248899281255,1.0
large_1000_r20_g100\CyberShake\reports\CyberShake_1000_extended_pairwise_metrics.csv,CyberShake_1000,QMOEA/D-AWA-style,energy_best,min,20,1148796328.4203467,8261677.926999516,1150076442.6688466,8462376.230193138,1094510623.6360009,9032522.796965053,1094478890.1803856,14065105.846729994,-4.959815246379879,-54285704.784345865,-59637327.112545975,-48940220.94913221,1.0,1.0,-1.0
large_1000_r20_g100\CyberShake\reports\CyberShake_1000_extended_pairwise_metrics.csv,CyberShake_1000,QMOEA/D-AWA-style,epsilon,min,20,0.2817003106601545,0.030850632477172964,0.2859998802630399,0.03272968824270983,0.43564990618099986,0.05704489058362083,0.4115316722393148,0.05379880086202732,35.33791545381024,0.1539495955208454,0.12590599316372503,0.18414937055105376,9.5367431640625e-07,3.814697265625e-05,1.0
large_1000_r20_g100\CyberShake\reports\CyberShake_1000_extended_pairwise_metrics.csv,CyberShake_1000,QMOEA/D-AWA-style,hv,max,20,0.5071928137000108,0.029411316336338433,0.5108350938136235,0.04043441746563503,0.3020281816893883,0.03602622415569866,0.3032331700811425,0.03278021126346159,67.9289696951584,0.2051646320106225,0.18583606558425084,0.22505459808659337,9.5367431640625e-07,3.814697265625e-05,1.0
large_1000_r20_g100\CyberShake\reports\CyberShake_1000_extended_pairwise_metrics.csv,CyberShake_1000,QMOEA/D-AWA-style,igd,min,20,0.1259739975479984,0.008276589828723441,0.12783344613757186,0.008687894611412297,0.30721401094037987,0.03301812426850513,0.29390077475590526,0.03707107595065512,58.994709530859964,0.1812400133923815,0.1682332218799832,0.19620454769409318,9.5367431640625e-07,3.814697265625e-05,1.0
large_1000_r20_g100\CyberShake\reports\CyberShake_1000_extended_pairwise_metrics.csv,CyberShake_1000,QMOEA/D-AWA-style,latency_best,min,20,36380016.737768784,749462.7851261258,36600465.049838156,926365.508514747,42635344.15284655,1081832.5104760954,42999415.987785086,1717601.6559748724,14.671694434206017,6255327.415077767,5780008.318404874,6687196.527922811,9.5367431640625e-07,3.814697265625e-05,1.0
large_1000_r20_g100\CyberShake\reports\CyberShake_1000_extended_pairwise_metrics.csv,CyberShake_1000,QMOEA/D-AWA-style,makespan_best,min,20,107088.85687720252,2575.274362395487,106660.442805,3402.5841944531276,136147.04079126444,7209.217465564818,134651.15007160458,7507.730522884638,21.343235773014595,29058.183914061905,26113.40745428628,32210.448562238285,9.5367431640625e-07,3.814697265625e-05,1.0
large_1000_r20_g100\CyberShake\reports\CyberShake_1000_extended_pairwise_metrics.csv,CyberShake_1000,QMOEA/D-AWA-style,spacing,min,20,0.04488253293608223,0.008030191985831834,0.04587504425174381,0.011262736600138289,0.13000962693399554,0.07495200379324894,0.10977112748339357,0.11857756398009309,65.47753116861983,0.08512709399791334,0.05404002460150407,0.1184055143015019,1.811981201171875e-05,0.00043487548828125,0.9333333333333333
large_1000_r20_g100\CyberShake\reports\CyberShake_1000_extended_pairwise_metrics.csv,CyberShake_1000,QMOEA/D-AWA-style,time,min,20,18.287948720008718,0.8849878361144766,18.088384150032653,1.5872403499961365,34.66630596000759,1.5373458632657115,34.78753800000413,2.766396450009779,47.2457528612757,16.378357239998877,15.989043920623445,16.744136794491133,9.5367431640625e-07,3.814697265625e-05,1.0
large_1000_r20_g100\Inspiral\reports\Inspiral_1000_extended_pairwise_metrics.csv,Inspiral_1000,NSGA-III,cost_best,min,20,4396546.438054849,126403.25947819655,4403897.703793849,144296.40698538534,4371687.791485616,74015.65235353341,4366280.316326151,77882.59397845902,-0.5686281307107194,-24858.64656923383,-88627.43238617096,39319.97456288971,0.7954511642456055,1.0,-0.20952380952380953
large_1000_r20_g100\Inspiral\reports\Inspiral_1000_extended_pairwise_metrics.csv,Inspiral_1000,NSGA-III,coverage,max,20,0.30230595106494096,0.15366191090368095,0.3076095461658842,0.25833903523776947,0.12944077775827648,0.10923296594439909,0.0873134328358209,0.1830258261900168,133.54769362517328,0.17286517330666445,0.06690253755496496,0.2781351724918116,0.0036478042602539062,0.04742145538330078,0.6666666666666666
large_1000_r20_g100\Inspiral\reports\Inspiral_1000_extended_pairwise_metrics.csv,Inspiral_1000,NSGA-III,energy_best,min,20,11512879945.291653,75925685.01175267,11498893410.997307,83288105.8557682,11635296584.209883,67303087.53141603,11627934706.463459,70750439.13057327,1.0521144693841338,122416638.91823006,74131691.27933125,170268604.65937823,0.00019741058349609375,0.003948211669921875,0.8380952380952381
large_1000_r20_g100\Inspiral\reports\Inspiral_1000_extended_pairwise_metrics.csv,Inspiral_1000,NSGA-III,epsilon,min,20,0.2758631719491342,0.03493180775691498,0.2683804443520059,0.04278316392278775,0.33061604450176724,0.0307078489876616,0.3272570985990663,0.032280744915577364,16.560863715838327,0.054752872552633045,0.03328028376310154,0.07622445475436936,0.00019741058349609375,0.003948211669921875,0.8380952380952381
large_1000_r20_g100\Inspiral\reports\Inspiral_1000_extended_pairwise_metrics.csv,Inspiral_1000,NSGA-III,hv,max,20,0.47770092707519407,0.023985194834475063,0.4777842606219702,0.03495186498429892,0.4417417713332054,0.015893754501085457,0.4440565057408875,0.02414408638165666,8.140311393568597,0.03595915574198866,0.023382647144713827,0.047767574065792046,4.100799560546875e-05,0.00098419189453125,0.9047619047619048
large_1000_r20_g100\Inspiral\reports\Inspiral_1000_extended_pairwise_metrics.csv,Inspiral_1000,NSGA-III,igd,min,20,0.12030265507482543,0.017946557030663945,0.11788434959822958,0.02593541930068713,0.12712263894024872,0.014079501356406702,0.1262424330831323,0.01357610969026693,5.364885375475,0.006819983865423304,-0.0010784689278083145,0.014709614566796769,0.08842658996582031,0.9072637557983398,0.3523809523809524
large_1000_r20_g100\Inspiral\reports\Inspiral_1000_extended_pairwise_metrics.csv,Inspiral_1000,NSGA-III,latency_best,min,20,126132104.07735305,1811762.7326420958,126095837.80368853,1655586.0940160751,128390620.20116124,2895826.878955522,128909117.13747486,3631658.8775450885,1.7590974482945623,2258516.1238081837,1002828.6388367099,3577983.8588754847,0.0008449554443359375,0.014364242553710938,0.7619047619047619
large_1000_r20_g100\Inspiral\reports\Inspiral_1000_extended_pairwise_metrics.csv,Inspiral_1000,NSGA-III,makespan_best,min,20,1094148.8358179282,26531.937507830396,1095534.797435766,28275.857226209715,1129147.960311483,28394.96658006176,1133784.7608412362,29480.01416813326,3.099604810329725,34999.124493554875,21389.183180626456,49557.12958382704,4.100799560546875e-05,0.00098419189453125,0.9047619047619048
large_1000_r20_g100\Inspiral\reports\Inspiral_1000_extended_pairwise_metrics.csv,Inspiral_1000,NSGA-III,spacing,min,20,0.04952370076610235,0.008974751144464043,0.04906555931211937,0.011718009297759957,0.05900244653538406,0.009659426889875845,0.05889949397977525,0.009321004232012903,16.065004632642232,0.009478745769281708,0.004250393005267308,0.014635817024521222,0.001827239990234375,0.027408599853515625,0.7142857142857143
large_1000_r20_g100\Inspiral\reports\Inspiral_1000_extended_pairwise_metrics.csv,Inspiral_1000,NSGA-III,time,min,20,17.22452952499152,0.31208985120182153,17.14469169997028,0.15930272499099374,17.80387912499136,0.16372856766935637,17.76143300003605,0.13184957498742733,3.254063880868556,0.5793495999998413,0.4182421753691597,0.7189423344972601,1.33514404296875e-05,0.0003337860107421875,0.9428571428571428
large_1000_r20_g100\Inspiral\reports\Inspiral_1000_extended_pairwise_metrics.csv,Inspiral_1000,OVEA-style,cost_best,min,20,4396546.438054849,126403.25947819655,4403897.703793849,144296.40698538534,5194526.9904733095,132836.66911866138,5204479.868406157,199926.72230807785,15.36194833296555,797980.5524184605,725818.7517009673,870953.3000531185,9.5367431640625e-07,3.814697265625e-05,1.0
large_1000_r20_g100\Inspiral\reports\Inspiral_1000_extended_pairwise_metrics.csv,Inspiral_1000,OVEA-style,coverage,max,20,0.3899804231865411,0.19948474661046572,0.32666666666666666,0.12541103397880893,0.003512720156555773,0.011098981713443912,0.0,0.0,11001.949651717128,0.38646770302998534,0.30459314982892016,0.47860849008104983,4.4099351020972264e-05,0.00098419189453125,1.0
large_1000_r20_g100\Inspiral\reports\Inspiral_1000_extended_pairwise_metrics.csv,Inspiral_1000,OVEA-style,energy_best,min,20,11512879945.291653,75925685.01175267,11498893410.997307,83288105.8557682,12046697423.336573,61707054.765992485,12053388382.65269,52775960.76288986,4.431235045472476,533817478.04491997,490379910.0219845,579344770.8355236,9.5367431640625e-07,3.814697265625e-05,1.0
large_1000_r20_g100\Inspiral\reports\Inspiral_1000_extended_pairwise_metrics.csv,Inspiral_1000,OVEA-style,epsilon,min,20,0.2758631719491342,0.03493180775691498,0.2683804443520059,0.04278316392278775,0.5895503023215902,0.050659296632916975,0.5875562063636474,0.08697221467618044,53.207865238502535,0.3136871303724561,0.29111322936443645,0.3360237908596413,9.5367431640625e-07,3.814697265625e-05,1.0
large_1000_r20_g100\Inspiral\reports\Inspiral_1000_extended_pairwise_metrics.csv,Inspiral_1000,OVEA-style,hv,max,20,0.47770092707519407,0.023985194834475063,0.4777842606219702,0.03495186498429892,0.18930251277410665,0.02531375109863874,0.18339330173690685,0.02626894997554971,152.34790604456012,0.2883984143010875,0.27486299185451524,0.30060732800235085,9.5367431640625e-07,3.814697265625e-05,1.0
large_1000_r20_g100\Inspiral\reports\Inspiral_1000_extended_pairwise_metrics.csv,Inspiral_1000,OVEA-style,igd,min,20,0.12030265507482543,0.017946557030663945,0.11788434959822958,0.02593541930068713,0.28138386919193714,0.028553870272267322,0.2787810300170214,0.02522054806092372,57.24607262658515,0.16108121411711168,0.14759495309586204,0.17425116485915182,9.5367431640625e-07,3.814697265625e-05,1.0
large_1000_r20_g100\Inspiral\reports\Inspiral_1000_extended_pairwise_metrics.csv,Inspiral_1000,OVEA-style,latency_best,min,20,126132104.07735305,1811762.7326420958,126095837.80368853,1655586.0940160751,122471331.75623092,2089071.93972048,121997479.10794094,1764622.4590929449,-2.989085093325016,-3660772.321122104,-4600328.183184309,-2643401.8493815972,0.999995231628418,1.0,-0.9619047619047619
large_1000_r20_g100\Inspiral\reports\Inspiral_1000_extended_pairwise_metrics.csv,Inspiral_1000,OVEA-style,makespan_best,min,20,1094148.8358179282,26531.937507830396,1095534.797435766,28275.857226209715,1021819.2364095768,29610.535962768583,1017686.7742775478,42819.93880942499,-7.0785122095078075,-72329.59940835134,-84855.50069148655,-59681.265596985395,1.0,1.0,-1.0
large_1000_r20_g100\Inspiral\reports\Inspiral_1000_extended_pairwise_metrics.csv,Inspiral_1000,OVEA-style,spacing,min,20,0.04952370076610235,0.008974751144464043,0.04906555931211937,0.011718009297759957,0.09999597603947397,0.02368739469043514,0.09851606908808583,0.02347995590748518,50.4743063395345,0.0504722752733716,0.03949853810857868,0.0624337633069652,9.5367431640625e-07,3.814697265625e-05,1.0
large_1000_r20_g100\Inspiral\reports\Inspiral_1000_extended_pairwise_metrics.csv,Inspiral_1000,OVEA-style,time,min,20,17.22452952499152,0.31208985120182153,17.14469169997028,0.15930272499099374,19.606591439983458,1.9132393938957142,19.20529000001261,0.1499485250824364,12.149291335434418,2.3820619149919366,1.8331545006304077,3.3350797389803484,9.5367431640625e-07,3.814697265625e-05,1.0
large_1000_r20_g100\Inspiral\reports\Inspiral_1000_extended_pairwise_metrics.csv,Inspiral_1000,QL-NSGA-III,cost_best,min,20,4396546.438054849,126403.25947819655,4403897.703793849,144296.40698538534,4178309.0959773078,133192.1355174697,4188033.0749392337,110169.07388154324,-5.223101907124366,-218237.34207754247,-301100.8989545674,-134786.23652206527,0.9999475479125977,1.0,-0.8857142857142857
large_1000_r20_g100\Inspiral\reports\Inspiral_1000_extended_pairwise_metrics.csv,Inspiral_1000,QL-NSGA-III,coverage,max,20,0.22895078886000525,0.13509029316870233,0.2635135135135135,0.18042800405814102,0.14421929133270184,0.14212368408487586,0.08225352112676057,0.20810066210301875,58.751847096401924,0.08473149752730336,-0.03092223295667282,0.19292427901553097,0.08247852325439453,0.9072637557983398,0.3619047619047619
large_1000_r20_g100\Inspiral\reports\Inspiral_1000_extended_pairwise_metrics.csv,Inspiral_1000,QL-NSGA-III,energy_best,min,20,11512879945.291653,75925685.01175267,11498893410.997307,83288105.8557682,11457885970.46346,90491992.09870596,11448751713.674232,131000595.51231194,-0.47996615579834845,-54993974.8281908,-105182135.11618355,-1537803.3281141508,0.9757795333862305,1.0,-0.49523809523809526
large_1000_r20_g100\Inspiral\reports\Inspiral_1000_extended_pairwise_metrics.csv,Inspiral_1000,QL-NSGA-III,epsilon,min,20,0.2758631719491342,0.03493180775691498,0.2683804443520059,0.04278316392278775,0.25357991198685925,0.03847362460833043,0.25265425757838317,0.05977060862784361,-8.787470500987343,-0.022283259962274895,-0.04451737721996899,0.00113035797318708,0.9652099609375,1.0,-0.45714285714285713
large_1000_r20_g100\Inspiral\reports\Inspiral_1000_extended_pairwise_metrics.csv,Inspiral_1000,QL-NSGA-III,hv,max,20,0.47770092707519407,0.023985194834475063,0.4777842606219702,0.03495186498429892,0.49058124001741443,0.02578092774812466,0.4924678022652329,0.03949781015143716,-2.6255208906404865,-0.012880312942220428,-0.028341045914833978,0.002551585806158653,0.9384536743164062,1.0,-0.3904761904761905
large_1000_r20_g100\Inspiral\reports\Inspiral_1000_extended_pairwise_metrics.csv,Inspiral_1000,QL-NSGA-III,igd,min,20,0.12030265507482543,0.017946557030663945,0.11788434959822958,0.02593541930068713,0.11606295367690096,0.014612477698947584,0.11492601684151345,0.014218213774511934,-3.652932536705088,-0.0042397013979244644,-0.011750673694467265,0.003223063561986466,0.8772563934326172,1.0,-0.29523809523809524
large_1000_r20_g100\Inspiral\reports\Inspiral_1000_extended_pairwise_metrics.csv,Inspiral_1000,QL-NSGA-III,latency_best,min,20,126132104.07735305,1811762.7326420958,126095837.80368853,1655586.0940160751,127561001.02779019,2134218.4977574497,127473458.0496365,1892416.3301327378,1.120167558206796,1428896.9504371346,300201.9492549575,2630876.363317294,0.01811695098876953,0.21740341186523438,0.5333333333333333
large_1000_r20_g100\Inspiral\reports\Inspiral_1000_extended_pairwise_metrics.csv,Inspiral_1000,QL-NSGA-III,makespan_best,min,20,1094148.8358179282,26531.937507830396,1095534.797435766,28275.857226209715,1129909.5490663233,44452.14913084138,1131022.7865357911,55179.10502479575,3.164918225352218,35760.71324839533,16487.559323998637,55000.949860553024,0.0011625289916992188,0.0186004638671875,0.7428571428571429
large_1000_r20_g100\Inspiral\reports\Inspiral_1000_extended_pairwise_metrics.csv,Inspiral_1000,QL-NSGA-III,spacing,min,20,0.04952370076610235,0.008974751144464043,0.04906555931211937,0.011718009297759957,0.0590476850170721,0.009353793830125131,0.059206561093243196,0.011989664420320345,16.129310146902693,0.009523984250969758,0.004270417930019096,0.014912520671957792,0.0027904510498046875,0.039066314697265625,0.6857142857142857
large_1000_r20_g100\Inspiral\reports\Inspiral_1000_extended_pairwise_metrics.csv,Inspiral_1000,QL-NSGA-III,time,min,20,17.22452952499152,0.31208985120182153,17.14469169997028,0.15930272499099374,18.13341056999052,0.21233507623974812,18.09681940000155,0.1914365250559058,5.0121902964196465,0.9088810449989978,0.7470755363869103,1.0606029192478308,1.9073486328125e-06,5.14984130859375e-05,0.9904761904761905
large_1000_r20_g100\Inspiral\reports\Inspiral_1000_extended_pairwise_metrics.csv,Inspiral_1000,QMOEA/D-AWA-style,cost_best,min,20,4396546.438054849,126403.25947819655,4403897.703793849,144296.40698538534,4619154.063662387,138298.6717180494,4612814.513858464,182556.405881159,4.819229290461015,222607.62560753833,131856.81661132787,315206.1386822134,0.0005083084106445312,0.009149551391601562,0.7904761904761904
large_1000_r20_g100\Inspiral\reports\Inspiral_1000_extended_pairwise_metrics.csv,Inspiral_1000,QMOEA/D-AWA-style,coverage,max,20,0.09956461430726135,0.07338149151746352,0.07142857142857142,0.025721153846153838,0.0006944444444444444,0.0031056499687497074,0.0,0.0,14237.304460245636,0.09887016986281691,0.0705954681552108,0.1334054116839043,6.427673380860603e-05,0.0013498114099807267,1.0
large_1000_r20_g100\Inspiral\reports\Inspiral_1000_extended_pairwise_metrics.csv,Inspiral_1000,QMOEA/D-AWA-style,energy_best,min,20,11512879945.291653,75925685.01175267,11498893410.997307,83288105.8557682,10990045612.896847,55693611.6976428,10979224017.101921,54683505.60345268,-4.757344517126103,-522834332.3948059,-565670549.8071054,-478464113.8807608,1.0,1.0,-1.0
large_1000_r20_g100\Inspiral\reports\Inspiral_1000_extended_pairwise_metrics.csv,Inspiral_1000,QMOEA/D-AWA-style,epsilon,min,20,0.2758631719491342,0.03493180775691498,0.2683804443520059,0.04278316392278775,0.44527788550777386,0.0749322784765533,0.43982693519692617,0.08472835167003662,38.04696327226023,0.16941471355863966,0.13480994616178932,0.20306966701297025,9.5367431640625e-07,3.814697265625e-05,1.0
large_1000_r20_g100\Inspiral\reports\Inspiral_1000_extended_pairwise_metrics.csv,Inspiral_1000,QMOEA/D-AWA-style,hv,max,20,0.47770092707519407,0.023985194834475063,0.4777842606219702,0.03495186498429892,0.2791594737847361,0.05395907015402022,0.2805123202111913,0.07577055557777423,71.12115902738667,0.19854145329045803,0.16909221421397103,0.22504815179053883,9.5367431640625e-07,3.814697265625e-05,1.0
large_1000_r20_g100\Inspiral\reports\Inspiral_1000_extended_pairwise_metrics.csv,Inspiral_1000,QMOEA/D-AWA-style,igd,min,20,0.12030265507482543,0.017946557030663945,0.11788434959822958,0.02593541930068713,0.3720775803452209,0.05721393556930899,0.36752676718108035,0.04925137624438203,67.66731955115213,0.25177492527039547,0.22564609237026872,0.2775596080051741,9.5367431640625e-07,3.814697265625e-05,1.0
large_1000_r20_g100\Inspiral\reports\Inspiral_1000_extended_pairwise_metrics.csv,Inspiral_1000,QMOEA/D-AWA-style,latency_best,min,20,126132104.07735305,1811762.7326420958,126095837.80368853,1655586.0940160751,147600285.58123118,5735586.335938852,147880663.93983048,9218672.514545947,14.544810275494493,21468181.50387811,18794906.86766421,24070930.67841187,9.5367431640625e-07,3.814697265625e-05,1.0
large_1000_r20_g100\Inspiral\reports\Inspiral_1000_extended_pairwise_metrics.csv,Inspiral_1000,QMOEA/D-AWA-style,makespan_best,min,20,1094148.8358179282,26531.937507830396,1095534.797435766,28275.857226209715,1401231.2111463894,75668.98049878633,1400309.871288287,95656.65740487166,21.9151823685991,307082.3753284613,274830.39977138024,339145.6868509149,9.5367431640625e-07,3.814697265625e-05,1.0
large_1000_r20_g100\Inspiral\reports\Inspiral_1000_extended_pairwise_metrics.csv,Inspiral_1000,QMOEA/D-AWA-style,spacing,min,20,0.04952370076610235,0.008974751144464043,0.04906555931211937,0.011718009297759957,0.19108577073345695,0.11499773873039973,0.19268022538592722,0.18008602533678725,74.08299918093728,0.14156206996735463,0.09327031536511379,0.1902080629531139,6.67572021484375e-06,0.0001735687255859375,0.9619047619047619
large_1000_r20_g100\Inspiral\reports\Inspiral_1000_extended_pairwise_metrics.csv,Inspiral_1000,QMOEA/D-AWA-style,time,min,20,17.22452952499152,0.31208985120182153,17.14469169997028,0.15930272499099374,31.017938289992163,0.6860974752943465,30.93719944995246,0.8982725499517983,44.46913471825121,13.79340876500064,13.445751563123995,14.128560021627127,9.5367431640625e-07,3.814697265625e-05,1.0
large_1000_r20_g100\Montage\reports\Montage_1000_extended_pairwise_metrics.csv,Montage_1000,NSGA-III,cost_best,min,20,241885.73727084597,2676.9744429114407,242531.75364538445,3547.1791026926658,237636.81037953836,4611.258101526687,236903.42295000007,6552.04118153837,-1.7879918875032423,-4248.926891307698,-6470.528643651927,-1980.9712212923034,0.9990072250366211,1.0,-0.7428571428571429
large_1000_r20_g100\Montage\reports\Montage_1000_extended_pairwise_metrics.csv,Montage_1000,NSGA-III,coverage,max,20,0.5456244223242892,0.21989041157827652,0.5812820512820513,0.29442326910264954,0.018093102131076816,0.027572903036427204,0.0,0.02531645569620253,2915.6488277768663,0.5275313201932124,0.42161686692207606,0.6267286402358438,9.5367431640625e-07,3.814697265625e-05,1.0
large_1000_r20_g100\Montage\reports\Montage_1000_extended_pairwise_metrics.csv,Montage_1000,NSGA-III,energy_best,min,20,595380584.4027693,3382954.5100500803,594987716.3653848,4502113.164807558,598595871.4921159,2610443.6076166267,598645228.4123082,3734406.07557714,0.537138199989887,3215287.0893463967,1488516.3813001807,4957783.520403091,0.0013561248779296875,0.023054122924804688,0.7333333333333333
large_1000_r20_g100\Montage\reports\Montage_1000_extended_pairwise_metrics.csv,Montage_1000,NSGA-III,epsilon,min,20,0.34357951471681625,0.03333863664198292,0.33851234142933573,0.0461479697522133,0.37549698120944025,0.026757806442055346,0.37600290400096426,0.0382787487363353,8.500059411881518,0.031917466492624065,0.014963800176890998,0.04888595397212994,0.0013561248779296875,0.023054122924804688,0.7333333333333333
large_1000_r20_g100\Montage\reports\Montage_1000_extended_pairwise_metrics.csv,Montage_1000,NSGA-III,hv,max,20,0.4008232211069534,0.02610106617667284,0.40600867462023615,0.030826921010241037,0.3391953390592505,0.021024477317247808,0.3392250583043421,0.02489030592753122,18.168846959579767,0.061627882047702934,0.04688932165718401,0.07695646646607177,1.9073486328125e-06,4.76837158203125e-05,0.9904761904761905
large_1000_r20_g100\Montage\reports\Montage_1000_extended_pairwise_metrics.csv,Montage_1000,NSGA-III,igd,min,20,0.19238245040396035,0.01682898456887835,0.192641281822982,0.010219676210730638,0.21793269150391087,0.020228921918796466,0.21876798977954365,0.027732278449764336,11.723913894530144,0.02555024109995051,0.013546865094173827,0.03765699605575506,0.00024127960205078125,0.0043430328369140625,0.8285714285714286
large_1000_r20_g100\Montage\reports\Montage_1000_extended_pairwise_metrics.csv,Montage_1000,NSGA-III,latency_best,min,20,9864375.523367483,272655.7983410585,9884854.823921945,274806.4643218685,10513357.976359893,292589.0424713231,10497411.175798807,383138.4788788222,6.172932135020012,648982.4529924088,470104.7249271815,824358.4403280728,4.76837158203125e-06,0.0001049041748046875,0.9714285714285714
large_1000_r20_g100\Montage\reports\Montage_1000_extended_pairwise_metrics.csv,Montage_1000,NSGA-III,makespan_best,min,20,70272.86205394336,1403.4895288839666,70354.21398940653,1918.3859488649905,71758.18023600044,2042.647066228056,71766.25813826022,1690.2539737868065,2.0698938813276992,1485.3181820570906,655.977280762786,2306.124842488237,0.001827239990234375,0.027408599853515625,0.7142857142857143
large_1000_r20_g100\Montage\reports\Montage_1000_extended_pairwise_metrics.csv,Montage_1000,NSGA-III,spacing,min,20,0.042277666010806875,0.008208540210392518,0.0410968878184833,0.008585335218062769,0.042862683279362004,0.007112115573473758,0.04268083421635876,0.007439409852992594,1.3648638484488214,0.000585017268555126,-0.004329188734312724,0.0054395421807756856,0.36425304412841797,1.0,0.09523809523809523
large_1000_r20_g100\Montage\reports\Montage_1000_extended_pairwise_metrics.csv,Montage_1000,NSGA-III,time,min,20,17.765540014993167,0.20885516440245247,17.738056149974,0.12259999998786952,18.421768555007294,0.16723381053308398,18.35830759999226,0.15963399993779603,3.5622450583646827,0.6562285400141263,0.5321554667580495,0.7607808293899869,1.9073486328125e-06,4.76837158203125e-05,0.9904761904761905
large_1000_r20_g100\Montage\reports\Montage_1000_extended_pairwise_metrics.csv,Montage_1000,OVEA-style,cost_best,min,20,241885.73727084597,2676.9744429114407,242531.75364538445,3547.1791026926658,269481.5272272307,6491.078910083244,269802.4102123076,6018.985171153618,10.240327134971139,27595.78995638462,24237.65442466541,30559.337564290392,9.5367431640625e-07,3.814697265625e-05,1.0
large_1000_r20_g100\Montage\reports\Montage_1000_extended_pairwise_metrics.csv,Montage_1000,OVEA-style,coverage,max,20,0.3686499596888281,0.17964917586065718,0.33150470219435735,0.21187290969899664,0.0012822620417557128,0.0039470796646630816,0.0,0.0,28649.970574194118,0.3673676976470724,0.2934646906619459,0.4493057733971353,4.4224575106059504e-05,0.0008745059215649785,1.0
large_1000_r20_g100\Montage\reports\Montage_1000_extended_pairwise_metrics.csv,Montage_1000,OVEA-style,energy_best,min,20,595380584.4027693,3382954.5100500803,594987716.3653848,4502113.164807558,612565567.2298851,3115136.8896216904,611886535.090385,4786380.22096169,2.80541116681254,17184982.827115707,15283892.23338194,18985986.451272413,9.5367431640625e-07,3.814697265625e-05,1.0
large_1000_r20_g100\Montage\reports\Montage_1000_extended_pairwise_metrics.csv,Montage_1000,OVEA-style,epsilon,min,20,0.34357951471681625,0.03333863664198292,0.33851234142933573,0.0461479697522133,0.5537802033493969,0.04143560480488519,0.5508983855223281,0.05666518790212349,37.957421981001836,0.21020068863258062,0.1930956574874558,0.22753013047791715,9.5367431640625e-07,3.814697265625e-05,1.0
large_1000_r20_g100\Montage\reports\Montage_1000_extended_pairwise_metrics.csv,Montage_1000,OVEA-style,hv,max,20,0.4008232211069534,0.02610106617667284,0.40600867462023615,0.030826921010241037,0.17749561489418209,0.027397254075530595,0.17282600962132577,0.03882075550212044,125.82147809449434,0.2233276062127713,0.20878202291053122,0.23807755024128002,9.5367431640625e-07,3.814697265625e-05,1.0
large_1000_r20_g100\Montage\reports\Montage_1000_extended_pairwise_metrics.csv,Montage_1000,OVEA-style,igd,min,20,0.19238245040396035,0.01682898456887835,0.192641281822982,0.010219676210730638,0.29373957619511215,0.02805574849507367,0.2977150754167166,0.036194112983173155,34.50577790846502,0.10135712579115183,0.0896765604040455,0.1140814272894815,9.5367431640625e-07,3.814697265625e-05,1.0
large_1000_r20_g100\Montage\reports\Montage_1000_extended_pairwise_metrics.csv,Montage_1000,OVEA-style,latency_best,min,20,9864375.523367483,272655.7983410585,9884854.823921945,274806.4643218685,10332246.081389453,586954.2153093683,10513106.56790413,752951.2313382775,4.528256047489068,467870.55802196934,160856.32720865565,754912.3132600853,0.004154205322265625,0.05815887451171875,0.6571428571428571
large_1000_r20_g100\Montage\reports\Montage_1000_extended_pairwise_metrics.csv,Montage_1000,OVEA-style,makespan_best,min,20,70272.86205394336,1403.4895288839666,70354.21398940653,1918.3859488649905,64093.657376432835,1003.16282290801,64212.67375397238,1040.2573759277511,-9.640898850909721,-6179.204677510525,-6814.160433626195,-5549.485904552748,1.0,1.0,-1.0
large_1000_r20_g100\Montage\reports\Montage_1000_extended_pairwise_metrics.csv,Montage_1000,OVEA-style,spacing,min,20,0.042277666010806875,0.008208540210392518,0.0410968878184833,0.008585335218062769,0.07124892767974464,0.020831630794190502,0.0702913603721401,0.027173479989455303,40.662031854233796,0.028971261668937747,0.02098138003676218,0.03741639390776364,2.86102294921875e-06,6.580352783203125e-05,0.9809523809523809
large_1000_r20_g100\Montage\reports\Montage_1000_extended_pairwise_metrics.csv,Montage_1000,OVEA-style,time,min,20,17.765540014993167,0.20885516440245247,17.738056149974,0.12259999998786952,19.76028029000445,0.1669983575391603,19.810065400000894,0.17694932504673488,10.094696258029812,1.9947402750112815,1.874355246750565,2.098776198520063,9.5367431640625e-07,3.814697265625e-05,1.0
large_1000_r20_g100\Montage\reports\Montage_1000_extended_pairwise_metrics.csv,Montage_1000,QL-NSGA-III,cost_best,min,20,241885.73727084597,2676.9744429114407,242531.75364538445,3547.1791026926658,233550.455241923,5650.741770592794,233577.38740307698,6553.903698076756,-3.568942745279127,-8335.28202892306,-11347.498517973083,-5333.695314057634,0.9999685287475586,1.0,-0.9047619047619048
large_1000_r20_g100\Montage\reports\Montage_1000_extended_pairwise_metrics.csv,Montage_1000,QL-NSGA-III,coverage,max,20,0.2692678017907032,0.22993272532462725,0.1330128205128205,0.3857655502392344,0.1305546382646649,0.17108843177178032,0.04693693693693694,0.17024094326725905,106.24912708565294,0.1387131635260383,-0.02498749206167799,0.2948472749923886,0.04484748840332031,0.5381698608398438,0.4380952380952381
large_1000_r20_g100\Montage\reports\Montage_1000_extended_pairwise_metrics.csv,Montage_1000,QL-NSGA-III,energy_best,min,20,595380584.4027693,3382954.5100500803,594987716.3653848,4502113.164807558,593135576.994808,3432256.4881225983,592647258.001154,6215188.874422908,-0.3784981874356561,-2245007.4079614105,-4593083.530413379,42194.533595245666,0.9430065155029297,1.0,-0.4
large_1000_r20_g100\Montage\reports\Montage_1000_extended_pairwise_metrics.csv,Montage_1000,QL-NSGA-III,epsilon,min,20,0.34357951471681625,0.03333863664198292,0.33851234142933573,0.0461479697522133,0.32925832438950403,0.0330871247940406,0.33488994600593486,0.057320637626415316,-4.349530221860275,-0.014321190327312203,-0.03774774532858459,0.007763530147193511,0.805811882019043,1.0,-0.21904761904761905
large_1000_r20_g100\Montage\reports\Montage_1000_extended_pairwise_metrics.csv,Montage_1000,QL-NSGA-III,hv,max,20,0.4008232211069534,0.02610106617667284,0.40600867462023615,0.030826921010241037,0.40175919038013735,0.023721711119838087,0.405821305989586,0.03420652253417844,-0.2329677318142639,-0.0009359692731840008,-0.01895941722200937,0.018011514999263123,0.4927177429199219,1.0,0.009523809523809525
large_1000_r20_g100\Montage\reports\Montage_1000_extended_pairwise_metrics.csv,Montage_1000,QL-NSGA-III,igd,min,20,0.19238245040396035,0.01682898456887835,0.192641281822982,0.010219676210730638,0.19281914847134723,0.019681664728311142,0.1961953754397606,0.023132451346651928,0.22648065342523796,0.00043669806738688975,-0.009326577114309528,0.009149856006103019,0.21521663665771484,1.0,0.20952380952380953
large_1000_r20_g100\Montage\reports\Montage_1000_extended_pairwise_metrics.csv,Montage_1000,QL-NSGA-III,latency_best,min,20,9864375.523367483,272655.7983410585,9884854.823921945,274806.4643218685,10078413.115660619,310072.11657910945,10077179.493334994,408115.69271191023,2.1237231480474605,214037.5922931387,28790.591987716045,401263.644376138,0.031861305236816406,0.4141969680786133,0.47619047619047616
large_1000_r20_g100\Montage\reports\Montage_1000_extended_pairwise_metrics.csv,Montage_1000,QL-NSGA-III,makespan_best,min,20,70272.86205394336,1403.4895288839666,70354.21398940653,1918.3859488649905,72926.87574318645,1702.225958356939,73479.61405612985,1938.6170997791778,3.6392806660047454,2654.01368924309,1857.7422808866436,3446.543221491505,6.67572021484375e-06,0.00014019012451171875,0.9619047619047619
large_1000_r20_g100\Montage\reports\Montage_1000_extended_pairwise_metrics.csv,Montage_1000,QL-NSGA-III,spacing,min,20,0.042277666010806875,0.008208540210392518,0.0410968878184833,0.008585335218062769,0.04491297934021317,0.008531839604580703,0.044404179095654174,0.010319295970516021,5.86759856086133,0.0026353133294063024,-0.002345145347077699,0.007870988418532763,0.32382774353027344,1.0,0.12380952380952381
large_1000_r20_g100\Montage\reports\Montage_1000_extended_pairwise_metrics.csv,Montage_1000,QL-NSGA-III,time,min,20,17.765540014993167,0.20885516440245247,17.738056149974,0.12259999998786952,18.661534040002152,0.08810568001619257,18.64820269998745,0.10746437497437,4.8012881636009475,0.8959940250089857,0.7954419988892187,0.9789410112637414,9.5367431640625e-07,3.814697265625e-05,1.0
large_1000_r20_g100\Montage\reports\Montage_1000_extended_pairwise_metrics.csv,Montage_1000,QMOEA/D-AWA-style,cost_best,min,20,241885.73727084597,2676.9744429114407,242531.75364538445,3547.1791026926658,243790.9313259998,5419.748624319068,244069.71003538446,9471.764973461512,0.7814868439901762,1905.1940551538107,-711.5319218654581,4485.604008619181,0.10122489929199219,1.0,0.3333333333333333
large_1000_r20_g100\Montage\reports\Montage_1000_extended_pairwise_metrics.csv,Montage_1000,QMOEA/D-AWA-style,coverage,max,20,0.05474032318212331,0.01668652268513127,0.05,0.02093297101449275,0.0,0.0,0.0,0.0,nan,0.05474032318212331,0.04802214466713694,0.06212775986414583,4.3725296078248926e-05,0.0008745059215649785,1.0
large_1000_r20_g100\Montage\reports\Montage_1000_extended_pairwise_metrics.csv,Montage_1000,QMOEA/D-AWA-style,energy_best,min,20,595380584.4027693,3382954.5100500803,594987716.3653848,4502113.164807558,569488784.036885,3438572.7408174905,569169418.0788467,3669573.409615159,-4.546498735646272,-25891800.365884393,-28053939.15424011,-23622359.469654657,1.0,1.0,-1.0
large_1000_r20_g100\Montage\reports\Montage_1000_extended_pairwise_metrics.csv,Montage_1000,QMOEA/D-AWA-style,epsilon,min,20,0.34357951471681625,0.03333863664198292,0.33851234142933573,0.0461479697522133,0.5257362296980657,0.050714812138173755,0.5234275879762978,0.0700896572255224,34.64792888362733,0.18215671498124936,0.1547580800101079,0.20894641044289328,9.5367431640625e-07,3.814697265625e-05,1.0
large_1000_r20_g100\Montage\reports\Montage_1000_extended_pairwise_metrics.csv,Montage_1000,QMOEA/D-AWA-style,hv,max,20,0.4008232211069534,0.02610106617667284,0.40600867462023615,0.030826921010241037,0.21481093029737625,0.02681683200774744,0.21761805194565456,0.04071401104010949,86.5934943590015,0.18601229080957718,0.1689749047165223,0.20402663891649075,9.5367431640625e-07,3.814697265625e-05,1.0
large_1000_r20_g100\Montage\reports\Montage_1000_extended_pairwise_metrics.csv,Montage_1000,QMOEA/D-AWA-style,igd,min,20,0.19238245040396035,0.01682898456887835,0.192641281822982,0.010219676210730638,0.39276710410796734,0.024936760421177644,0.39270710912843765,0.0301152872523065,51.018695712592944,0.2003846537040069,0.1869065342945742,0.21275897662228793,9.5367431640625e-07,3.814697265625e-05,1.0
large_1000_r20_g100\Montage\reports\Montage_1000_extended_pairwise_metrics.csv,Montage_1000,QMOEA/D-AWA-style,latency_best,min,20,9864375.523367483,272655.7983410585,9884854.823921945,274806.4643218685,12258468.257180508,269492.3876369612,12397842.00629151,324127.90199751966,19.530113253837104,2394092.733813023,2221739.561265463,2561326.5872102566,9.5367431640625e-07,3.814697265625e-05,1.0
large_1000_r20_g100\Montage\reports\Montage_1000_extended_pairwise_metrics.csv,Montage_1000,QMOEA/D-AWA-style,makespan_best,min,20,70272.86205394336,1403.4895288839666,70354.21398940653,1918.3859488649905,84065.97064547587,2616.6487386234276,84313.71078569867,3341.7233924127795,16.407481511991325,13793.108591532495,12488.759100019588,14973.990297431968,9.5367431640625e-07,3.814697265625e-05,1.0
large_1000_r20_g100\Montage\reports\Montage_1000_extended_pairwise_metrics.csv,Montage_1000,QMOEA/D-AWA-style,spacing,min,20,0.042277666010806875,0.008208540210392518,0.0410968878184833,0.008585335218062769,0.1631064149707858,0.06121841853017666,0.15572527306209022,0.0882290740711526,74.07970372080136,0.1208287489599789,0.09453364409624815,0.14807147234082513,9.5367431640625e-07,3.814697265625e-05,1.0
large_1000_r20_g100\Montage\reports\Montage_1000_extended_pairwise_metrics.csv,Montage_1000,QMOEA/D-AWA-style,time,min,20,17.765540014993167,0.20885516440245247,17.738056149974,0.12259999998786952,34.66942353499762,0.6554221906518327,34.732021100004204,0.815756150012021,48.7573250329373,16.903883520004456,16.61113941288757,17.204494546767748,9.5367431640625e-07,3.814697265625e-05,1.0
large_1000_r20_g100\Sipht\reports\Sipht_1000_extended_pairwise_metrics.csv,Sipht_1000,NSGA-III,cost_best,min,20,2504226.229537152,162161.87899346856,2452943.740428458,251308.95522153843,2393222.264050998,155822.45860990547,2397716.949783845,172896.59549076855,-4.638263948717344,-111003.96548615435,-217281.3104339066,-8049.191265967455,0.9620742797851562,1.0,-0.44761904761904764
large_1000_r20_g100\Sipht\reports\Sipht_1000_extended_pairwise_metrics.csv,Sipht_1000,NSGA-III,coverage,max,20,0.4789388036183567,0.1977318394511044,0.4762787249814677,0.20049971059232102,0.08623854369890983,0.08125744195085059,0.0684931506849315,0.12721767820452032,455.36513382056467,0.3927002599194468,0.27877100734953253,0.504345361296326,9.5367431640625e-06,0.0002002716064453125,0.9523809523809523
large_1000_r20_g100\Sipht\reports\Sipht_1000_extended_pairwise_metrics.csv,Sipht_1000,NSGA-III,energy_best,min,20,8010437454.37791,83004820.41475391,7990585552.859213,47230179.33115864,8092021384.930872,63846398.10673228,8086014693.771143,96720304.493083,1.0082021125758462,81583930.55296282,46967959.08921086,114803448.01393738,0.00016117095947265625,0.003223419189453125,0.8476190476190476
large_1000_r20_g100\Sipht\reports\Sipht_1000_extended_pairwise_metrics.csv,Sipht_1000,NSGA-III,epsilon,min,20,0.2624424515935818,0.040760275310972136,0.2470812915518338,0.06290336249392442,0.2757468184364582,0.02365639352379704,0.27340185735080547,0.035638873672821036,4.824848721125748,0.013304366842876331,-0.006145330100789701,0.031755785507184206,0.10808372497558594,1.0,0.3238095238095238
large_1000_r20_g100\Sipht\reports\Sipht_1000_extended_pairwise_metrics.csv,Sipht_1000,NSGA-III,hv,max,20,0.5282434659467652,0.03333696195861141,0.5334210673211239,0.033226215505890666,0.4804812738935258,0.022517141891415342,0.48382480772538816,0.03616177350422156,9.940489806440084,0.04776219205323935,0.032828349007974406,0.06432502227947733,4.76837158203125e-06,0.00010967254638671875,0.9714285714285714
large_1000_r20_g100\Sipht\reports\Sipht_1000_extended_pairwise_metrics.csv,Sipht_1000,NSGA-III,igd,min,20,0.2128774887718155,0.016044261075358043,0.21362921729627715,0.017138066344041636,0.2186765243092073,0.014790282562646594,0.21661464792529345,0.025831322908135307,2.6518784106848177,0.005799035537391734,-0.0019767160243459835,0.014032992751834457,0.13054943084716797,1.0,0.29523809523809524
large_1000_r20_g100\Sipht\reports\Sipht_1000_extended_pairwise_metrics.csv,Sipht_1000,NSGA-III,latency_best,min,20,180451675.72388187,3739195.5194482277,180811857.1958778,6121103.93417567,185056082.71969214,4666060.306767876,184677750.59988838,7331591.766758561,2.488114374918792,4604406.995810253,2148843.6840531984,7000615.478481484,0.0008449554443359375,0.012674331665039062,0.7619047619047619
large_1000_r20_g100\Sipht\reports\Sipht_1000_extended_pairwise_metrics.csv,Sipht_1000,NSGA-III,makespan_best,min,20,906561.5607050953,37966.22845135803,904580.9224940191,53219.185940052615,941882.903953699,35123.06465643875,939562.4784126037,44164.97239703336,3.750077966203331,35321.343248603574,15188.115563137782,55148.19493068312,0.001827239990234375,0.02558135986328125,0.7142857142857143
large_1000_r20_g100\Sipht\reports\Sipht_1000_extended_pairwise_metrics.csv,Sipht_1000,NSGA-III,spacing,min,20,0.0452259217851108,0.008308075696250512,0.04532989454880851,0.0102472464363626,0.05716463142664532,0.010522315242281163,0.05421188957899577,0.012551971584605665,20.884783726550367,0.011938709641534522,0.006712930378833312,0.017486613874031436,0.00016117095947265625,0.003223419189453125,0.8476190476190476
large_1000_r20_g100\Sipht\reports\Sipht_1000_extended_pairwise_metrics.csv,Sipht_1000,NSGA-III,time,min,20,17.193754204997095,0.5683634671808953,16.99407364995568,0.2057422750076512,17.814940605004086,0.5211460717613722,17.579376549983863,0.338490774971433,3.4868844852196936,0.6211864000069909,0.5028834181388084,0.7760683683714887,9.5367431640625e-07,3.814697265625e-05,1.0
large_1000_r20_g100\Sipht\reports\Sipht_1000_extended_pairwise_metrics.csv,Sipht_1000,OVEA-style,cost_best,min,20,2504226.229537152,162161.87899346856,2452943.740428458,251308.95522153843,3624846.6688022288,167644.8981997277,3625765.406843845,151607.4764703801,30.91497493976393,1120620.4392650758,1023851.9340358191,1212764.4634174623,9.5367431640625e-07,3.814697265625e-05,1.0
large_1000_r20_g100\Sipht\reports\Sipht_1000_extended_pairwise_metrics.csv,Sipht_1000,OVEA-style,coverage,max,20,0.3791784462352499,0.18299392802984324,0.32071428571428573,0.18306802846276532,0.02059496729745346,0.02689676005420675,0.007246376811594203,0.033711472602739725,1741.121866127628,0.3585834789377964,0.28509861894347827,0.43942869314260546,9.5367431640625e-07,3.814697265625e-05,1.0
large_1000_r20_g100\Sipht\reports\Sipht_1000_extended_pairwise_metrics.csv,Sipht_1000,OVEA-style,energy_best,min,20,8010437454.37791,83004820.41475391,7990585552.859213,47230179.33115864,8439388063.746717,118481920.02935852,8457615934.654989,163629200.44326591,5.082721710729967,428950609.3688084,360438435.88573414,492476734.12265885,9.5367431640625e-07,3.814697265625e-05,1.0
large_1000_r20_g100\Sipht\reports\Sipht_1000_extended_pairwise_metrics.csv,Sipht_1000,OVEA-style,epsilon,min,20,0.2624424515935818,0.040760275310972136,0.2470812915518338,0.06290336249392442,0.6223398819424156,0.05816198543609382,0.6226586248875927,0.05259803270582031,57.82972308082526,0.35989743034883387,0.3287311671611078,0.38981074097384766,9.5367431640625e-07,3.814697265625e-05,1.0
large_1000_r20_g100\Sipht\reports\Sipht_1000_extended_pairwise_metrics.csv,Sipht_1000,OVEA-style,hv,max,20,0.5282434659467652,0.03333696195861141,0.5334210673211239,0.033226215505890666,0.21030243922457953,0.03297237988330981,0.20908569248976513,0.034513440795581884,151.18275750604116,0.3179410267221857,0.2985863047887902,0.33714822523559945,9.5367431640625e-07,3.814697265625e-05,1.0
large_1000_r20_g100\Sipht\reports\Sipht_1000_extended_pairwise_metrics.csv,Sipht_1000,OVEA-style,igd,min,20,0.2128774887718155,0.016044261075358043,0.21362921729627715,0.017138066344041636,0.335626793027934,0.02526665296301792,0.3395489040611921,0.03457912393226853,36.57315411225294,0.12274930425611848,0.10829323256416111,0.13664914127035754,9.5367431640625e-07,3.814697265625e-05,1.0
large_1000_r20_g100\Sipht\reports\Sipht_1000_extended_pairwise_metrics.csv,Sipht_1000,OVEA-style,latency_best,min,20,180451675.72388187,3739195.5194482277,180811857.1958778,6121103.93417567,178227166.6861078,4156968.02552633,177854130.46537524,4623869.800510287,-1.2481312917305376,-2224509.0377740813,-4784133.174507512,373716.89457909844,0.9384536743164062,1.0,-0.3904761904761905
large_1000_r20_g100\Sipht\reports\Sipht_1000_extended_pairwise_metrics.csv,Sipht_1000,OVEA-style,makespan_best,min,20,906561.5607050953,37966.22845135803,904580.9224940191,53219.185940052615,812417.30691319,40339.08143257499,805296.931185738,35402.599975276506,-11.588164480346911,-94144.2537919053,-118524.02437551609,-67366.61597632292,0.9999933242797852,1.0,-0.9523809523809523
large_1000_r20_g100\Sipht\reports\Sipht_1000_extended_pairwise_metrics.csv,Sipht_1000,OVEA-style,spacing,min,20,0.0452259217851108,0.008308075696250512,0.04532989454880851,0.0102472464363626,0.09210925253916671,0.01979465329477533,0.09345566000138952,0.027449746049726928,50.899697328582896,0.046883330754055916,0.037719175561713766,0.05605122698988455,9.5367431640625e-07,3.814697265625e-05,1.0
large_1000_r20_g100\Sipht\reports\Sipht_1000_extended_pairwise_metrics.csv,Sipht_1000,OVEA-style,time,min,20,17.193754204997095,0.5683634671808953,16.99407364995568,0.2057422750076512,19.509130440006267,0.8170767619123945,19.245377700019162,0.35823535002418794,11.868167277518229,2.315376235009171,2.0817046200049663,2.6062346386139685,9.5367431640625e-07,3.814697265625e-05,1.0
large_1000_r20_g100\Sipht\reports\Sipht_1000_extended_pairwise_metrics.csv,Sipht_1000,QL-NSGA-III,cost_best,min,20,2504226.229537152,162161.87899346856,2452943.740428458,251308.95522153843,2358275.977929613,175691.24812389739,2354130.919699995,133548.55169768957,-6.1888537632339515,-145950.25160753913,-254737.9782452879,-44269.44138980162,0.9931917190551758,1.0,-0.6095238095238096
large_1000_r20_g100\Sipht\reports\Sipht_1000_extended_pairwise_metrics.csv,Sipht_1000,QL-NSGA-III,coverage,max,20,0.2585376963819305,0.1471557537028043,0.24162162162162162,0.1988977342314758,0.2050662522861037,0.17000077253185478,0.1768789337282488,0.1961121598156134,26.07520423264219,0.053471444095826756,-0.07750637138770329,0.17829050484061068,0.17440509796142578,1.0,0.24761904761904763
large_1000_r20_g100\Sipht\reports\Sipht_1000_extended_pairwise_metrics.csv,Sipht_1000,QL-NSGA-III,energy_best,min,20,8010437454.37791,83004820.41475391,7990585552.859213,47230179.33115864,8014848032.544719,68918053.82478964,8021654821.896137,86381623.96384716,0.055030091012327295,4410578.166808605,-36637673.80251823,42941009.855817206,0.4491586685180664,1.0,0.0380952380952381
large_1000_r20_g100\Sipht\reports\Sipht_1000_extended_pairwise_metrics.csv,Sipht_1000,QL-NSGA-III,epsilon,min,20,0.2624424515935818,0.040760275310972136,0.2470812915518338,0.06290336249392442,0.2488666337275689,0.026676786849079537,0.24975874904991469,0.03961179024754111,-5.455057458957794,-0.01357581786601296,-0.0341308538983044,0.005894186369729424,0.8441028594970703,1.0,-0.2571428571428571
large_1000_r20_g100\Sipht\reports\Sipht_1000_extended_pairwise_metrics.csv,Sipht_1000,QL-NSGA-III,hv,max,20,0.5282434659467652,0.03333696195861141,0.5334210673211239,0.033226215505890666,0.5312420594977899,0.0304197472448859,0.5342451940692168,0.03591827357085586,-0.564449575746966,-0.0029985935510246945,-0.019416805265541456,0.011972420133303501,0.6219167709350586,1.0,-0.0761904761904762
large_1000_r20_g100\Sipht\reports\Sipht_1000_extended_pairwise_metrics.csv,Sipht_1000,QL-NSGA-III,igd,min,20,0.2128774887718155,0.016044261075358043,0.21362921729627715,0.017138066344041636,0.21234845121821988,0.016115655341575028,0.2105597843952321,0.021304038057908675,-0.24913652563067595,-0.0005290375535956196,-0.010334670719870702,0.01004128240031859,0.5795888900756836,1.0,-0.047619047619047616
large_1000_r20_g100\Sipht\reports\Sipht_1000_extended_pairwise_metrics.csv,Sipht_1000,QL-NSGA-III,latency_best,min,20,180451675.72388187,3739195.5194482277,180811857.1958778,6121103.93417567,185547652.0441226,3721206.9234698573,185628054.8528999,5561155.473133266,2.746451525578416,5095976.320240719,2789276.243941325,7401864.593078994,0.00019741058349609375,0.0035533905029296875,0.8380952380952381
large_1000_r20_g100\Sipht\reports\Sipht_1000_extended_pairwise_metrics.csv,Sipht_1000,QL-NSGA-III,makespan_best,min,20,906561.5607050953,37966.22845135803,904580.9224940191,53219.185940052615,966187.1224959884,37277.838407667616,979229.0821765293,58022.49616293819,6.171222985963638,59625.56179089293,33324.09397248664,85963.88618274636,0.00019741058349609375,0.0035533905029296875,0.8380952380952381
large_1000_r20_g100\Sipht\reports\Sipht_1000_extended_pairwise_metrics.csv,Sipht_1000,QL-NSGA-III,spacing,min,20,0.0452259217851108,0.008308075696250512,0.04532989454880851,0.0102472464363626,0.050178765743894724,0.009354177164688096,0.04843305724887924,0.01158456423868702,9.870398136260537,0.00495284395878393,-0.0003912679930677899,0.010205520343730507,0.05269908905029297,0.6850881576538086,0.41904761904761906
large_1000_r20_g100\Sipht\reports\Sipht_1000_extended_pairwise_metrics.csv,Sipht_1000,QL-NSGA-III,time,min,20,17.193754204997095,0.5683634671808953,16.99407364995568,0.2057422750076512,222.669599715012,914.8051817329371,17.877667700027814,0.579284449966508,92.27835581192814,205.47584551001492,0.8364276707894897,614.6618118207775,9.5367431640625e-07,3.814697265625e-05,1.0
large_1000_r20_g100\Sipht\reports\Sipht_1000_extended_pairwise_metrics.csv,Sipht_1000,QMOEA/D-AWA-style,cost_best,min,20,2504226.229537152,162161.87899346856,2452943.740428458,251308.95522153843,3868343.444123844,212243.8344751312,3885049.106550768,183595.63512000116,35.26360144311479,1364117.2145866915,1235679.789283856,1476751.188294003,9.5367431640625e-07,3.814697265625e-05,1.0
large_1000_r20_g100\Sipht\reports\Sipht_1000_extended_pairwise_metrics.csv,Sipht_1000,QMOEA/D-AWA-style,coverage,max,20,0.0994746023967992,0.08284929517194023,0.07333333333333333,0.10163043478260869,0.0,0.0,0.0,0.0,nan,0.0994746023967992,0.06640516463259598,0.13539264454892314,0.00021840451160574153,0.0035533905029296875,1.0
large_1000_r20_g100\Sipht\reports\Sipht_1000_extended_pairwise_metrics.csv,Sipht_1000,QMOEA/D-AWA-style,energy_best,min,20,8010437454.37791,83004820.41475391,7990585552.859213,47230179.33115864,7446295080.002337,55622861.49209174,7449131087.64961,57082535.542500496,-7.576148518350083,-564142374.3755716,-611467891.7718579,-520489939.6801348,1.0,1.0,-1.0
large_1000_r20_g100\Sipht\reports\Sipht_1000_extended_pairwise_metrics.csv,Sipht_1000,QMOEA/D-AWA-style,epsilon,min,20,0.2624424515935818,0.040760275310972136,0.2470812915518338,0.06290336249392442,0.7068175848255602,0.07363494470876383,0.7126133740515317,0.0636958641190386,62.86984687027112,0.4443751332319784,0.40519873950136526,0.4784557325478199,9.5367431640625e-07,3.814697265625e-05,1.0
large_1000_r20_g100\Sipht\reports\Sipht_1000_extended_pairwise_metrics.csv,Sipht_1000,QMOEA/D-AWA-style,hv,max,20,0.5282434659467652,0.03333696195861141,0.5334210673211239,0.033226215505890666,0.1954015654350091,0.04407905806816804,0.1935030173721774,0.05303323400410406,170.33737665856106,0.3328419005117561,0.3073130424801402,0.3553798116231413,9.5367431640625e-07,3.814697265625e-05,1.0
large_1000_r20_g100\Sipht\reports\Sipht_1000_extended_pairwise_metrics.csv,Sipht_1000,QMOEA/D-AWA-style,igd,min,20,0.2128774887718155,0.016044261075358043,0.21362921729627715,0.017138066344041636,0.3556042890441369,0.05146303085052432,0.345799402022651,0.06029392805447509,40.1364113621831,0.14272680027232132,0.1186558491128601,0.16576793859947297,9.5367431640625e-07,3.814697265625e-05,1.0
large_1000_r20_g100\Sipht\reports\Sipht_1000_extended_pairwise_metrics.csv,Sipht_1000,QMOEA/D-AWA-style,latency_best,min,20,180451675.72388187,3739195.5194482277,180811857.1958778,6121103.93417567,203084630.7069592,6146941.843794112,202518678.19027203,6037451.283894271,11.14459272682999,22632954.98307732,19825105.09702356,25682717.87600277,9.5367431640625e-07,3.814697265625e-05,1.0
large_1000_r20_g100\Sipht\reports\Sipht_1000_extended_pairwise_metrics.csv,Sipht_1000,QMOEA/D-AWA-style,makespan_best,min,20,906561.5607050953,37966.22845135803,904580.9224940191,53219.185940052615,1333839.6447140437,151912.63709364858,1306984.576071797,133324.22769584996,32.03369203353907,427278.0840089483,365043.1505629969,498416.51652998204,9.5367431640625e-07,3.814697265625e-05,1.0
large_1000_r20_g100\Sipht\reports\Sipht_1000_extended_pairwise_metrics.csv,Sipht_1000,QMOEA/D-AWA-style,spacing,min,20,0.0452259217851108,0.008308075696250512,0.04532989454880851,0.0102472464363626,0.1462468987805989,0.09714003697902837,0.12422620350731015,0.13084342735585985,69.07563704789447,0.10102097699548813,0.0631027709308026,0.14460852529527304,4.76837158203125e-06,0.00010967254638671875,0.9714285714285714
large_1000_r20_g100\Sipht\reports\Sipht_1000_extended_pairwise_metrics.csv,Sipht_1000,QMOEA/D-AWA-style,time,min,20,17.193754204997095,0.5683634671808953,16.99407364995568,0.2057422750076512,32.236956870008726,1.284107973486578,31.89941355001065,1.1732281999284169,46.66446254735321,15.04320266501163,14.635137645131254,15.480576955909346,9.5367431640625e-07,3.814697265625e-05,1.0
large_1000_r20_g50\CyberShake\reports\CyberShake_1000_extended_pairwise_metrics.csv,CyberShake_1000,NSGA-III,cost_best,min,20,454876.6693979239,12959.805584929112,456508.26848000096,15979.318759231071,459007.9047336162,9192.40870376396,459522.0333376933,9119.93876192288,0.9000357712989382,4131.2353356923795,-3067.3744170615014,10892.776515465837,0.10808372497558594,1.0,0.3238095238095238
large_1000_r20_g50\CyberShake\reports\CyberShake_1000_extended_pairwise_metrics.csv,CyberShake_1000,NSGA-III,coverage,max,20,0.47323676517115876,0.22402970696674993,0.5033333333333334,0.3297073208753093,0.06942106501875787,0.08228704799732235,0.04028478731074261,0.0695410615580046,581.6904422933991,0.40381570015240087,0.2707202864964718,0.5256160290836551,1.811981201171875e-05,0.0003986358642578125,0.9333333333333333
large_1000_r20_g50\CyberShake\reports\CyberShake_1000_extended_pairwise_metrics.csv,CyberShake_1000,NSGA-III,energy_best,min,20,1167938330.3527694,9573767.870791571,1169824400.2565384,14351533.348846674,1184064678.355,7854739.973389797,1182734526.8211536,5693230.676539183,1.3619482361921893,16126348.002230525,11725989.29372584,20485480.63385744,2.86102294921875e-06,8.0108642578125e-05,0.9809523809523809
large_1000_r20_g50\CyberShake\reports\CyberShake_1000_extended_pairwise_metrics.csv,CyberShake_1000,NSGA-III,epsilon,min,20,0.28109901261951026,0.03888910217079323,0.2869009697615115,0.05729290936607129,0.3493694674312313,0.03445675725791939,0.343534429139287,0.0249747627673782,19.541047852202247,0.06827045481172102,0.050123388690460555,0.08612124996195607,2.86102294921875e-06,8.0108642578125e-05,0.9809523809523809
large_1000_r20_g50\CyberShake\reports\CyberShake_1000_extended_pairwise_metrics.csv,CyberShake_1000,NSGA-III,hv,max,20,0.47329866489427114,0.038071073342324596,0.4795933391901558,0.05042149559165576,0.41271328169384314,0.021474348578687723,0.4125113225276787,0.02986138430297086,14.679775497356331,0.060585383200427854,0.04301586383247484,0.0769012864940169,6.67572021484375e-06,0.0001735687255859375,0.9619047619047619
large_1000_r20_g50\CyberShake\reports\CyberShake_1000_extended_pairwise_metrics.csv,CyberShake_1000,NSGA-III,igd,min,20,0.1580623348726386,0.014485975475014217,0.15689627242965276,0.016749817251625887,0.18469132983289258,0.017585802671936355,0.18227089142907776,0.02430889953653817,14.418107760850335,0.02662899496025394,0.015900385077803295,0.037129356225069084,0.00016117095947265625,0.0029010772705078125,0.8476190476190476
large_1000_r20_g50\CyberShake\reports\CyberShake_1000_extended_pairwise_metrics.csv,CyberShake_1000,NSGA-III,latency_best,min,20,37157523.47891291,743008.838515292,36922468.885277405,873194.6507750377,37446513.66624041,810783.9606477101,37567154.40241267,1170997.8192344457,0.771741235788349,288990.18732749636,-182563.9653470472,719638.7079982316,0.10122489929199219,1.0,0.3333333333333333
large_1000_r20_g50\CyberShake\reports\CyberShake_1000_extended_pairwise_metrics.csv,CyberShake_1000,NSGA-III,makespan_best,min,20,108427.46703517246,2325.4096703382747,108833.71284857871,2944.2277472889255,110568.12127540265,3445.652557075643,110516.91260423223,4656.119584456144,1.9360501160169414,2140.654240230181,36.16870140745226,4133.963180858885,0.0291290283203125,0.4369354248046875,0.4857142857142857
large_1000_r20_g50\CyberShake\reports\CyberShake_1000_extended_pairwise_metrics.csv,CyberShake_1000,NSGA-III,spacing,min,20,0.052813721648171955,0.008429303548797059,0.04996597492507341,0.012743972230710027,0.05154315685901466,0.007691732025088227,0.0504800707510772,0.008912531810551863,-2.4650503899725362,-0.0012705647891573003,-0.005918026760221926,0.0033494035084217994,0.649409294128418,1.0,-0.09523809523809523
large_1000_r20_g50\CyberShake\reports\CyberShake_1000_extended_pairwise_metrics.csv,CyberShake_1000,NSGA-III,time,min,20,16.41899664500088,0.5172504088430061,16.367393149994314,0.25696570007130504,16.858233385000496,0.9391257310113298,16.576932600029977,0.21167320004315116,2.605473123835281,0.43923673999961466,0.21302041674440264,0.7589766952414355,6.67572021484375e-06,0.0001735687255859375,0.9619047619047619
large_1000_r20_g50\CyberShake\reports\CyberShake_1000_extended_pairwise_metrics.csv,CyberShake_1000,OVEA-style,cost_best,min,20,454876.6693979239,12959.805584929112,456508.26848000096,15979.318759231071,531218.7135071543,17295.51758874907,534218.7581423079,26348.590479613747,14.371113473245927,76342.04410923037,67254.62982188644,85490.86939105333,9.5367431640625e-07,3.814697265625e-05,1.0
large_1000_r20_g50\CyberShake\reports\CyberShake_1000_extended_pairwise_metrics.csv,CyberShake_1000,OVEA-style,coverage,max,20,0.22684837271575095,0.05372583750151746,0.24206349206349206,0.0858993157380254,0.006749693096124243,0.014281080549049812,0.0,0.003289473684210526,3260.8694422863473,0.2200986796196267,0.1951753788034375,0.2437965470149405,4.4161929315406386e-05,0.0008832385863081278,1.0
large_1000_r20_g50\CyberShake\reports\CyberShake_1000_extended_pairwise_metrics.csv,CyberShake_1000,OVEA-style,energy_best,min,20,1167938330.3527694,9573767.870791571,1169824400.2565384,14351533.348846674,1214461817.6933844,6776766.656067423,1214121433.6623073,9995361.439038038,3.830790450783924,46523487.34061484,41560182.98067653,51398612.690697215,9.5367431640625e-07,3.814697265625e-05,1.0
large_1000_r20_g50\CyberShake\reports\CyberShake_1000_extended_pairwise_metrics.csv,CyberShake_1000,OVEA-style,epsilon,min,20,0.28109901261951026,0.03888910217079323,0.2869009697615115,0.05729290936607129,0.534998777874064,0.057241475975530885,0.5281967421885564,0.08482530897153218,47.4580084581652,0.2538997652545538,0.22717722794981876,0.2810209932608409,9.5367431640625e-07,3.814697265625e-05,1.0
large_1000_r20_g50\CyberShake\reports\CyberShake_1000_extended_pairwise_metrics.csv,CyberShake_1000,OVEA-style,hv,max,20,0.47329866489427114,0.038071073342324596,0.4795933391901558,0.05042149559165576,0.22933701972717682,0.0328353828315601,0.2276904397077042,0.04585561796812676,106.37691440192046,0.2439616451670942,0.2246675085259819,0.26346758495119993,9.5367431640625e-07,3.814697265625e-05,1.0
large_1000_r20_g50\CyberShake\reports\CyberShake_1000_extended_pairwise_metrics.csv,CyberShake_1000,OVEA-style,igd,min,20,0.1580623348726386,0.014485975475014217,0.15689627242965276,0.016749817251625887,0.27594469319479104,0.03547013517187675,0.27473572408989966,0.03830565856565138,42.719559835469845,0.11788235832215244,0.1020905519627465,0.1339200176433228,9.5367431640625e-07,3.814697265625e-05,1.0
large_1000_r20_g50\CyberShake\reports\CyberShake_1000_extended_pairwise_metrics.csv,CyberShake_1000,OVEA-style,latency_best,min,20,37157523.47891291,743008.838515292,36922468.885277405,873194.6507750377,37146698.0869282,1594378.7435656302,36569334.983076885,2261311.835600108,-0.029142272509324392,-10825.39198471345,-714970.5037651707,732198.2978066311,0.7147016525268555,1.0,-0.14285714285714285
large_1000_r20_g50\CyberShake\reports\CyberShake_1000_extended_pairwise_metrics.csv,CyberShake_1000,OVEA-style,makespan_best,min,20,108427.46703517246,2325.4096703382747,108833.71284857871,2944.2277472889255,100578.08328699876,2121.227921669214,100066.7450320102,1721.633161128295,-7.804268575864132,-7849.383748173673,-8877.733597138858,-6845.960824902479,1.0,1.0,-1.0
large_1000_r20_g50\CyberShake\reports\CyberShake_1000_extended_pairwise_metrics.csv,CyberShake_1000,OVEA-style,spacing,min,20,0.052813721648171955,0.008429303548797059,0.04996597492507341,0.012743972230710027,0.08158885046356897,0.019128343453011926,0.07971379123950273,0.023816106612944532,35.26845721186582,0.028775128815397018,0.019744456586634547,0.037420654847296626,1.811981201171875e-05,0.0003986358642578125,0.9333333333333333
large_1000_r20_g50\CyberShake\reports\CyberShake_1000_extended_pairwise_metrics.csv,CyberShake_1000,OVEA-style,time,min,20,16.41899664500088,0.5172504088430061,16.367393149994314,0.25696570007130504,17.597844820003957,0.5455347563392589,17.494839249993674,0.18938195004011504,6.6988212878377364,1.1788481750030768,1.0359121286233859,1.3461967798537078,9.5367431640625e-07,3.814697265625e-05,1.0
large_1000_r20_g50\CyberShake\reports\CyberShake_1000_extended_pairwise_metrics.csv,CyberShake_1000,QL-NSGA-III,cost_best,min,20,454876.6693979239,12959.805584929112,456508.26848000096,15979.318759231071,453481.5529336931,10921.284891379473,452948.12045846216,13840.30344538443,-0.3076456925767837,-1395.1164642307674,-9480.143438757686,7042.9244849481665,0.6892433166503906,1.0,-0.12380952380952381
large_1000_r20_g50\CyberShake\reports\CyberShake_1000_extended_pairwise_metrics.csv,CyberShake_1000,QL-NSGA-III,coverage,max,20,0.3141595255241726,0.22075413147446926,0.32778864970645794,0.4330033853060169,0.186500636654104,0.1787327374048495,0.12058399423215573,0.25002430354060684,68.44957269868893,0.1276588888700686,-0.038301807556847124,0.28490548100595225,0.07682323455810547,0.9288902282714844,0.37142857142857144
large_1000_r20_g50\CyberShake\reports\CyberShake_1000_extended_pairwise_metrics.csv,CyberShake_1000,QL-NSGA-III,energy_best,min,20,1167938330.3527694,9573767.870791571,1169824400.2565384,14351533.348846674,1169127830.3321157,6952741.921242319,1169445053.310769,8946319.279038906,0.10174250826005679,1189499.9793461084,-3851326.6786732683,6084805.7223405,0.32382774353027344,1.0,0.12380952380952381
large_1000_r20_g50\CyberShake\reports\CyberShake_1000_extended_pairwise_metrics.csv,CyberShake_1000,QL-NSGA-III,epsilon,min,20,0.28109901261951026,0.03888910217079323,0.2869009697615115,0.05729290936607129,0.2862716552353296,0.026786546717460162,0.28523687067342046,0.03900406533488815,1.806900027027536,0.005172642615819385,-0.013326676656046655,0.023172457156395952,0.3780832290649414,1.0,0.08571428571428572
large_1000_r20_g50\CyberShake\reports\CyberShake_1000_extended_pairwise_metrics.csv,CyberShake_1000,QL-NSGA-III,hv,max,20,0.47329866489427114,0.038071073342324596,0.4795933391901558,0.05042149559165576,0.4622598777417363,0.02484000799156717,0.45996243576178103,0.0365459672370646,2.3880046017539427,0.011038787152534701,-0.007959343224219675,0.029877472419800325,0.1558971405029297,1.0,0.26666666666666666
large_1000_r20_g50\CyberShake\reports\CyberShake_1000_extended_pairwise_metrics.csv,CyberShake_1000,QL-NSGA-III,igd,min,20,0.1580623348726386,0.014485975475014217,0.15689627242965276,0.016749817251625887,0.16671219334748372,0.01798738153547086,0.1694644412720266,0.020386931394348773,5.1884977944090345,0.008649858474845095,-0.0025724176615967227,0.01872142576901157,0.0291290283203125,0.4369354248046875,0.4857142857142857
large_1000_r20_g50\CyberShake\reports\CyberShake_1000_extended_pairwise_metrics.csv,CyberShake_1000,QL-NSGA-III,latency_best,min,20,37157523.47891291,743008.838515292,36922468.885277405,873194.6507750377,37553073.20134877,864449.3460726684,37758116.00871026,1158067.4210589826,1.0533085276803598,395549.7224358443,-141216.13668431103,915470.4662120269,0.07145309448242188,0.9288902282714844,0.38095238095238093
large_1000_r20_g50\CyberShake\reports\CyberShake_1000_extended_pairwise_metrics.csv,CyberShake_1000,QL-NSGA-III,makespan_best,min,20,108427.46703517246,2325.4096703382747,108833.71284857871,2944.2277472889255,111570.49213607916,3078.0369934197142,111931.85905695155,2644.21948670072,2.8170755911636984,3143.0251009067006,1330.5653841629376,5262.856972852566,0.0013561248779296875,0.021697998046875,0.7333333333333333
large_1000_r20_g50\CyberShake\reports\CyberShake_1000_extended_pairwise_metrics.csv,CyberShake_1000,QL-NSGA-III,spacing,min,20,0.052813721648171955,0.008429303548797059,0.04996597492507341,0.012743972230710027,0.05404559002901969,0.0109884877447946,0.05333451515430511,0.011038337169734735,2.2793134096348706,0.0012318683808477354,-0.0032895437728059996,0.005979167941793481,0.3371114730834961,1.0,0.11428571428571428
large_1000_r20_g50\CyberShake\reports\CyberShake_1000_extended_pairwise_metrics.csv,CyberShake_1000,QL-NSGA-III,time,min,20,16.41899664500088,0.5172504088430061,16.367393149994314,0.25696570007130504,16.87093910498952,0.47717878799680535,16.78396805000375,0.3106986750062788,2.6788221875270684,0.45194245998864063,0.3184119627492329,0.5893455738579358,9.5367431640625e-06,0.0002288818359375,0.9523809523809523
large_1000_r20_g50\CyberShake\reports\CyberShake_1000_extended_pairwise_metrics.csv,CyberShake_1000,QMOEA/D-AWA-style,cost_best,min,20,454876.6693979239,12959.805584929112,456508.26848000096,15979.318759231071,474282.62141376996,13275.112782801563,473614.19306846237,18642.85112192278,4.091643070960436,19405.952015846084,10627.056100084646,29240.35963335575,0.00016117095947265625,0.0029010772705078125,0.8476190476190476
large_1000_r20_g50\CyberShake\reports\CyberShake_1000_extended_pairwise_metrics.csv,CyberShake_1000,QMOEA/D-AWA-style,coverage,max,20,0.08915317784536854,0.07539017708087918,0.06066176470588235,0.11455128205128207,0.0,0.0,0.0,0.0,nan,0.08915317784536854,0.05784681458951236,0.12183679981065247,0.00014623915190606628,0.0027785438862152592,1.0
large_1000_r20_g50\CyberShake\reports\CyberShake_1000_extended_pairwise_metrics.csv,CyberShake_1000,QMOEA/D-AWA-style,energy_best,min,20,1167938330.3527694,9573767.870791571,1169824400.2565384,14351533.348846674,1119190634.6430774,7045673.127174248,1120331290.1961534,8209834.960961342,-4.355620410033023,-48747695.709692225,-52059648.7555645,-45487691.35884203,1.0,1.0,-1.0
large_1000_r20_g50\CyberShake\reports\CyberShake_1000_extended_pairwise_metrics.csv,CyberShake_1000,QMOEA/D-AWA-style,epsilon,min,20,0.28109901261951026,0.03888910217079323,0.2869009697615115,0.05729290936607129,0.49466327325528087,0.05997228610320262,0.5025923475278076,0.07938435611062328,43.17366422421996,0.21356426063577055,0.17861922691929497,0.2520134921980263,9.5367431640625e-07,3.814697265625e-05,1.0
large_1000_r20_g50\CyberShake\reports\CyberShake_1000_extended_pairwise_metrics.csv,CyberShake_1000,QMOEA/D-AWA-style,hv,max,20,0.47329866489427114,0.038071073342324596,0.4795933391901558,0.05042149559165576,0.24493222408708712,0.0332219286141487,0.2518441528345233,0.045245562252356375,93.23658479742826,0.22836644080718393,0.20191225418021072,0.2542002509262361,9.5367431640625e-07,3.814697265625e-05,1.0
large_1000_r20_g50\CyberShake\reports\CyberShake_1000_extended_pairwise_metrics.csv,CyberShake_1000,QMOEA/D-AWA-style,igd,min,20,0.1580623348726386,0.014485975475014217,0.15689627242965276,0.016749817251625887,0.39016260364880984,0.05465437745266951,0.3905958936397247,0.046383039812251725,59.48808691698386,0.2321002687761712,0.21013606344586305,0.25689390859917377,9.5367431640625e-07,3.814697265625e-05,1.0
large_1000_r20_g50\CyberShake\reports\CyberShake_1000_extended_pairwise_metrics.csv,CyberShake_1000,QMOEA/D-AWA-style,latency_best,min,20,37157523.47891291,743008.838515292,36922468.885277405,873194.6507750377,44253752.01977711,1281819.212129061,44545531.508088365,1562356.7226981372,16.03531501169184,7096228.540864201,6480222.069726055,7676408.840270939,9.5367431640625e-07,3.814697265625e-05,1.0
large_1000_r20_g50\CyberShake\reports\CyberShake_1000_extended_pairwise_metrics.csv,CyberShake_1000,QMOEA/D-AWA-style,makespan_best,min,20,108427.46703517246,2325.4096703382747,108833.71284857871,2944.2277472889255,134587.4945438104,7082.8935707884475,135444.06224632816,9824.61387378753,19.43719035509828,26160.027508637933,22996.68114700765,29342.44361953408,9.5367431640625e-07,3.814697265625e-05,1.0
large_1000_r20_g50\CyberShake\reports\CyberShake_1000_extended_pairwise_metrics.csv,CyberShake_1000,QMOEA/D-AWA-style,spacing,min,20,0.052813721648171955,0.008429303548797059,0.04996597492507341,0.012743972230710027,0.13439420741382924,0.059318113340332025,0.1369948444456019,0.08875727195293315,60.70238244305655,0.08158048576565725,0.05721918290724689,0.10482301097825358,9.5367431640625e-06,0.0002288818359375,0.9523809523809523
large_1000_r20_g50\CyberShake\reports\CyberShake_1000_extended_pairwise_metrics.csv,CyberShake_1000,QMOEA/D-AWA-style,time,min,20,16.41899664500088,0.5172504088430061,16.367393149994314,0.25696570007130504,25.171914199998717,1.206313727391551,25.00348164999741,0.45282209997822065,34.7725543852294,8.75291755499784,8.393181421991976,9.22091165625905,9.5367431640625e-07,3.814697265625e-05,1.0
large_1000_r20_g50\Inspiral\reports\Inspiral_1000_extended_pairwise_metrics.csv,Inspiral_1000,NSGA-III,cost_best,min,20,4477899.848710157,80614.86792861862,4484977.375486153,94463.54302231222,4556593.773876233,101668.93386418626,4564780.914560001,100195.03663884476,1.7270340318077595,78693.9251660754,37623.01332032948,119153.69706726921,0.0009927749633789062,0.016877174377441406,0.7523809523809524
large_1000_r20_g50\Inspiral\reports\Inspiral_1000_extended_pairwise_metrics.csv,Inspiral_1000,NSGA-III,coverage,max,20,0.42009452664461133,0.16081124227053667,0.44805194805194803,0.21421017290582506,0.11572117953171915,0.1122507888178789,0.09039166505884622,0.14606694869852763,263.0230251234724,0.3043733471128921,0.18901983870582767,0.4136735460872608,4.100799560546875e-05,0.0008611679077148438,0.9047619047619048
large_1000_r20_g50\Inspiral\reports\Inspiral_1000_extended_pairwise_metrics.csv,Inspiral_1000,NSGA-III,energy_best,min,20,11683314097.599958,85451618.96755701,11679234982.686148,98435261.89788628,11843869488.988188,62025052.780949414,11842837864.97692,81426912.66518974,1.355599126936559,160555391.38822937,116210747.45970768,209118324.29129604,4.76837158203125e-06,0.00012874603271484375,0.9714285714285714
large_1000_r20_g50\Inspiral\reports\Inspiral_1000_extended_pairwise_metrics.csv,Inspiral_1000,NSGA-III,epsilon,min,20,0.2504770038622498,0.03315177109519904,0.24694826942147052,0.04261995950318498,0.31823081447833074,0.026855266971802263,0.3177841475752812,0.03525577779088829,21.290776233328746,0.0677538106160809,0.04983660712999675,0.08565120713778226,4.76837158203125e-06,0.00012874603271484375,0.9714285714285714
large_1000_r20_g50\Inspiral\reports\Inspiral_1000_extended_pairwise_metrics.csv,Inspiral_1000,NSGA-III,hv,max,20,0.5846333505934325,0.02450332211877578,0.5810525595485267,0.025474254162051624,0.523204002930523,0.021747305266564727,0.5201638776882439,0.018875577004941135,11.740993440194819,0.06142934766290942,0.04830986151244096,0.07457385107327558,9.5367431640625e-07,3.814697265625e-05,1.0
large_1000_r20_g50\Inspiral\reports\Inspiral_1000_extended_pairwise_metrics.csv,Inspiral_1000,NSGA-III,igd,min,20,0.1267262464395984,0.012056311218412212,0.12562255308032166,0.012652416783944326,0.14413539644034154,0.016446048496031575,0.1412860386854537,0.017486834010392083,12.078330813034457,0.01740915000074316,0.007660943930091732,0.02721708915975091,0.001827239990234375,0.02923583984375,0.7142857142857143
large_1000_r20_g50\Inspiral\reports\Inspiral_1000_extended_pairwise_metrics.csv,Inspiral_1000,NSGA-III,latency_best,min,20,128250051.78389104,1677907.746658374,128559316.3208487,2141645.102054313,129886740.75418377,2795272.5778534026,129920942.0523802,3038985.0008358955,1.260089336901783,1636688.9702927403,98496.98010182194,3078601.119385625,0.031861305236816406,0.4460582733154297,0.47619047619047616
large_1000_r20_g50\Inspiral\reports\Inspiral_1000_extended_pairwise_metrics.csv,Inspiral_1000,NSGA-III,makespan_best,min,20,1128603.34402188,25096.746442815147,1133139.451785323,37694.84269623482,1130198.211748038,30663.77303534141,1123522.3529436449,27227.110484833363,0.1411139842179682,1594.8677261577686,-17478.14912657092,21642.96190261981,0.5508413314819336,1.0,-0.02857142857142857
large_1000_r20_g50\Inspiral\reports\Inspiral_1000_extended_pairwise_metrics.csv,Inspiral_1000,NSGA-III,spacing,min,20,0.05034678788646291,0.008869823109868375,0.04912964561837635,0.00701637432287075,0.054554831385260315,0.009213486512502922,0.05444034075242779,0.01067203554164433,7.713420410157003,0.004208043498797399,-0.00013996331309011644,0.008588101657636276,0.05269908905029297,0.5830173492431641,0.41904761904761906
large_1000_r20_g50\Inspiral\reports\Inspiral_1000_extended_pairwise_metrics.csv,Inspiral_1000,NSGA-III,time,min,20,16.168578955004342,0.17861341132874306,16.128220499987947,0.10132977506145835,16.389836295007264,0.09318030714598195,16.396466200007126,0.11784509995777626,1.3499667478089556,0.2212573400029214,0.11985391250324032,0.30720383251718875,0.00029277801513671875,0.0052700042724609375,0.819047619047619
large_1000_r20_g50\Inspiral\reports\Inspiral_1000_extended_pairwise_metrics.csv,Inspiral_1000,OVEA-style,cost_best,min,20,4477899.848710157,80614.86792861862,4484977.375486153,94463.54302231222,5240136.839864386,164512.80773093717,5257688.6035684645,227657.1594369216,14.546127600247091,762236.9911542293,685600.343791311,833927.795100722,9.5367431640625e-07,3.814697265625e-05,1.0
large_1000_r20_g50\Inspiral\reports\Inspiral_1000_extended_pairwise_metrics.csv,Inspiral_1000,OVEA-style,coverage,max,20,0.2531678424313649,0.10911499301220175,0.25,0.11969884953755922,0.005462462462462463,0.01438424051933034,0.0,0.0,4534.683426588484,0.24770537996890246,0.19984781649112734,0.2942421900921064,5.1601391981735945e-05,0.001032027839634719,0.9904761904761905
large_1000_r20_g50\Inspiral\reports\Inspiral_1000_extended_pairwise_metrics.csv,Inspiral_1000,OVEA-style,energy_best,min,20,11683314097.599958,85451618.96755701,11679234982.686148,98435261.89788628,12143092815.379993,61111600.74420807,12156272104.159992,69003820.86807632,3.7863394834444177,459778717.7800347,422167179.48892117,501579806.56462806,9.5367431640625e-07,3.814697265625e-05,1.0
large_1000_r20_g50\Inspiral\reports\Inspiral_1000_extended_pairwise_metrics.csv,Inspiral_1000,OVEA-style,epsilon,min,20,0.2504770038622498,0.03315177109519904,0.24694826942147052,0.04261995950318498,0.506904762095884,0.05603142894704487,0.5012196865601074,0.08875889115075586,50.586969665345016,0.2564277582336341,0.23078298917058748,0.2803452968196862,9.5367431640625e-07,3.814697265625e-05,1.0
large_1000_r20_g50\Inspiral\reports\Inspiral_1000_extended_pairwise_metrics.csv,Inspiral_1000,OVEA-style,hv,max,20,0.5846333505934325,0.02450332211877578,0.5810525595485267,0.025474254162051624,0.29249865836100764,0.034570842659973455,0.2910147480149794,0.048500778707824266,99.87556656477597,0.29213469223242494,0.2750968218465803,0.30953049726124016,9.5367431640625e-07,3.814697265625e-05,1.0
large_1000_r20_g50\Inspiral\reports\Inspiral_1000_extended_pairwise_metrics.csv,Inspiral_1000,OVEA-style,igd,min,20,0.1267262464395984,0.012056311218412212,0.12562255308032166,0.012652416783944326,0.25087841900293517,0.02680814797565251,0.2487273814224053,0.035232691768577296,49.48698778346664,0.12415217256333674,0.11207715546182523,0.13614404039711975,9.5367431640625e-07,3.814697265625e-05,1.0
large_1000_r20_g50\Inspiral\reports\Inspiral_1000_extended_pairwise_metrics.csv,Inspiral_1000,OVEA-style,latency_best,min,20,128250051.78389104,1677907.746658374,128559316.3208487,2141645.102054313,123160766.37080888,1517225.0944030783,123191400.45389426,2801192.663935989,-4.132229412863086,-5089285.413082167,-5942637.308301131,-4274566.064723116,1.0,1.0,-1.0
large_1000_r20_g50\Inspiral\reports\Inspiral_1000_extended_pairwise_metrics.csv,Inspiral_1000,OVEA-style,makespan_best,min,20,1128603.34402188,25096.746442815147,1133139.451785323,37694.84269623482,1020455.4314097073,25401.439747409568,1014920.6997215034,14325.868196837255,-10.598004506945681,-108147.91261217308,-121223.26581883251,-93928.1782137531,1.0,1.0,-1.0
large_1000_r20_g50\Inspiral\reports\Inspiral_1000_extended_pairwise_metrics.csv,Inspiral_1000,OVEA-style,spacing,min,20,0.05034678788646291,0.008869823109868375,0.04912964561837635,0.00701637432287075,0.08213716350942386,0.0242000014152162,0.0789746720579316,0.03171347292156548,38.704009567257025,0.031790375622960956,0.022466965818204926,0.041306119528039635,4.76837158203125e-06,0.00012874603271484375,0.9714285714285714
large_1000_r20_g50\Inspiral\reports\Inspiral_1000_extended_pairwise_metrics.csv,Inspiral_1000,OVEA-style,time,min,20,16.168578955004342,0.17861341132874306,16.128220499987947,0.10132977506145835,17.243385929995565,0.271252296653129,17.166790500021307,0.14488095001433976,6.233155015811324,1.0748069749912248,0.9430217793614429,1.2330634141155314,9.5367431640625e-07,3.814697265625e-05,1.0
large_1000_r20_g50\Inspiral\reports\Inspiral_1000_extended_pairwise_metrics.csv,Inspiral_1000,QL-NSGA-III,cost_best,min,20,4477899.848710157,80614.86792861862,4484977.375486153,94463.54302231222,4397062.050520078,102777.87727182503,4409803.755890771,126469.48138885107,-1.8384502483997769,-80837.79819007935,-138556.36257884593,-17911.743777420525,0.9866790771484375,1.0,-0.5523809523809524
large_1000_r20_g50\Inspiral\reports\Inspiral_1000_extended_pairwise_metrics.csv,Inspiral_1000,QL-NSGA-III,coverage,max,20,0.27932620825549376,0.158424523522497,0.29603174603174603,0.27755946762892547,0.20069729158986727,0.1372636216594852,0.22977168949771687,0.19325580502639994,39.177866349241896,0.07862891666562652,-0.04255891028118142,0.19473375568645754,0.13054943084716797,1.0,0.29523809523809524
large_1000_r20_g50\Inspiral\reports\Inspiral_1000_extended_pairwise_metrics.csv,Inspiral_1000,QL-NSGA-III,energy_best,min,20,11683314097.599958,85451618.96755701,11679234982.686148,98435261.89788628,11708615587.183193,86889448.46228185,11704237590.498848,79184956.48442459,0.21609292230014795,25301489.583232403,-16038956.952590449,68592197.2762983,0.17440509796142578,1.0,0.24761904761904763
large_1000_r20_g50\Inspiral\reports\Inspiral_1000_extended_pairwise_metrics.csv,Inspiral_1000,QL-NSGA-III,epsilon,min,20,0.2504770038622498,0.03315177109519904,0.24694826942147052,0.04261995950318498,0.26033260941878356,0.03668919722849518,0.2577737613428178,0.034285067907155686,3.7857745053673058,0.00985560555653383,-0.006212291555943178,0.026614107573385483,0.17440509796142578,1.0,0.24761904761904763
large_1000_r20_g50\Inspiral\reports\Inspiral_1000_extended_pairwise_metrics.csv,Inspiral_1000,QL-NSGA-III,hv,max,20,0.5846333505934325,0.02450332211877578,0.5810525595485267,0.025474254162051624,0.5731802257721353,0.030813883969604473,0.5805992332816841,0.04593595584230259,1.998171658114781,0.011453124821297117,-0.0018030783827344729,0.025411433594293403,0.13054943084716797,1.0,0.29523809523809524
large_1000_r20_g50\Inspiral\reports\Inspiral_1000_extended_pairwise_metrics.csv,Inspiral_1000,QL-NSGA-III,igd,min,20,0.1267262464395984,0.012056311218412212,0.12562255308032166,0.012652416783944326,0.13196336780828427,0.016589418562945844,0.13251470724827985,0.018498073080435565,3.968617545661865,0.005237121368685901,-0.0026206203234356504,0.012852749578849326,0.08842658996582031,0.8842658996582031,0.3523809523809524
large_1000_r20_g50\Inspiral\reports\Inspiral_1000_extended_pairwise_metrics.csv,Inspiral_1000,QL-NSGA-III,latency_best,min,20,128250051.78389104,1677907.746658374,128559316.3208487,2141645.102054313,129291092.2391305,2416662.3850958366,129383717.21112487,3978030.0221763253,0.8051911676281628,1041040.4552394778,-82681.70106208298,2095248.6815378582,0.0291290283203125,0.4369354248046875,0.4857142857142857
large_1000_r20_g50\Inspiral\reports\Inspiral_1000_extended_pairwise_metrics.csv,Inspiral_1000,QL-NSGA-III,makespan_best,min,20,1128603.34402188,25096.746442815147,1133139.451785323,37694.84269623482,1137686.4533073572,30751.32311667694,1136451.8404130857,49177.33732053125,0.798384234871714,9083.109285477025,-7161.875263329746,23535.857231346417,0.04484748840332031,0.5830173492431641,0.4380952380952381
large_1000_r20_g50\Inspiral\reports\Inspiral_1000_extended_pairwise_metrics.csv,Inspiral_1000,QL-NSGA-III,spacing,min,20,0.05034678788646291,0.008869823109868375,0.04912964561837635,0.00701637432287075,0.05492899149779721,0.007746388419576763,0.05496625961974476,0.010009310515160949,8.342049410315608,0.004582203611334298,-0.0007364214911826932,0.010069805095551939,0.04484748840332031,0.5830173492431641,0.4380952380952381
large_1000_r20_g50\Inspiral\reports\Inspiral_1000_extended_pairwise_metrics.csv,Inspiral_1000,QL-NSGA-III,time,min,20,16.168578955004342,0.17861341132874306,16.128220499987947,0.10132977506145835,16.51542055500904,0.11765406244067589,16.487951600021916,0.16149752495402936,2.100107586418698,0.3468416000047,0.2539237037627027,0.41580587300115435,3.147125244140625e-05,0.0007238388061523438,0.9142857142857143
large_1000_r20_g50\Inspiral\reports\Inspiral_1000_extended_pairwise_metrics.csv,Inspiral_1000,QMOEA/D-AWA-style,cost_best,min,20,4477899.848710157,80614.86792861862,4484977.375486153,94463.54302231222,4714219.022982234,124894.4341742169,4714656.085130774,108963.43381846137,5.012901885126684,236319.17427207646,169699.18619897115,299914.1618859816,9.5367431640625e-06,0.0002288818359375,0.9523809523809523
large_1000_r20_g50\Inspiral\reports\Inspiral_1000_extended_pairwise_metrics.csv,Inspiral_1000,QMOEA/D-AWA-style,coverage,max,20,0.0639580275532288,0.047751367837126926,0.05718954248366013,0.04182692307692309,0.0033746903312120704,0.008545172309463276,0.0,0.0,1795.2265623215662,0.06058333722201673,0.04087341194484232,0.0822960303246092,0.00021840451160574153,0.004149685720509089,1.0
large_1000_r20_g50\Inspiral\reports\Inspiral_1000_extended_pairwise_metrics.csv,Inspiral_1000,QMOEA/D-AWA-style,energy_best,min,20,11683314097.599958,85451618.96755701,11679234982.686148,98435261.89788628,11218143331.52969,59438949.369096346,11219452851.65,108615063.57633972,-4.146593177882303,-465170766.0702689,-517214367.4447021,-415143493.7137182,1.0,1.0,-1.0
large_1000_r20_g50\Inspiral\reports\Inspiral_1000_extended_pairwise_metrics.csv,Inspiral_1000,QMOEA/D-AWA-style,epsilon,min,20,0.2504770038622498,0.03315177109519904,0.24694826942147052,0.04261995950318498,0.42834608339680535,0.07383599268853877,0.4161642696740979,0.07765523223638149,41.524619093991724,0.1778690795345556,0.1437060186393676,0.21300715487391186,9.5367431640625e-07,3.814697265625e-05,1.0
large_1000_r20_g50\Inspiral\reports\Inspiral_1000_extended_pairwise_metrics.csv,Inspiral_1000,QMOEA/D-AWA-style,hv,max,20,0.5846333505934325,0.02450332211877578,0.5810525595485267,0.025474254162051624,0.35727568024315526,0.05548659176288735,0.35729065821141714,0.059155935130309256,63.636480992924504,0.22735767035027724,0.20102963985081962,0.25512482011635446,9.5367431640625e-07,3.814697265625e-05,1.0
large_1000_r20_g50\Inspiral\reports\Inspiral_1000_extended_pairwise_metrics.csv,Inspiral_1000,QMOEA/D-AWA-style,igd,min,20,0.1267262464395984,0.012056311218412212,0.12562255308032166,0.012652416783944326,0.3783760884668047,0.04440525378521476,0.3713960704350799,0.04359405530438776,66.507860749579,0.25164984202720625,0.23287880163979668,0.27297354325535217,9.5367431640625e-07,3.814697265625e-05,1.0
large_1000_r20_g50\Inspiral\reports\Inspiral_1000_extended_pairwise_metrics.csv,Inspiral_1000,QMOEA/D-AWA-style,latency_best,min,20,128250051.78389104,1677907.746658374,128559316.3208487,2141645.102054313,149775739.09531423,5195036.048542972,149818261.8350516,6914296.535376966,14.371945310665227,21525687.311423186,19426009.92386641,23741346.33843681,9.5367431640625e-07,3.814697265625e-05,1.0
large_1000_r20_g50\Inspiral\reports\Inspiral_1000_extended_pairwise_metrics.csv,Inspiral_1000,QMOEA/D-AWA-style,makespan_best,min,20,1128603.34402188,25096.746442815147,1133139.451785323,37694.84269623482,1404677.4610797027,77956.00270857856,1397508.1157734375,66607.87615422392,19.653915201687568,276074.1170578227,241627.3848170046,313560.40518767096,9.5367431640625e-07,3.814697265625e-05,1.0
large_1000_r20_g50\Inspiral\reports\Inspiral_1000_extended_pairwise_metrics.csv,Inspiral_1000,QMOEA/D-AWA-style,spacing,min,20,0.05034678788646291,0.008869823109868375,0.04912964561837635,0.00701637432287075,0.20218890377147386,0.13675288093902468,0.2096244444341014,0.20497422275284138,75.09913405368283,0.15184211588501098,0.09420376026887865,0.21223246467721987,3.147125244140625e-05,0.0007238388061523438,0.9142857142857143
large_1000_r20_g50\Inspiral\reports\Inspiral_1000_extended_pairwise_metrics.csv,Inspiral_1000,QMOEA/D-AWA-style,time,min,20,16.168578955004342,0.17861341132874306,16.128220499987947,0.10132977506145835,23.799618044990346,0.4236123422926387,23.721440550027182,0.6172974000219256,32.06370402903287,7.6310390899860066,7.4458248813472165,7.834361434594685,9.5367431640625e-07,3.814697265625e-05,1.0
large_1000_r20_g50\Montage\reports\Montage_1000_extended_pairwise_metrics.csv,Montage_1000,NSGA-III,cost_best,min,20,243037.14466846138,3641.730716849149,243221.50842846133,4393.558746538416,243647.97979499982,4394.461474651584,244488.31377538436,6161.870594615379,0.25070395701716236,610.8351265384496,-1564.5704900518988,2948.2294949326324,0.32382774353027344,1.0,0.12380952380952381
large_1000_r20_g50\Montage\reports\Montage_1000_extended_pairwise_metrics.csv,Montage_1000,NSGA-III,coverage,max,20,0.42317401890802964,0.2243362358896647,0.4677790563866513,0.29549104016126,0.05857545353864475,0.07008144606522478,0.019764957264957264,0.09703466919489571,622.4425819065037,0.36459856536938484,0.24119128202795762,0.48407319967876267,3.147125244140625e-05,0.0007867813110351562,0.9142857142857143
large_1000_r20_g50\Montage\reports\Montage_1000_extended_pairwise_metrics.csv,Montage_1000,NSGA-III,energy_best,min,20,601291064.143962,3633518.7713262006,602154414.3992312,5596200.154615283,606021993.6726927,2611496.795352574,606239089.6096159,3466861.123845935,0.7806531079935963,4730929.528730834,2647800.2860616143,6861928.266147218,0.00019741058349609375,0.004540443420410156,0.8380952380952381
large_1000_r20_g50\Montage\reports\Montage_1000_extended_pairwise_metrics.csv,Montage_1000,NSGA-III,epsilon,min,20,0.330529152338707,0.040490431348801245,0.3398231883365095,0.06458630611036781,0.38445930783911403,0.030139545900941794,0.38696483377636415,0.04001139122984798,14.027532797560818,0.053930155500407015,0.031326377804587226,0.07724539227184815,0.00019741058349609375,0.004540443420410156,0.8380952380952381
large_1000_r20_g50\Montage\reports\Montage_1000_extended_pairwise_metrics.csv,Montage_1000,NSGA-III,hv,max,20,0.4519190206043836,0.028138729684386726,0.4530821452674637,0.04150598235694125,0.38582566774223537,0.01926512138138766,0.38075013990842455,0.03446544045415634,17.130366999404576,0.06609335286214824,0.05114861179665459,0.0808104853388885,9.5367431640625e-07,3.814697265625e-05,1.0
large_1000_r20_g50\Montage\reports\Montage_1000_extended_pairwise_metrics.csv,Montage_1000,NSGA-III,igd,min,20,0.18712282322653684,0.013113417368058362,0.18761170400756794,0.01432831022082598,0.2082901263117612,0.01147876947610972,0.20904823781000842,0.013842737720598297,10.162413101397757,0.02116730308522437,0.012905777683853132,0.029230829556343405,0.00013065338134765625,0.00313568115234375,0.8571428571428571
large_1000_r20_g50\Montage\reports\Montage_1000_extended_pairwise_metrics.csv,Montage_1000,NSGA-III,latency_best,min,20,10553220.18739983,338902.28120516345,10668449.660192175,381897.7784462441,10927323.100086745,176983.25526398604,10941161.240308369,207214.39962123334,3.4235549663937768,374102.91268691316,214956.16903649087,534435.3069266446,0.00029277801513671875,0.005855560302734375,0.819047619047619
large_1000_r20_g50\Montage\reports\Montage_1000_extended_pairwise_metrics.csv,Montage_1000,NSGA-III,makespan_best,min,20,70841.46308904237,1563.9776619728239,71096.36386711986,1930.6174085081439,71922.41322873498,1537.6377766572991,71941.59248688853,1833.5078822746,1.5029391967909342,1080.9501396926141,95.78620577981243,2151.345487601406,0.05699348449707031,0.7979087829589844,0.4095238095238095
large_1000_r20_g50\Montage\reports\Montage_1000_extended_pairwise_metrics.csv,Montage_1000,NSGA-III,spacing,min,20,0.04583048473339439,0.008442764919153955,0.04492405547408045,0.010821273204435163,0.04655669630779542,0.007600229757271644,0.044208976515159815,0.010470211443317626,1.5598434424983776,0.0007262115744010343,-0.0038883031494769712,0.004752534839481068,0.17440509796142578,1.0,0.24761904761904763
large_1000_r20_g50\Montage\reports\Montage_1000_extended_pairwise_metrics.csv,Montage_1000,NSGA-III,time,min,20,16.388926740005264,0.4842061727016509,16.367074400011916,0.3264092749886913,16.60606091999216,0.4058357478793704,16.644480049988488,0.21819405000132974,1.3075598182678396,0.21713417998689694,0.039108562597029994,0.4319568286132562,0.004154205322265625,0.07062149047851562,0.6571428571428571
large_1000_r20_g50\Montage\reports\Montage_1000_extended_pairwise_metrics.csv,Montage_1000,OVEA-style,cost_best,min,20,243037.14466846138,3641.730716849149,243221.50842846133,4393.558746538416,271174.69560469216,5134.811691994719,271808.9716353846,7584.854307692382,10.376171299275134,28137.5509362308,25557.854494959647,30748.707432511575,9.5367431640625e-07,3.814697265625e-05,1.0
large_1000_r20_g50\Montage\reports\Montage_1000_extended_pairwise_metrics.csv,Montage_1000,OVEA-style,coverage,max,20,0.17042717385491907,0.06303922826498616,0.17946428571428572,0.08962190291977526,0.009028027742884507,0.014957072071763042,0.0,0.012862137862137862,1787.756425972907,0.1613991461120346,0.13206231596021958,0.18845278161336862,9.5367431640625e-07,3.814697265625e-05,1.0
large_1000_r20_g50\Montage\reports\Montage_1000_extended_pairwise_metrics.csv,Montage_1000,OVEA-style,energy_best,min,20,601291064.143962,3633518.7713262006,602154414.3992312,5596200.154615283,616623062.4018469,3844615.8489537314,616931857.1792316,3360063.11134696,2.486445803399607,15331998.257884806,13604036.548387565,16971598.13405215,9.5367431640625e-07,3.814697265625e-05,1.0
large_1000_r20_g50\Montage\reports\Montage_1000_extended_pairwise_metrics.csv,Montage_1000,OVEA-style,epsilon,min,20,0.330529152338707,0.040490431348801245,0.3398231883365095,0.06458630611036781,0.5162213847479176,0.04707279609201116,0.5215352516412193,0.054665495311651435,35.97143355459561,0.1856922324092106,0.16383362054076314,0.20637917841485337,9.5367431640625e-07,3.814697265625e-05,1.0
large_1000_r20_g50\Montage\reports\Montage_1000_extended_pairwise_metrics.csv,Montage_1000,OVEA-style,hv,max,20,0.4519190206043836,0.028138729684386726,0.4530821452674637,0.04150598235694125,0.2281246428616309,0.03178815293317119,0.21926853920801204,0.029621544223700808,98.10179862001813,0.22379437774275276,0.20725528756324194,0.2398130596609158,9.5367431640625e-07,3.814697265625e-05,1.0
large_1000_r20_g50\Montage\reports\Montage_1000_extended_pairwise_metrics.csv,Montage_1000,OVEA-style,igd,min,20,0.18712282322653684,0.013113417368058362,0.18761170400756794,0.01432831022082598,0.3235286553356522,0.03558715571469406,0.3256868885068703,0.036942885427992456,42.16190122868654,0.13640583210911542,0.12140467657700463,0.1508071499196538,9.5367431640625e-07,3.814697265625e-05,1.0
large_1000_r20_g50\Montage\reports\Montage_1000_extended_pairwise_metrics.csv,Montage_1000,OVEA-style,latency_best,min,20,10553220.18739983,338902.28120516345,10668449.660192175,381897.7784462441,10656317.33975381,394459.1581029732,10687151.249741592,501171.2601196412,0.9674744948648598,103097.15235397677,-138072.20315511766,338967.7405062447,0.21521663665771484,1.0,0.20952380952380953
large_1000_r20_g50\Montage\reports\Montage_1000_extended_pairwise_metrics.csv,Montage_1000,OVEA-style,makespan_best,min,20,70841.46308904237,1563.9776619728239,71096.36386711986,1930.6174085081439,65582.75965918884,1071.5491156771066,65490.85774243538,1181.3514943426053,-8.018423526520097,-5258.703429853522,-5934.028530913281,-4532.154994187428,1.0,1.0,-1.0
large_1000_r20_g50\Montage\reports\Montage_1000_extended_pairwise_metrics.csv,Montage_1000,OVEA-style,spacing,min,20,0.04583048473339439,0.008442764919153955,0.04492405547408045,0.010821273204435163,0.0672610118826968,0.018529897782570994,0.06303027059960671,0.02722802345567432,31.86173765372018,0.021430527149302398,0.011915280246372003,0.031085978760146432,0.00029277801513671875,0.005855560302734375,0.819047619047619
large_1000_r20_g50\Montage\reports\Montage_1000_extended_pairwise_metrics.csv,Montage_1000,OVEA-style,time,min,20,16.388926740005264,0.4842061727016509,16.367074400011916,0.3264092749886913,17.457542319991624,0.34577580747924386,17.519081100006588,0.16628862492507324,6.1212257739316955,1.0686155799863628,0.8315821854741807,1.296308314008056,1.9073486328125e-06,5.14984130859375e-05,0.9904761904761905
large_1000_r20_g50\Montage\reports\Montage_1000_extended_pairwise_metrics.csv,Montage_1000,QL-NSGA-III,cost_best,min,20,243037.14466846138,3641.730716849149,243221.50842846133,4393.558746538416,240954.882722923,4857.176954847422,239788.86527461532,7498.699882307992,-0.8641708862703509,-2082.2619455383406,-4427.10058316333,232.58986430393384,0.9513463973999023,1.0,-0.41904761904761906
large_1000_r20_g50\Montage\reports\Montage_1000_extended_pairwise_metrics.csv,Montage_1000,QL-NSGA-III,coverage,max,20,0.18425156425844819,0.11047842955089318,0.18618421052631579,0.132129329004329,0.16459824958559138,0.13782956900689664,0.12179487179487179,0.13095080487652105,11.940172342256314,0.01965331467285681,-0.08123685571871367,0.11549502776231828,0.23745250701904297,1.0,0.19047619047619047
large_1000_r20_g50\Montage\reports\Montage_1000_extended_pairwise_metrics.csv,Montage_1000,QL-NSGA-III,energy_best,min,20,601291064.143962,3633518.7713262006,602154414.3992312,5596200.154615283,602570672.8564622,3270854.7614994966,601726398.8792313,3882424.8323076963,0.21235827930926018,1279608.7125001014,-726112.1143441917,3268616.020148242,0.13054943084716797,1.0,0.29523809523809524
large_1000_r20_g50\Montage\reports\Montage_1000_extended_pairwise_metrics.csv,Montage_1000,QL-NSGA-III,epsilon,min,20,0.330529152338707,0.040490431348801245,0.3398231883365095,0.06458630611036781,0.34469978550006664,0.03768539404772272,0.3348834183799426,0.04480745358314603,4.111007246726847,0.014170633161359667,-0.008974360909783092,0.03775771691188447,0.12274360656738281,1.0,0.3047619047619048
large_1000_r20_g50\Montage\reports\Montage_1000_extended_pairwise_metrics.csv,Montage_1000,QL-NSGA-III,hv,max,20,0.4519190206043836,0.028138729684386726,0.4530821452674637,0.04150598235694125,0.4414107917952152,0.03052335755729338,0.4443775671401563,0.03263082082275981,2.3806007928423094,0.010508228809168393,-0.0012396798021216422,0.02267335059905382,0.05699348449707031,0.7979087829589844,0.4095238095238095
large_1000_r20_g50\Montage\reports\Montage_1000_extended_pairwise_metrics.csv,Montage_1000,QL-NSGA-III,igd,min,20,0.18712282322653684,0.013113417368058362,0.18761170400756794,0.01432831022082598,0.19166932653352317,0.011910078022332281,0.19293234488621497,0.018333861768462995,2.3720557635450055,0.004546503306986342,-0.002633595317784477,0.011455606231094258,0.06636333465576172,0.7979087829589844,0.3904761904761905
large_1000_r20_g50\Montage\reports\Montage_1000_extended_pairwise_metrics.csv,Montage_1000,QL-NSGA-III,latency_best,min,20,10553220.18739983,338902.28120516345,10668449.660192175,381897.7784462441,10663650.142995594,264018.000276498,10742762.692260938,329120.8646186739,1.035573693012605,110429.95559576321,-78729.51938056406,306983.405718747,0.18413829803466797,1.0,0.23809523809523808
large_1000_r20_g50\Montage\reports\Montage_1000_extended_pairwise_metrics.csv,Montage_1000,QL-NSGA-III,makespan_best,min,20,70841.46308904237,1563.9776619728239,71096.36386711986,1930.6174085081439,71891.94384956281,1804.9900053372276,72483.04053940959,2413.1757579018886,1.461193986795822,1050.4807605204383,103.1314113300287,1978.671482823608,0.01811695098876953,0.27175426483154297,0.5333333333333333
large_1000_r20_g50\Montage\reports\Montage_1000_extended_pairwise_metrics.csv,Montage_1000,QL-NSGA-III,spacing,min,20,0.04583048473339439,0.008442764919153955,0.04492405547408045,0.010821273204435163,0.0443995284108469,0.006941204390697531,0.04366899776613938,0.010264874286042766,-3.2229088320629713,-0.0014309563225474887,-0.005126919429571266,0.0023751031496102248,0.7738122940063477,1.0,-0.19047619047619047
large_1000_r20_g50\Montage\reports\Montage_1000_extended_pairwise_metrics.csv,Montage_1000,QL-NSGA-III,time,min,20,16.388926740005264,0.4842061727016509,16.367074400011916,0.3264092749886913,16.735698290009168,0.3665317977167526,16.800621500005946,0.29714587501075584,2.072047093552821,0.34677155000390486,0.0963220767478198,0.5532462492396734,0.0007162094116210938,0.012891769409179688,0.7714285714285715
large_1000_r20_g50\Montage\reports\Montage_1000_extended_pairwise_metrics.csv,Montage_1000,QMOEA/D-AWA-style,cost_best,min,20,243037.14466846138,3641.730716849149,243221.50842846133,4393.558746538416,245985.41742961522,4653.273273488,246016.63612692297,7414.748434230743,1.1985559111435717,2948.2727611538794,401.66734292122277,5487.937256671255,0.014787673950195312,0.236602783203125,0.5523809523809524
large_1000_r20_g50\Montage\reports\Montage_1000_extended_pairwise_metrics.csv,Montage_1000,QMOEA/D-AWA-style,coverage,max,20,0.04473910563135687,0.03202233504208415,0.040257648953301126,0.022807017543859644,0.0,0.0,0.0,0.0,nan,0.04473910563135687,0.03128266426139858,0.058838536833960176,0.00021743861208829105,0.004566210853854112,1.0
large_1000_r20_g50\Montage\reports\Montage_1000_extended_pairwise_metrics.csv,Montage_1000,QMOEA/D-AWA-style,energy_best,min,20,601291064.143962,3633518.7713262006,602154414.3992312,5596200.154615283,579883067.5878465,3935485.7148437053,579970098.9380774,4277431.3384616375,-3.691778179550381,-21407996.5561154,-23885910.337485597,-19013513.297619283,1.0,1.0,-1.0
large_1000_r20_g50\Montage\reports\Montage_1000_extended_pairwise_metrics.csv,Montage_1000,QMOEA/D-AWA-style,epsilon,min,20,0.330529152338707,0.040490431348801245,0.3398231883365095,0.06458630611036781,0.4974989705373062,0.06110757341768707,0.5017967008869945,0.04924041816247943,33.5618419508023,0.16696981819859918,0.13456426146469494,0.2009791864871301,9.5367431640625e-07,3.814697265625e-05,1.0
large_1000_r20_g50\Montage\reports\Montage_1000_extended_pairwise_metrics.csv,Montage_1000,QMOEA/D-AWA-style,hv,max,20,0.4519190206043836,0.028138729684386726,0.4530821452674637,0.04150598235694125,0.25316305497970626,0.030691187504647735,0.250178613482865,0.05084997299641267,78.50907220273898,0.1987559656246774,0.18006030124473862,0.21761468672337397,9.5367431640625e-07,3.814697265625e-05,1.0
large_1000_r20_g50\Montage\reports\Montage_1000_extended_pairwise_metrics.csv,Montage_1000,QMOEA/D-AWA-style,igd,min,20,0.18712282322653684,0.013113417368058362,0.18761170400756794,0.01432831022082598,0.34470954965300554,0.02880751349487221,0.33819272467122563,0.028893139977938465,45.71579945641193,0.15758672642646865,0.14529940728943747,0.1711227623390901,9.5367431640625e-07,3.814697265625e-05,1.0
large_1000_r20_g50\Montage\reports\Montage_1000_extended_pairwise_metrics.csv,Montage_1000,QMOEA/D-AWA-style,latency_best,min,20,10553220.18739983,338902.28120516345,10668449.660192175,381897.7784462441,12361496.021519657,249449.45632897536,12387555.431227226,296750.3457369562,14.62829281319889,1808275.8341198242,1666062.5209202827,1965464.4854164165,9.5367431640625e-07,3.814697265625e-05,1.0
large_1000_r20_g50\Montage\reports\Montage_1000_extended_pairwise_metrics.csv,Montage_1000,QMOEA/D-AWA-style,makespan_best,min,20,70841.46308904237,1563.9776619728239,71096.36386711986,1930.6174085081439,84323.36660944686,3166.557573259459,84954.23329743248,4133.406367949268,15.988336403653616,13481.903520404496,11956.310300793304,14989.843932977303,9.5367431640625e-07,3.814697265625e-05,1.0
large_1000_r20_g50\Montage\reports\Montage_1000_extended_pairwise_metrics.csv,Montage_1000,QMOEA/D-AWA-style,spacing,min,20,0.04583048473339439,0.008442764919153955,0.04492405547408045,0.010821273204435163,0.15482109557473595,0.08204215007399705,0.14776148973858305,0.1509566666340647,70.39777779426004,0.10899061084134158,0.07573808531632417,0.14374087287777385,6.67572021484375e-06,0.0001735687255859375,0.9619047619047619
large_1000_r20_g50\Montage\reports\Montage_1000_extended_pairwise_metrics.csv,Montage_1000,QMOEA/D-AWA-style,time,min,20,16.388926740005264,0.4842061727016509,16.367074400011916,0.3264092749886913,25.804002539999782,1.1772252019209797,25.732067200005986,0.9929517500277143,36.486881387489575,9.41507579999452,8.947959525232728,10.037859516751704,9.5367431640625e-07,3.814697265625e-05,1.0
large_1000_r20_g50\Sipht\reports\Sipht_1000_extended_pairwise_metrics.csv,Sipht_1000,NSGA-III,cost_best,min,20,2589578.4870547676,178954.35646623955,2599435.1696430757,227015.2851896151,2587328.62285269,189643.94012830177,2605484.937314611,166575.0514273122,-0.08695703291052706,-2249.8642020772445,-105914.71359498917,94060.1840204902,0.4636392593383789,1.0,0.02857142857142857
large_1000_r20_g50\Sipht\reports\Sipht_1000_extended_pairwise_metrics.csv,Sipht_1000,NSGA-III,coverage,max,20,0.4749159255429903,0.1656220641899633,0.4862987987987988,0.25615229840581943,0.09935632458676144,0.06797739690472064,0.0821917808219178,0.08177092027213657,377.9926466868015,0.3755596009562287,0.2803667596200364,0.4683454098650232,9.5367431640625e-07,3.814697265625e-05,1.0
large_1000_r20_g50\Sipht\reports\Sipht_1000_extended_pairwise_metrics.csv,Sipht_1000,NSGA-III,energy_best,min,20,8172525038.671181,109885151.13380106,8173761485.116524,194285136.25673485,8289530851.972064,91111334.88666506,8272060762.709221,93683632.04538059,1.4114889659050829,117005813.30088277,64027789.29614603,167431482.54574674,0.0004253387451171875,0.007656097412109375,0.8
large_1000_r20_g50\Sipht\reports\Sipht_1000_extended_pairwise_metrics.csv,Sipht_1000,NSGA-III,epsilon,min,20,0.24558845737941795,0.041649962742523416,0.24559028265931604,0.07493812696971075,0.29024392770789753,0.035142743874623454,0.2835055029751836,0.03613491000116115,15.385496840926505,0.04465547032847959,0.0240620045618911,0.064238408383507,0.0004253387451171875,0.007656097412109375,0.8
large_1000_r20_g50\Sipht\reports\Sipht_1000_extended_pairwise_metrics.csv,Sipht_1000,NSGA-III,hv,max,20,0.5276084824976413,0.03762964471751752,0.5288287396372686,0.043117829112026884,0.4748385974005192,0.027481569621949795,0.4762903694807222,0.03729465719547492,11.113225712064736,0.05276988509712216,0.03876277092794298,0.06665995310532535,4.76837158203125e-06,0.00010967254638671875,0.9714285714285714
large_1000_r20_g50\Sipht\reports\Sipht_1000_extended_pairwise_metrics.csv,Sipht_1000,NSGA-III,igd,min,20,0.1509531813798805,0.009871736665217868,0.15226383466107163,0.018961138551052914,0.16489596456675185,0.009169395188418167,0.16568462139512846,0.011692655727229329,8.455502973347254,0.013942783186871324,0.00874728812322934,0.018803545517446476,0.00019741058349609375,0.0037508010864257812,0.8380952380952381
large_1000_r20_g50\Sipht\reports\Sipht_1000_extended_pairwise_metrics.csv,Sipht_1000,NSGA-III,latency_best,min,20,185272714.94878715,3180897.9767988343,185612583.45254192,5454961.389585614,186271017.45938194,3684491.12516787,186065524.22820568,3634345.05613482,0.5359408694981086,998302.5105947896,-994151.5052731618,3110809.070115623,0.18413829803466797,1.0,0.23809523809523808
large_1000_r20_g50\Sipht\reports\Sipht_1000_extended_pairwise_metrics.csv,Sipht_1000,NSGA-III,makespan_best,min,20,943592.261516615,25502.299530090208,948437.6738800213,34526.16641110822,945419.5990388738,34444.83576061778,939959.7927734279,31149.038074243,0.19328322832702485,1827.3375222587551,-15347.134518465231,19295.943811961653,0.4491586685180664,1.0,0.0380952380952381
large_1000_r20_g50\Sipht\reports\Sipht_1000_extended_pairwise_metrics.csv,Sipht_1000,NSGA-III,spacing,min,20,0.05453413590966265,0.014555076533771251,0.0524907001216406,0.009227410387057905,0.061975444660701005,0.012022058271298548,0.06333250360735104,0.017626897512055685,12.006866254494073,0.00744130875103835,-0.0022508814511490367,0.01610531874448899,0.0085906982421875,0.1288604736328125,0.6
large_1000_r20_g50\Sipht\reports\Sipht_1000_extended_pairwise_metrics.csv,Sipht_1000,NSGA-III,time,min,20,16.269517095014454,0.4187343050370545,16.094348250015173,0.757166724986746,16.62740248500777,0.5308755224124998,16.610924600012368,0.8430706750659738,2.152383033465434,0.3578853899933165,0.1903214669823501,0.5806203814936453,3.147125244140625e-05,0.0006923675537109375,0.9142857142857143
large_1000_r20_g50\Sipht\reports\Sipht_1000_extended_pairwise_metrics.csv,Sipht_1000,OVEA-style,cost_best,min,20,2589578.4870547676,178954.35646623955,2599435.1696430757,227015.2851896151,3659388.8966642274,155100.4372951476,3691592.5951338434,111058.8377353847,29.23467387094774,1069810.4096094603,981560.0785330303,1148698.3250591012,9.5367431640625e-07,3.814697265625e-05,1.0
large_1000_r20_g50\Sipht\reports\Sipht_1000_extended_pairwise_metrics.csv,Sipht_1000,OVEA-style,coverage,max,20,0.24847805909779236,0.09101606837157893,0.23363636363636364,0.12773954116059377,0.030185588280396147,0.03189474302450052,0.015038444142921756,0.03004754533392304,723.1678534460267,0.2182924708173962,0.17343333666439173,0.2654666927956314,9.5367431640625e-07,3.814697265625e-05,1.0
large_1000_r20_g50\Sipht\reports\Sipht_1000_extended_pairwise_metrics.csv,Sipht_1000,OVEA-style,energy_best,min,20,8172525038.671181,109885151.13380106,8173761485.116524,194285136.25673485,8578178303.077982,116385385.56634213,8571757943.633444,150941791.9874878,4.728897559301683,405653264.4068003,330420732.4895591,481101729.4664761,9.5367431640625e-07,3.814697265625e-05,1.0
large_1000_r20_g50\Sipht\reports\Sipht_1000_extended_pairwise_metrics.csv,Sipht_1000,OVEA-style,epsilon,min,20,0.24558845737941795,0.041649962742523416,0.24559028265931604,0.07493812696971075,0.5512661864694854,0.05761983457784297,0.5632298650443109,0.04125837405953303,55.45011404522049,0.3056777290900677,0.2727337060112891,0.33733578333537795,9.5367431640625e-07,3.814697265625e-05,1.0
large_1000_r20_g50\Sipht\reports\Sipht_1000_extended_pairwise_metrics.csv,Sipht_1000,OVEA-style,hv,max,20,0.5276084824976413,0.03762964471751752,0.5288287396372686,0.043117829112026884,0.2322888378172893,0.02967746947538196,0.23076790381781526,0.03597651127448118,127.1346688266789,0.295319644680352,0.27298758565699666,0.3175083860481679,9.5367431640625e-07,3.814697265625e-05,1.0
large_1000_r20_g50\Sipht\reports\Sipht_1000_extended_pairwise_metrics.csv,Sipht_1000,OVEA-style,igd,min,20,0.1509531813798805,0.009871736665217868,0.15226383466107163,0.018961138551052914,0.260996896447097,0.020333523452511184,0.26451951939426843,0.022307220729941457,42.16284429631978,0.11004371506721652,0.09946298558327524,0.12009863868945342,9.5367431640625e-07,3.814697265625e-05,1.0
large_1000_r20_g50\Sipht\reports\Sipht_1000_extended_pairwise_metrics.csv,Sipht_1000,OVEA-style,latency_best,min,20,185272714.94878715,3180897.9767988343,185612583.45254192,5454961.389585614,184351885.39695704,4236569.233975749,184848606.30234554,6682392.619632721,-0.49949559769748486,-920829.5518301099,-3037245.266537533,1360770.9923870182,0.7954511642456055,1.0,-0.20952380952380953
large_1000_r20_g50\Sipht\reports\Sipht_1000_extended_pairwise_metrics.csv,Sipht_1000,OVEA-style,makespan_best,min,20,943592.261516615,25502.299530090208,948437.6738800213,34526.16641110822,839404.0216393428,28447.665915788086,841763.4323387668,42199.12036939897,-12.412168299336273,-104188.23987727244,-118241.09104956091,-89988.02921002761,1.0,1.0,-1.0
large_1000_r20_g50\Sipht\reports\Sipht_1000_extended_pairwise_metrics.csv,Sipht_1000,OVEA-style,spacing,min,20,0.05453413590966265,0.014555076533771251,0.0524907001216406,0.009227410387057905,0.10034335014589635,0.02472783074439054,0.09069342598459584,0.039833616438210956,45.65246642615422,0.0458092142362337,0.03704444792563712,0.055127949320051294,9.5367431640625e-07,3.814697265625e-05,1.0
large_1000_r20_g50\Sipht\reports\Sipht_1000_extended_pairwise_metrics.csv,Sipht_1000,OVEA-style,time,min,20,16.269517095014454,0.4187343050370545,16.094348250015173,0.757166724986746,17.70757410999795,0.5719081469519609,17.84100190002937,0.9859735500067472,8.121140739270142,1.4380570149834966,1.240579676740017,1.6824107390083374,9.5367431640625e-07,3.814697265625e-05,1.0
large_1000_r20_g50\Sipht\reports\Sipht_1000_extended_pairwise_metrics.csv,Sipht_1000,QL-NSGA-III,cost_best,min,20,2589578.4870547676,178954.35646623955,2599435.1696430757,227015.2851896151,2492924.47102869,159883.13619480786,2473970.4154115347,224053.98144384846,-3.8771337499123524,-96654.01602607705,-206681.63728810806,12381.536458269084,0.9231767654418945,1.0,-0.3619047619047619
large_1000_r20_g50\Sipht\reports\Sipht_1000_extended_pairwise_metrics.csv,Sipht_1000,QL-NSGA-III,coverage,max,20,0.29661987186580496,0.20497002895322086,0.2887631526702402,0.31034357338705165,0.21871947414014437,0.17571769623184458,0.18365455893254262,0.1817730062268202,35.61658056828811,0.07790039772566057,-0.07899106182599541,0.22965183824860477,0.1558971405029297,1.0,0.26666666666666666
large_1000_r20_g50\Sipht\reports\Sipht_1000_extended_pairwise_metrics.csv,Sipht_1000,QL-NSGA-III,energy_best,min,20,8172525038.671181,109885151.13380106,8173761485.116524,194285136.25673485,8182255740.538872,105287600.17977977,8159433705.902676,140282699.78712273,0.1189244405974799,9730701.867689181,-63315900.44889582,82346250.74715608,0.4204111099243164,1.0,0.05714285714285714
large_1000_r20_g50\Sipht\reports\Sipht_1000_extended_pairwise_metrics.csv,Sipht_1000,QL-NSGA-III,epsilon,min,20,0.24558845737941795,0.041649962742523416,0.24559028265931604,0.07493812696971075,0.2502119212876238,0.03842704013328834,0.24006388491933428,0.05410873405369318,1.8478191943904616,0.004623463908205819,-0.022342339540426245,0.0316780680497968,0.4491586685180664,1.0,0.0380952380952381
large_1000_r20_g50\Sipht\reports\Sipht_1000_extended_pairwise_metrics.csv,Sipht_1000,QL-NSGA-III,hv,max,20,0.5276084824976413,0.03762964471751752,0.5288287396372686,0.043117829112026884,0.5201384111752069,0.042393601834119235,0.5220448951550253,0.04346660962826532,1.4361699043830298,0.007470071322434396,-0.017905358703132732,0.031013253871723455,0.22618770599365234,1.0,0.2
large_1000_r20_g50\Sipht\reports\Sipht_1000_extended_pairwise_metrics.csv,Sipht_1000,QL-NSGA-III,igd,min,20,0.1509531813798805,0.009871736665217868,0.15226383466107163,0.018961138551052914,0.15264234850007463,0.013714893206090942,0.15649432744899858,0.01821146788312339,1.1066176174518816,0.0016891671201941134,-0.007386360375715125,0.01019128989744976,0.3371114730834961,1.0,0.11428571428571428
large_1000_r20_g50\Sipht\reports\Sipht_1000_extended_pairwise_metrics.csv,Sipht_1000,QL-NSGA-III,latency_best,min,20,185272714.94878715,3180897.9767988343,185612583.45254192,5454961.389585614,188078359.6606784,2853422.1320403544,188355061.3796973,3294985.2375718653,1.4917424402004773,2805644.7118912577,1196626.813785334,4472382.708180204,0.0011625289916992188,0.0186004638671875,0.7428571428571429
large_1000_r20_g50\Sipht\reports\Sipht_1000_extended_pairwise_metrics.csv,Sipht_1000,QL-NSGA-III,makespan_best,min,20,943592.261516615,25502.299530090208,948437.6738800213,34526.16641110822,944425.3253264442,47251.08075675699,950374.279480384,62222.144796566805,0.08820854200846745,833.0638098290481,-24065.646628051545,26411.872741575695,0.5072822570800781,1.0,0.0
large_1000_r20_g50\Sipht\reports\Sipht_1000_extended_pairwise_metrics.csv,Sipht_1000,QL-NSGA-III,spacing,min,20,0.05453413590966265,0.014555076533771251,0.0524907001216406,0.009227410387057905,0.06225521165896201,0.0144820476082466,0.06051272168334022,0.018951450632320142,12.40229619906507,0.00772107574929935,-0.0012414424169614625,0.016011674247211758,0.02422046661376953,0.33908653259277344,0.5047619047619047
large_1000_r20_g50\Sipht\reports\Sipht_1000_extended_pairwise_metrics.csv,Sipht_1000,QL-NSGA-III,time,min,20,16.269517095014454,0.4187343050370545,16.094348250015173,0.757166724986746,16.849699140005395,0.4373153147198135,16.97841554999468,0.8718900750100147,3.4432783646174685,0.5801820449909428,0.4390855224960251,0.7360290774884197,1.9073486328125e-06,4.57763671875e-05,0.9904761904761905
large_1000_r20_g50\Sipht\reports\Sipht_1000_extended_pairwise_metrics.csv,Sipht_1000,QMOEA/D-AWA-style,cost_best,min,20,2589578.4870547676,178954.35646623955,2599435.1696430757,227015.2851896151,3664365.280679612,172655.56875982267,3694679.492782304,181231.63823346002,29.330776582009012,1074786.793624845,1011721.6103340619,1139541.4724994693,9.5367431640625e-07,3.814697265625e-05,1.0
large_1000_r20_g50\Sipht\reports\Sipht_1000_extended_pairwise_metrics.csv,Sipht_1000,QMOEA/D-AWA-style,coverage,max,20,0.08507786651147348,0.06793000394916736,0.061669829222011384,0.058630952380952395,0.0013891568589619913,0.0042761927894430845,0.0,0.0,6024.424751791209,0.08368870965251149,0.05711666388660705,0.11396564313527813,7.659764157046891e-05,0.0015319528314093782,0.9894736842105263
large_1000_r20_g50\Sipht\reports\Sipht_1000_extended_pairwise_metrics.csv,Sipht_1000,QMOEA/D-AWA-style,energy_best,min,20,8172525038.671181,109885151.13380106,8173761485.116524,194285136.25673485,7623119335.024066,59652451.3304046,7620920150.260763,81406954.50172329,-7.207098295351299,-549405703.647114,-603842451.8910766,-491866955.29810035,1.0,1.0,-1.0
large_1000_r20_g50\Sipht\reports\Sipht_1000_extended_pairwise_metrics.csv,Sipht_1000,QMOEA/D-AWA-style,epsilon,min,20,0.24558845737941795,0.041649962742523416,0.24559028265931604,0.07493812696971075,0.5542293788548516,0.06435928475240654,0.5709274822538506,0.06732757945364054,55.68830041329591,0.30864092147543376,0.27594729740133794,0.34077682566538814,9.5367431640625e-07,3.814697265625e-05,1.0
large_1000_r20_g50\Sipht\reports\Sipht_1000_extended_pairwise_metrics.csv,Sipht_1000,QMOEA/D-AWA-style,hv,max,20,0.5276084824976413,0.03762964471751752,0.5288287396372686,0.043117829112026884,0.2320673199012903,0.04551543208026754,0.22868750237320135,0.06298099618128783,127.35147832191937,0.29554116259635105,0.2732492652070853,0.32177701860379837,9.5367431640625e-07,3.814697265625e-05,1.0
large_1000_r20_g50\Sipht\reports\Sipht_1000_extended_pairwise_metrics.csv,Sipht_1000,QMOEA/D-AWA-style,igd,min,20,0.1509531813798805,0.009871736665217868,0.15226383466107163,0.018961138551052914,0.4046878295636098,0.049616384056681576,0.40652279337925934,0.03868569379441256,62.6988581439034,0.2537346481837293,0.23175157850835665,0.27786437434769196,9.5367431640625e-07,3.814697265625e-05,1.0
large_1000_r20_g50\Sipht\reports\Sipht_1000_extended_pairwise_metrics.csv,Sipht_1000,QMOEA/D-AWA-style,latency_best,min,20,185272714.94878715,3180897.9767988343,185612583.45254192,5454961.389585614,214111915.80559203,6453697.736016725,213110367.75569665,10405737.639630318,13.469218071445454,28839200.856804907,25556808.470295403,32230188.578710668,9.5367431640625e-07,3.814697265625e-05,1.0
large_1000_r20_g50\Sipht\reports\Sipht_1000_extended_pairwise_metrics.csv,Sipht_1000,QMOEA/D-AWA-style,makespan_best,min,20,943592.261516615,25502.299530090208,948437.6738800213,34526.16641110822,1323578.758633709,121897.98803628185,1318241.846019882,104124.12505477201,28.7090204975292,379986.4971170941,325804.6734188436,433568.80073370546,9.5367431640625e-07,3.814697265625e-05,1.0
large_1000_r20_g50\Sipht\reports\Sipht_1000_extended_pairwise_metrics.csv,Sipht_1000,QMOEA/D-AWA-style,spacing,min,20,0.05453413590966265,0.014555076533771251,0.0524907001216406,0.009227410387057905,0.145541196690152,0.07367261101732503,0.14977183470583522,0.10745955176087457,62.53010340037098,0.09100706078048933,0.059530660276276536,0.12284083210577562,5.245208740234375e-05,0.0011014938354492188,0.8952380952380953
large_1000_r20_g50\Sipht\reports\Sipht_1000_extended_pairwise_metrics.csv,Sipht_1000,QMOEA/D-AWA-style,time,min,20,16.269517095014454,0.4187343050370545,16.094348250015173,0.757166724986746,25.984015299999736,1.833861133308237,26.171951300028013,2.391613400002825,37.38643967387666,9.714498204985285,8.992076810867367,10.425250630727387,9.5367431640625e-07,3.814697265625e-05,1.0
large_3000_r10_g20\Epigenomics\reports\Epigenomics_3000_wfcommons_extended_pairwise_metrics.csv,Epigenomics_3000_wfcommons,NSGA-III,cost_best,min,10,1386366.431549531,42356.16812374074,1399505.8680492225,48502.02707730979,1411026.72343707,37842.29652076332,1420383.9537669173,39555.168028845685,1.747684255580209,24660.29188753911,552.9552085475806,51999.00035853531,0.0419921875,0.755859375,0.6363636363636364
large_3000_r10_g20\Epigenomics\reports\Epigenomics_3000_wfcommons_extended_pairwise_metrics.csv,Epigenomics_3000_wfcommons,NSGA-III,coverage,max,10,0.5173914637336304,0.23184815267299852,0.5227272727272727,0.27080722639933164,0.12152695474614454,0.14918058547408533,0.08696309739866909,0.06138967164910561,325.74214487181064,0.39586450898748604,0.17389764318937778,0.5943448005707982,0.0068359375,0.13671875,0.8545454545454545
large_3000_r10_g20\Epigenomics\reports\Epigenomics_3000_wfcommons_extended_pairwise_metrics.csv,Epigenomics_3000_wfcommons,NSGA-III,energy_best,min,10,3562573256.8870735,20010286.933657385,3558133336.151922,34466390.32153797,3605297656.770846,26517677.810496878,3608859663.8599977,35750628.83827019,1.1850450074083287,42724399.88377204,28329610.991559703,55830481.71046452,0.001953125,0.048828125,0.9636363636363636
large_3000_r10_g20\Epigenomics\reports\Epigenomics_3000_wfcommons_extended_pairwise_metrics.csv,Epigenomics_3000_wfcommons,NSGA-III,epsilon,min,10,0.22164696698334535,0.05236797509755667,0.2303882359254237,0.05048654542353467,0.26638537484428587,0.05144633194131562,0.2709540187740065,0.02366607903589435,16.79461865618265,0.04473840786094054,0.019134405237979678,0.07276793390471138,0.0048828125,0.1025390625,0.8909090909090909
large_3000_r10_g20\Epigenomics\reports\Epigenomics_3000_wfcommons_extended_pairwise_metrics.csv,Epigenomics_3000_wfcommons,NSGA-III,hv,max,10,0.624098121340342,0.045356956030595905,0.6215953114835853,0.03473977335644873,0.5536018019521648,0.0557005423052827,0.5547602792129627,0.05549523667498213,12.73412028999657,0.07049631938817721,0.04613296501112181,0.09762291367445586,0.001953125,0.048828125,0.9636363636363636
large_3000_r10_g20\Epigenomics\reports\Epigenomics_3000_wfcommons_extended_pairwise_metrics.csv,Epigenomics_3000_wfcommons,NSGA-III,igd,min,10,0.11532692371871542,0.016923532903795405,0.11572973411664697,0.02290292693728617,0.14402472635987795,0.02077446615136382,0.14106161602764708,0.030652705490649274,19.925608169151914,0.02869780264116255,0.02179630687269645,0.03618215604274967,0.0009765625,0.0390625,1.0
large_3000_r10_g20\Epigenomics\reports\Epigenomics_3000_wfcommons_extended_pairwise_metrics.csv,Epigenomics_3000_wfcommons,NSGA-III,latency_best,min,10,139787131.8167385,7016130.325419978,140409381.17656642,11823529.755322754,139113472.1906968,5339579.628061441,137771721.2049808,9054090.77613169,-0.48425189554483095,-673659.6260416269,-5916976.303810743,4591849.051507508,0.615234375,1.0,-0.09090909090909091
large_3000_r10_g20\Epigenomics\reports\Epigenomics_3000_wfcommons_extended_pairwise_metrics.csv,Epigenomics_3000_wfcommons,NSGA-III,makespan_best,min,10,351374.57142200455,14686.200875412167,349321.42001442483,25812.02575699106,352672.8780231782,9907.224990778177,353706.1946798181,10736.788769992767,0.3681333842429259,1298.3066011736985,-6985.8569918731255,9582.904466520995,0.4228515625,1.0,0.09090909090909091
large_3000_r10_g20\Epigenomics\reports\Epigenomics_3000_wfcommons_extended_pairwise_metrics.csv,Epigenomics_3000_wfcommons,NSGA-III,spacing,min,10,0.05231735192333148,0.01405619194214848,0.04917948363732694,0.009261194775210126,0.06299394682559316,0.021277710267764333,0.05615543247738469,0.027049536371980244,16.94860449341459,0.010676594902261685,0.0005795052968205471,0.022152103551926,0.080078125,1.0,0.5272727272727272
large_3000_r10_g20\Epigenomics\reports\Epigenomics_3000_wfcommons_extended_pairwise_metrics.csv,Epigenomics_3000_wfcommons,NSGA-III,time,min,10,15.528099080000539,0.1665632082058906,15.50926735001849,0.0634678999776952,15.812523980002151,0.08865052825044753,15.794406150002033,0.09522412499063648,1.7987318176485931,0.2844249000016134,0.16031888448880635,0.37523956476026793,0.001953125,0.048828125,0.9636363636363636
large_3000_r10_g20\Epigenomics\reports\Epigenomics_3000_wfcommons_extended_pairwise_metrics.csv,Epigenomics_3000_wfcommons,OVEA-style,cost_best,min,10,1386366.431549531,42356.16812374074,1399505.8680492225,48502.02707730979,1564721.2139927605,29342.372700578126,1571787.9468969135,45235.87107692356,11.398502228273284,178354.7824432295,150546.03049391235,207644.27866297978,0.0009765625,0.0390625,1.0
large_3000_r10_g20\Epigenomics\reports\Epigenomics_3000_wfcommons_extended_pairwise_metrics.csv,Epigenomics_3000_wfcommons,OVEA-style,coverage,max,10,0.17444167865079258,0.07386860527908842,0.16064516129032258,0.08969298245614035,0.039988938248962894,0.034615717362801446,0.03540100250626566,0.019207971448537482,336.2248318891455,0.1344527404018297,0.09099397818806446,0.18017361025786893,0.0009765625,0.0390625,1.0
large_3000_r10_g20\Epigenomics\reports\Epigenomics_3000_wfcommons_extended_pairwise_metrics.csv,Epigenomics_3000_wfcommons,OVEA-style,energy_best,min,10,3562573256.8870735,20010286.933657385,3558133336.151922,34466390.32153797,3611003776.4696913,27300793.62898109,3616463442.643074,17620046.132880688,1.3411927148402487,48430519.582617715,26146593.3073877,68221550.4960449,0.0029296875,0.064453125,0.9272727272727272
large_3000_r10_g20\Epigenomics\reports\Epigenomics_3000_wfcommons_extended_pairwise_metrics.csv,Epigenomics_3000_wfcommons,OVEA-style,epsilon,min,10,0.22164696698334535,0.05236797509755667,0.2303882359254237,0.05048654542353467,0.4990532800107922,0.04771511877513028,0.5105448523970684,0.07356034167234715,55.58651233019606,0.27740631302744684,0.23870832304265766,0.3146043464435037,0.0009765625,0.0390625,1.0
large_3000_r10_g20\Epigenomics\reports\Epigenomics_3000_wfcommons_extended_pairwise_metrics.csv,Epigenomics_3000_wfcommons,OVEA-style,hv,max,10,0.624098121340342,0.045356956030595905,0.6215953114835853,0.03473977335644873,0.4287786540050461,0.04063517294791326,0.43392300172983767,0.032875631641377134,45.55251655158125,0.19531946733529598,0.1696534684073991,0.21712477620081816,0.0009765625,0.0390625,1.0
large_3000_r10_g20\Epigenomics\reports\Epigenomics_3000_wfcommons_extended_pairwise_metrics.csv,Epigenomics_3000_wfcommons,OVEA-style,igd,min,10,0.11532692371871542,0.016923532903795405,0.11572973411664697,0.02290292693728617,0.18401335297127136,0.024111202870762183,0.1829878616114729,0.01982438111755519,37.326872285882125,0.06868642925255597,0.05425617936002388,0.08105887991999854,0.0009765625,0.0390625,1.0
large_3000_r10_g20\Epigenomics\reports\Epigenomics_3000_wfcommons_extended_pairwise_metrics.csv,Epigenomics_3000_wfcommons,OVEA-style,latency_best,min,10,139787131.8167385,7016130.325419978,140409381.17656642,11823529.755322754,134409149.55967242,6410236.100315686,133456414.97767162,8203038.0432216525,-4.0012025034638405,-5377982.257066096,-9377154.873014053,-916386.8790470281,0.986328125,1.0,-0.7454545454545455
large_3000_r10_g20\Epigenomics\reports\Epigenomics_3000_wfcommons_extended_pairwise_metrics.csv,Epigenomics_3000_wfcommons,OVEA-style,makespan_best,min,10,351374.57142200455,14686.200875412167,349321.42001442483,25812.02575699106,333176.6116241964,12177.616485324086,333377.99676092877,12041.100896167685,-5.461955960562554,-18197.959797808144,-27197.070509962705,-8544.695889700266,0.9970703125,1.0,-0.8909090909090909
large_3000_r10_g20\Epigenomics\reports\Epigenomics_3000_wfcommons_extended_pairwise_metrics.csv,Epigenomics_3000_wfcommons,OVEA-style,spacing,min,10,0.05231735192333148,0.01405619194214848,0.04917948363732694,0.009261194775210126,0.06991292595060873,0.027066532906987992,0.06111221883522036,0.01573564768296936,25.167840979374784,0.017595574027277253,0.0005799820959606544,0.037676434880597943,0.080078125,1.0,0.5272727272727272
large_3000_r10_g20\Epigenomics\reports\Epigenomics_3000_wfcommons_extended_pairwise_metrics.csv,Epigenomics_3000_wfcommons,OVEA-style,time,min,10,15.528099080000539,0.1665632082058906,15.50926735001849,0.0634678999776952,16.798947329993826,0.11959902411370874,16.78855975001352,0.07936012500431389,7.565046934364991,1.270848249993287,1.1344440045289228,1.4008577039973171,0.0009765625,0.0390625,1.0
large_3000_r10_g20\Epigenomics\reports\Epigenomics_3000_wfcommons_extended_pairwise_metrics.csv,Epigenomics_3000_wfcommons,QL-NSGA-III,cost_best,min,10,1386366.431549531,42356.16812374074,1399505.8680492225,48502.02707730979,1383650.4204213773,51375.654110734904,1396433.4490346056,38620.98692192091,-0.19629315960649346,-2716.0111281535123,-31243.456613076414,29924.35544043435,0.6875,1.0,-0.16363636363636364
large_3000_r10_g20\Epigenomics\reports\Epigenomics_3000_wfcommons_extended_pairwise_metrics.csv,Epigenomics_3000_wfcommons,QL-NSGA-III,coverage,max,10,0.3255262076753831,0.14227140434624233,0.29584980237154146,0.06781627854903716,0.24128178882733206,0.12199745503631267,0.22685185185185186,0.15363300492610837,34.91536566331522,0.08424441884805099,-0.04026587587662234,0.24998449143594367,0.2783203125,1.0,0.23636363636363636
large_3000_r10_g20\Epigenomics\reports\Epigenomics_3000_wfcommons_extended_pairwise_metrics.csv,Epigenomics_3000_wfcommons,QL-NSGA-III,energy_best,min,10,3562573256.8870735,20010286.933657385,3558133336.151922,34466390.32153797,3574126956.001077,26768868.37308492,3571491607.6284637,30470091.300572872,0.3232593373496321,11553699.114002705,-7148460.661844397,32005469.52790586,0.3125,1.0,0.2
large_3000_r10_g20\Epigenomics\reports\Epigenomics_3000_wfcommons_extended_pairwise_metrics.csv,Epigenomics_3000_wfcommons,QL-NSGA-III,epsilon,min,10,0.22164696698334535,0.05236797509755667,0.2303882359254237,0.05048654542353467,0.224937292827891,0.04836007053690043,0.22665133164456663,0.052008065509836665,1.4627747152017188,0.003290325844545622,-0.024508768961516443,0.03174084656170566,0.4228515625,1.0,0.09090909090909091
large_3000_r10_g20\Epigenomics\reports\Epigenomics_3000_wfcommons_extended_pairwise_metrics.csv,Epigenomics_3000_wfcommons,QL-NSGA-III,hv,max,10,0.624098121340342,0.045356956030595905,0.6215953114835853,0.03473977335644873,0.6045952592909994,0.04980012125890272,0.6075895458406309,0.06305246638132023,3.22577158018297,0.01950286204934264,-0.005793167324151414,0.04818323848321297,0.1162109375,1.0,0.45454545454545453
large_3000_r10_g20\Epigenomics\reports\Epigenomics_3000_wfcommons_extended_pairwise_metrics.csv,Epigenomics_3000_wfcommons,QL-NSGA-III,igd,min,10,0.11532692371871542,0.016923532903795405,0.11572973411664697,0.02290292693728617,0.11580734058914026,0.01980920812641406,0.11750433827349928,0.019774872491151327,0.4148414668542103,0.00048041687042485877,-0.011359227679773402,0.012017924560257694,0.5,1.0,0.01818181818181818
large_3000_r10_g20\Epigenomics\reports\Epigenomics_3000_wfcommons_extended_pairwise_metrics.csv,Epigenomics_3000_wfcommons,QL-NSGA-III,latency_best,min,10,139787131.8167385,7016130.325419978,140409381.17656642,11823529.755322754,140436374.49378902,6456548.930958439,139593096.72431737,9775135.438201994,0.46230378660141536,649242.6770505607,-3072052.2358372128,3954972.1035959274,0.3125,1.0,0.2
large_3000_r10_g20\Epigenomics\reports\Epigenomics_3000_wfcommons_extended_pairwise_metrics.csv,Epigenomics_3000_wfcommons,QL-NSGA-III,makespan_best,min,10,351374.57142200455,14686.200875412167,349321.42001442483,25812.02575699106,349294.1113836503,12822.95784130693,349653.7885377833,20705.596621510747,-0.5956184116912235,-2080.460038354248,-9639.256678234557,5172.527327362919,0.5390625,1.0,-0.01818181818181818
large_3000_r10_g20\Epigenomics\reports\Epigenomics_3000_wfcommons_extended_pairwise_metrics.csv,Epigenomics_3000_wfcommons,QL-NSGA-III,spacing,min,10,0.05231735192333148,0.01405619194214848,0.04917948363732694,0.009261194775210126,0.06686558441086801,0.015573964807478554,0.06775594520462025,0.014461173676130257,21.75742964892405,0.014548232487536528,0.0010591112808008224,0.026149320626488576,0.0322265625,0.6123046875,0.6727272727272727
large_3000_r10_g20\Epigenomics\reports\Epigenomics_3000_wfcommons_extended_pairwise_metrics.csv,Epigenomics_3000_wfcommons,QL-NSGA-III,time,min,10,15.528099080000539,0.1665632082058906,15.50926735001849,0.0634678999776952,15.97106437999173,0.10339087306808796,15.984404249989893,0.1247391249780776,2.773549022481752,0.4429652999911923,0.3278923237293202,0.5327805797332257,0.0009765625,0.0390625,1.0
large_3000_r10_g20\Epigenomics\reports\Epigenomics_3000_wfcommons_extended_pairwise_metrics.csv,Epigenomics_3000_wfcommons,QMOEA/D-AWA-style,cost_best,min,10,1386366.431549531,42356.16812374074,1399505.8680492225,48502.02707730979,1512099.178905837,52318.778494554674,1515953.8698607597,66567.70243076864,8.315112468170701,125732.74735630637,85066.47136031385,164794.32825982472,0.0009765625,0.0390625,1.0
large_3000_r10_g20\Epigenomics\reports\Epigenomics_3000_wfcommons_extended_pairwise_metrics.csv,Epigenomics_3000_wfcommons,QMOEA/D-AWA-style,coverage,max,10,0.05434782608695652,0.15718124611220188,0.0,0.0,0.1296381632169051,0.1734588172820946,0.06300539083557952,0.16439746396642949,-58.07729395546586,-0.07529033712994862,-0.22410118084951547,0.08179319295129314,0.91796875,1.0,-0.5111111111111111
large_3000_r10_g20\Epigenomics\reports\Epigenomics_3000_wfcommons_extended_pairwise_metrics.csv,Epigenomics_3000_wfcommons,QMOEA/D-AWA-style,energy_best,min,10,3562573256.8870735,20010286.933657385,3558133336.151922,34466390.32153797,3533513510.59123,26014221.559993286,3528839926.881154,25982401.26000023,-0.8224037125863799,-29059746.29584379,-43277642.73399651,-13273746.525434509,0.9970703125,1.0,-0.8909090909090909
large_3000_r10_g20\Epigenomics\reports\Epigenomics_3000_wfcommons_extended_pairwise_metrics.csv,Epigenomics_3000_wfcommons,QMOEA/D-AWA-style,epsilon,min,10,0.22164696698334535,0.05236797509755667,0.2303882359254237,0.05048654542353467,0.417810000171719,0.07689628965162025,0.41975023109408993,0.10824911333803194,46.95029633272326,0.1961630331883736,0.13877442259601108,0.252543132722907,0.0009765625,0.0390625,1.0
large_3000_r10_g20\Epigenomics\reports\Epigenomics_3000_wfcommons_extended_pairwise_metrics.csv,Epigenomics_3000_wfcommons,QMOEA/D-AWA-style,hv,max,10,0.624098121340342,0.045356956030595905,0.6215953114835853,0.03473977335644873,0.49924965432305435,0.05506706351974533,0.4799646183329158,0.0628776006504203,25.007221524584327,0.12484846701728766,0.08249255477768398,0.16115020297240118,0.0009765625,0.0390625,1.0
large_3000_r10_g20\Epigenomics\reports\Epigenomics_3000_wfcommons_extended_pairwise_metrics.csv,Epigenomics_3000_wfcommons,QMOEA/D-AWA-style,igd,min,10,0.11532692371871542,0.016923532903795405,0.11572973411664697,0.02290292693728617,0.2889779378847237,0.05304742560226524,0.2932199408972758,0.05579020859809747,60.091443463507396,0.1736510141660083,0.13509574497223867,0.21126051576580226,0.0009765625,0.0390625,1.0
large_3000_r10_g20\Epigenomics\reports\Epigenomics_3000_wfcommons_extended_pairwise_metrics.csv,Epigenomics_3000_wfcommons,QMOEA/D-AWA-style,latency_best,min,10,139787131.8167385,7016130.325419978,140409381.17656642,11823529.755322754,159393827.5253746,4018680.1461963397,158970065.73703837,4512067.118456602,12.300787309668456,19606695.708636142,14829136.63604525,24419884.45776265,0.0009765625,0.0390625,1.0
large_3000_r10_g20\Epigenomics\reports\Epigenomics_3000_wfcommons_extended_pairwise_metrics.csv,Epigenomics_3000_wfcommons,QMOEA/D-AWA-style,makespan_best,min,10,351374.57142200455,14686.200875412167,349321.42001442483,25812.02575699106,401770.5355881943,13661.643851749785,398177.89917609945,20318.257143157534,12.543469394143052,50395.964166189755,37288.35841315823,62792.03995227265,0.0009765625,0.0390625,1.0
large_3000_r10_g20\Epigenomics\reports\Epigenomics_3000_wfcommons_extended_pairwise_metrics.csv,Epigenomics_3000_wfcommons,QMOEA/D-AWA-style,spacing,min,10,0.05231735192333148,0.01405619194214848,0.04917948363732694,0.009261194775210126,0.054371301745625246,0.028416828671774624,0.051923513027435725,0.03840477598058585,3.777635915180253,0.0020539498222937685,-0.016956963043552,0.021240049503440207,0.5,1.0,0.01818181818181818
large_3000_r10_g20\Epigenomics\reports\Epigenomics_3000_wfcommons_extended_pairwise_metrics.csv,Epigenomics_3000_wfcommons,QMOEA/D-AWA-style,time,min,10,15.528099080000539,0.1665632082058906,15.50926735001849,0.0634678999776952,22.468175259995043,0.17396529380777662,22.48026119999122,0.1047804750414798,30.888472693870355,6.940076179994503,6.736161133751447,7.071122536485928,0.0009765625,0.0390625,1.0
large_3000_r10_g20\Montage\reports\Montage_3000_wfcommons_extended_pairwise_metrics.csv,Montage_3000_wfcommons,NSGA-III,cost_best,min,10,8902138.845046474,182940.98399419853,8918930.401650019,210888.71042540856,8947679.72806278,146840.33536462276,8921336.918284636,204463.1877950225,0.5089686309790029,45540.8830163043,-54100.48780839567,166952.19176860875,0.4228515625,1.0,0.09090909090909091
large_3000_r10_g20\Montage\reports\Montage_3000_wfcommons_extended_pairwise_metrics.csv,Montage_3000_wfcommons,NSGA-III,coverage,max,10,0.38630889361440895,0.14106167180967333,0.40642633228840125,0.18657635467980294,0.08527114754221093,0.05772045395500385,0.07080200501253132,0.0640956407513361,353.0358799536248,0.3010377460721981,0.19205178907721285,0.4018403222034447,0.001953125,0.048828125,0.9636363636363636
large_3000_r10_g20\Montage\reports\Montage_3000_wfcommons_extended_pairwise_metrics.csv,Montage_3000_wfcommons,NSGA-III,energy_best,min,10,21884733467.84671,158340575.55851614,21846582308.793396,109704540.11365509,22058211858.946777,148975526.5058969,22046641295.568382,126936239.18537903,0.7864571807061712,173478391.10006866,46199807.72117594,278724990.2647253,0.0185546875,0.3525390625,0.7454545454545455
large_3000_r10_g20\Montage\reports\Montage_3000_wfcommons_extended_pairwise_metrics.csv,Montage_3000_wfcommons,NSGA-III,epsilon,min,10,0.22343562813657347,0.04040079640301397,0.2199201191328432,0.035109481378157587,0.2795365599045405,0.04452585679907116,0.2693900238841539,0.048517908159269374,20.069264566726105,0.056100931767967,0.025363213695258898,0.08546943190420428,0.0048828125,0.107421875,0.8909090909090909
large_3000_r10_g20\Montage\reports\Montage_3000_wfcommons_extended_pairwise_metrics.csv,Montage_3000_wfcommons,NSGA-III,hv,max,10,0.5680582377232495,0.04635405397588023,0.5804884567014604,0.05405538790517084,0.5009145473330173,0.029262162574639275,0.5002078693346351,0.04571806994809524,13.404220489846102,0.06714369039023227,0.0460564859966762,0.09109502794575047,0.0009765625,0.0390625,1.0
large_3000_r10_g20\Montage\reports\Montage_3000_wfcommons_extended_pairwise_metrics.csv,Montage_3000_wfcommons,NSGA-III,igd,min,10,0.13662702793327877,0.011944571831250736,0.13673481973372442,0.01647833023904599,0.1626114459269553,0.01718188732610809,0.1613479216686325,0.017354190805567576,15.979452027841065,0.02598441799367655,0.01704223255108633,0.03463880638087956,0.0009765625,0.0390625,1.0
large_3000_r10_g20\Montage\reports\Montage_3000_wfcommons_extended_pairwise_metrics.csv,Montage_3000_wfcommons,NSGA-III,latency_best,min,10,1580296806.8719954,25177962.359113734,1584671797.7899745,30344464.143868208,1605768645.4665666,19910591.45375012,1600434378.6170683,28526814.256051064,1.5862707661208633,25471838.594570827,10351618.2161757,42996919.7885843,0.0009765625,0.0390625,1.0
large_3000_r10_g20\Montage\reports\Montage_3000_wfcommons_extended_pairwise_metrics.csv,Montage_3000_wfcommons,NSGA-III,makespan_best,min,10,2000576.0051936782,39966.65275830347,2007036.7002122412,48019.25281957188,2017531.2264279868,59289.49904583122,2018657.5051870586,74444.67112053721,0.8403944886804829,16955.221234308112,-23003.441542556742,57116.683104605436,0.24609375,1.0,0.2727272727272727
large_3000_r10_g20\Montage\reports\Montage_3000_wfcommons_extended_pairwise_metrics.csv,Montage_3000_wfcommons,NSGA-III,spacing,min,10,0.06382210278270926,0.008889145289238929,0.06268708519695565,0.006585727787895519,0.0729647924902058,0.01565571020449667,0.07412350082675286,0.02154610411755159,12.530275761044301,0.00914268970749652,-0.0024165804047857494,0.020403686374138197,0.1162109375,1.0,0.45454545454545453
large_3000_r10_g20\Montage\reports\Montage_3000_wfcommons_extended_pairwise_metrics.csv,Montage_3000_wfcommons,NSGA-III,time,min,10,15.809789800021099,0.1671853815950003,15.872325100033777,0.1405622749880422,16.111307190003572,0.18614451382128275,16.126534849987365,0.16706355000496842,1.8714644716696422,0.3015173899824731,0.18442016099521427,0.4271608334692428,0.001953125,0.048828125,0.9636363636363636
large_3000_r10_g20\Montage\reports\Montage_3000_wfcommons_extended_pairwise_metrics.csv,Montage_3000_wfcommons,OVEA-style,cost_best,min,10,8902138.845046474,182940.98399419853,8918930.401650019,210888.71042540856,9823166.995835682,235887.1003490526,9771123.028015215,230602.1946664527,9.376081575113796,921028.1507892087,785483.2734622137,1066862.1424708886,0.0009765625,0.0390625,1.0
large_3000_r10_g20\Montage\reports\Montage_3000_wfcommons_extended_pairwise_metrics.csv,Montage_3000_wfcommons,OVEA-style,coverage,max,10,0.11221655560088853,0.08732976063176925,0.10008305647840532,0.13794903926482874,0.08477584107355862,0.09001173400899727,0.04483430799220273,0.06779422072129476,32.36855474370351,0.027440714527329896,-0.06764709735561658,0.1169274124287426,0.3125,1.0,0.2
large_3000_r10_g20\Montage\reports\Montage_3000_wfcommons_extended_pairwise_metrics.csv,Montage_3000_wfcommons,OVEA-style,energy_best,min,10,21884733467.84671,158340575.55851614,21846582308.793396,109704540.11365509,22109442957.96503,165516498.8500477,22161054272.819946,168942573.0502243,1.0163507535922238,224709490.11832008,81185000.44854696,350427958.4767108,0.009765625,0.205078125,0.8181818181818182
large_3000_r10_g20\Montage\reports\Montage_3000_wfcommons_extended_pairwise_metrics.csv,Montage_3000_wfcommons,OVEA-style,epsilon,min,10,0.22343562813657347,0.04040079640301397,0.2199201191328432,0.035109481378157587,0.40789133407939804,0.06563531238315304,0.38813337036669293,0.06919062927252578,45.22177612798201,0.18445570594282457,0.13023006941318635,0.24378338409887013,0.0009765625,0.0390625,1.0
large_3000_r10_g20\Montage\reports\Montage_3000_wfcommons_extended_pairwise_metrics.csv,Montage_3000_wfcommons,OVEA-style,hv,max,10,0.5680582377232495,0.04635405397588023,0.5804884567014604,0.05405538790517084,0.4021491840707099,0.043719929120634646,0.3927611764981493,0.07192802935401116,41.2555987241212,0.16590905365253966,0.12563254422051467,0.19885553887854568,0.0009765625,0.0390625,1.0
large_3000_r10_g20\Montage\reports\Montage_3000_wfcommons_extended_pairwise_metrics.csv,Montage_3000_wfcommons,OVEA-style,igd,min,10,0.13662702793327877,0.011944571831250736,0.13673481973372442,0.01647833023904599,0.19796538013680945,0.019192568395259207,0.1963247173590545,0.032119622068842474,30.98438331042585,0.06133835220353069,0.04463770884409509,0.07682710424683754,0.0009765625,0.0390625,1.0
large_3000_r10_g20\Montage\reports\Montage_3000_wfcommons_extended_pairwise_metrics.csv,Montage_3000_wfcommons,OVEA-style,latency_best,min,10,1580296806.8719954,25177962.359113734,1584671797.7899745,30344464.143868208,1580733496.7182364,29038096.775821086,1583787752.4611602,32856588.720509052,0.02762577291792765,436689.84624073503,-17744058.56019639,17593838.4576703,0.4609375,1.0,0.05454545454545454
large_3000_r10_g20\Montage\reports\Montage_3000_wfcommons_extended_pairwise_metrics.csv,Montage_3000_wfcommons,OVEA-style,makespan_best,min,10,2000576.0051936782,39966.65275830347,2007036.7002122412,48019.25281957188,1907011.3554962878,48757.4701534613,1925212.9687857283,42924.427612925414,-4.906349898112734,-93564.64969739046,-121125.94648647706,-67998.28025527233,1.0,1.0,-1.0
large_3000_r10_g20\Montage\reports\Montage_3000_wfcommons_extended_pairwise_metrics.csv,Montage_3000_wfcommons,OVEA-style,spacing,min,10,0.06382210278270926,0.008889145289238929,0.06268708519695565,0.006585727787895519,0.08235604573582168,0.02582356701053786,0.07766170887339745,0.03149979031573977,22.504653771946305,0.018533942953112413,0.002942891140712163,0.03496637754524121,0.0419921875,0.7138671875,0.6363636363636364
large_3000_r10_g20\Montage\reports\Montage_3000_wfcommons_extended_pairwise_metrics.csv,Montage_3000_wfcommons,OVEA-style,time,min,10,15.809789800021099,0.1671853815950003,15.872325100033777,0.1405622749880422,17.214810679998482,0.41397291233925265,17.122986149974167,0.22173062500951346,8.161698122012154,1.4050208799773827,1.1789031334563334,1.6926418884724261,0.0009765625,0.0390625,1.0
large_3000_r10_g20\Montage\reports\Montage_3000_wfcommons_extended_pairwise_metrics.csv,Montage_3000_wfcommons,QL-NSGA-III,cost_best,min,10,8902138.845046474,182940.98399419853,8918930.401650019,210888.71042540856,8755336.557819234,193763.31620845493,8775277.941034643,243177.79644234106,-1.6767178081364897,-146802.2872272417,-300424.43471051665,31458.063149134094,0.9755859375,1.0,-0.6727272727272727
large_3000_r10_g20\Montage\reports\Montage_3000_wfcommons_extended_pairwise_metrics.csv,Montage_3000_wfcommons,QL-NSGA-III,coverage,max,10,0.22274007637445453,0.1767754669214611,0.20175438596491227,0.24691074559572512,0.2646249382140981,0.22524081528556908,0.2003968253968254,0.23685235883396394,-15.828010059186523,-0.04188486183964359,-0.26668710498321907,0.1785772128874038,0.5771484375,1.0,-0.05454545454545454
large_3000_r10_g20\Montage\reports\Montage_3000_wfcommons_extended_pairwise_metrics.csv,Montage_3000_wfcommons,QL-NSGA-III,energy_best,min,10,21884733467.84671,158340575.55851614,21846582308.793396,109704540.11365509,21851106849.038246,156493677.6815236,21878012860.206863,219499087.25310516,-0.15388977336836415,-33626618.80846214,-202108381.50147516,126456080.44528759,0.4609375,1.0,0.05454545454545454
large_3000_r10_g20\Montage\reports\Montage_3000_wfcommons_extended_pairwise_metrics.csv,Montage_3000_wfcommons,QL-NSGA-III,epsilon,min,10,0.22343562813657347,0.04040079640301397,0.2199201191328432,0.035109481378157587,0.23023176084858768,0.026300213448265306,0.22209699520952292,0.036080187551485954,2.951865844644995,0.006796132712014222,-0.027269052150602217,0.04046245838159831,0.34765625,1.0,0.16363636363636364
large_3000_r10_g20\Montage\reports\Montage_3000_wfcommons_extended_pairwise_metrics.csv,Montage_3000_wfcommons,QL-NSGA-III,hv,max,10,0.5680582377232495,0.04635405397588023,0.5804884567014604,0.05405538790517084,0.5730150766817629,0.04358124510581801,0.5796856549174807,0.08004576078740877,-0.8650451201419773,-0.004956838958513421,-0.05274657152102832,0.04193267765429571,0.5771484375,1.0,-0.05454545454545454
large_3000_r10_g20\Montage\reports\Montage_3000_wfcommons_extended_pairwise_metrics.csv,Montage_3000_wfcommons,QL-NSGA-III,igd,min,10,0.13662702793327877,0.011944571831250736,0.13673481973372442,0.01647833023904599,0.14244316122715678,0.014496482546219294,0.1453255131767652,0.019891443386977903,4.083125678882477,0.0058161332938780385,-0.0030803027982013818,0.014206718247134357,0.1376953125,1.0,0.41818181818181815
large_3000_r10_g20\Montage\reports\Montage_3000_wfcommons_extended_pairwise_metrics.csv,Montage_3000_wfcommons,QL-NSGA-III,latency_best,min,10,1580296806.8719954,25177962.359113734,1584671797.7899745,30344464.143868208,1609708182.652158,18385642.931764472,1616137450.9691906,28067970.531666756,1.8271246985714105,29411375.780162476,9616158.388724277,50506603.150026724,0.009765625,0.205078125,0.8181818181818182
large_3000_r10_g20\Montage\reports\Montage_3000_wfcommons_extended_pairwise_metrics.csv,Montage_3000_wfcommons,QL-NSGA-III,makespan_best,min,10,2000576.0051936782,39966.65275830347,2007036.7002122412,48019.25281957188,2052694.8996390812,43173.45813018279,2046074.5408297242,36527.31849596463,2.5390473009197283,52118.89444540276,15433.975007933399,82310.19632272718,0.0185546875,0.3525390625,0.7454545454545455
large_3000_r10_g20\Montage\reports\Montage_3000_wfcommons_extended_pairwise_metrics.csv,Montage_3000_wfcommons,QL-NSGA-III,spacing,min,10,0.06382210278270926,0.008889145289238929,0.06268708519695565,0.006585727787895519,0.06927239959471793,0.011102527284574362,0.06958802686989163,0.00818943336947496,7.867919754326298,0.005450296812008653,-0.0023469588356816134,0.014406937535287408,0.1611328125,1.0,0.38181818181818183
large_3000_r10_g20\Montage\reports\Montage_3000_wfcommons_extended_pairwise_metrics.csv,Montage_3000_wfcommons,QL-NSGA-III,time,min,10,15.809789800021099,0.1671853815950003,15.872325100033777,0.1405622749880422,16.688832609989912,1.0257789592010655,16.426160500006517,0.14734109997516498,5.267251643728634,0.8790428099688142,0.48925409721778124,1.6042463299800873,0.0009765625,0.0390625,1.0
large_3000_r10_g20\Montage\reports\Montage_3000_wfcommons_extended_pairwise_metrics.csv,Montage_3000_wfcommons,QMOEA/D-AWA-style,cost_best,min,10,8902138.845046474,182940.98399419853,8918930.401650019,210888.71042540856,9221741.58334678,144856.997670222,9199298.882457707,183807.0549518671,3.465752487333478,319602.7383003045,207602.91399259737,475804.11257480324,0.0009765625,0.0390625,1.0
large_3000_r10_g20\Montage\reports\Montage_3000_wfcommons_extended_pairwise_metrics.csv,Montage_3000_wfcommons,QMOEA/D-AWA-style,coverage,max,10,0.034767406506536945,0.03988153945256955,0.021739130434782608,0.06905594405594406,0.06052993302139692,0.0740409273728263,0.026803118908382065,0.06399630928415265,-42.561630632819465,-0.025762526514859985,-0.08606597850447625,0.028342139095594326,0.75390625,1.0,-0.23636363636363636
large_3000_r10_g20\Montage\reports\Montage_3000_wfcommons_extended_pairwise_metrics.csv,Montage_3000_wfcommons,QMOEA/D-AWA-style,energy_best,min,10,21884733467.84671,158340575.55851614,21846582308.793396,109704540.11365509,21530576299.647644,102181029.62032814,21527425787.822243,75840033.78692627,-1.6449033377934341,-354157168.19906616,-496299628.65789956,-228202469.41036186,0.9990234375,1.0,-0.9636363636363636
large_3000_r10_g20\Montage\reports\Montage_3000_wfcommons_extended_pairwise_metrics.csv,Montage_3000_wfcommons,QMOEA/D-AWA-style,epsilon,min,10,0.22343562813657347,0.04040079640301397,0.2199201191328432,0.035109481378157587,0.4790255050323121,0.08381267134104986,0.4780276794580053,0.1227739290438653,53.35621469226323,0.25558987689573864,0.19304004634069066,0.3154246935709649,0.0009765625,0.0390625,1.0
large_3000_r10_g20\Montage\reports\Montage_3000_wfcommons_extended_pairwise_metrics.csv,Montage_3000_wfcommons,QMOEA/D-AWA-style,hv,max,10,0.5680582377232495,0.04635405397588023,0.5804884567014604,0.05405538790517084,0.41088563421177093,0.06746542238256507,0.3989615946959032,0.07941473140742894,38.252153500813705,0.15717260351147855,0.09582484699671345,0.21437166176660452,0.0029296875,0.0673828125,0.9272727272727272
large_3000_r10_g20\Montage\reports\Montage_3000_wfcommons_extended_pairwise_metrics.csv,Montage_3000_wfcommons,QMOEA/D-AWA-style,igd,min,10,0.13662702793327877,0.011944571831250736,0.13673481973372442,0.01647833023904599,0.3876728479192485,0.06289801302946392,0.3789038392162033,0.10618753846433115,64.75713254962393,0.2510458199859697,0.21284505960386055,0.2895369048533716,0.0009765625,0.0390625,1.0
large_3000_r10_g20\Montage\reports\Montage_3000_wfcommons_extended_pairwise_metrics.csv,Montage_3000_wfcommons,QMOEA/D-AWA-style,latency_best,min,10,1580296806.8719954,25177962.359113734,1584671797.7899745,30344464.143868208,1691686076.0546756,23473775.49333745,1688071348.3422704,19892329.99983406,6.584511793255429,111389269.18268006,91660872.63233273,129239656.44127625,0.0009765625,0.0390625,1.0
large_3000_r10_g20\Montage\reports\Montage_3000_wfcommons_extended_pairwise_metrics.csv,Montage_3000_wfcommons,QMOEA/D-AWA-style,makespan_best,min,10,2000576.0051936782,39966.65275830347,2007036.7002122412,48019.25281957188,2472518.2696537357,119082.34774150676,2475645.083126845,165115.32828645408,19.08751374064268,471942.2644600573,413816.33130465756,532981.2304808391,0.0009765625,0.0390625,1.0
large_3000_r10_g20\Montage\reports\Montage_3000_wfcommons_extended_pairwise_metrics.csv,Montage_3000_wfcommons,QMOEA/D-AWA-style,spacing,min,10,0.06382210278270926,0.008889145289238929,0.06268708519695565,0.006585727787895519,0.08369701143226968,0.04899984168403793,0.06972327289540459,0.0527552313562035,23.74625844991351,0.019874908649560413,-0.006494905007849762,0.05035975234723551,0.1875,1.0,0.34545454545454546
large_3000_r10_g20\Montage\reports\Montage_3000_wfcommons_extended_pairwise_metrics.csv,Montage_3000_wfcommons,QMOEA/D-AWA-style,time,min,10,15.809789800021099,0.1671853815950003,15.872325100033777,0.1405622749880422,23.77888169999351,0.7794637877919711,23.66530044999672,1.2796643500187201,33.51331656599555,7.969091899972409,7.5185777579751445,8.485480614447587,0.0009765625,0.0390625,1.0
large_3000_r10_g20\Seismology\reports\Seismology_3000_wfcommons_extended_pairwise_metrics.csv,Seismology_3000_wfcommons,NSGA-III,cost_best,min,10,149602.49475784594,1237.6769549192,149487.28955615376,1558.7031042310118,150508.48076799972,1707.40469392419,150698.14858923046,1876.2961569234903,0.6019501396405056,905.9860101537954,-578.4810940847455,2207.367544984556,0.0966796875,1.0,0.4909090909090909
large_3000_r10_g20\Seismology\reports\Seismology_3000_wfcommons_extended_pairwise_metrics.csv,Seismology_3000_wfcommons,NSGA-III,coverage,max,10,0.2356678077426178,0.11771705214336932,0.23728813559322032,0.09410919540229884,0.051976485632550105,0.06438298418387602,0.03480629539951574,0.0722530683810637,353.41235536523385,0.18369132211006767,0.077513654826722,0.2802680574536868,0.009765625,0.244140625,0.8181818181818182
large_3000_r10_g20\Seismology\reports\Seismology_3000_wfcommons_extended_pairwise_metrics.csv,Seismology_3000_wfcommons,NSGA-III,energy_best,min,10,355851543.185465,1254672.9179012887,355698282.9350034,1746368.7530772686,356986041.72523415,1084353.2286110292,356804528.60577273,1566614.7507698536,0.3177991313851919,1134498.5397691666,384546.6406729614,1810222.0869866146,0.013671875,0.314453125,0.7818181818181819
large_3000_r10_g20\Seismology\reports\Seismology_3000_wfcommons_extended_pairwise_metrics.csv,Seismology_3000_wfcommons,NSGA-III,epsilon,min,10,0.2864195619721629,0.04714996554036757,0.2762881756524966,0.07156772298366465,0.3241317478935794,0.03983307071221131,0.31795693244158774,0.06485041234138017,11.63483249218721,0.03771218592141658,0.00811339559661042,0.06832858919907407,0.0244140625,0.48828125,0.7090909090909091
large_3000_r10_g20\Seismology\reports\Seismology_3000_wfcommons_extended_pairwise_metrics.csv,Seismology_3000_wfcommons,NSGA-III,hv,max,10,0.4698493011204934,0.027272664194824815,0.46707253683409594,0.03597420544838431,0.434303084969393,0.022688890542819057,0.43387735885251794,0.026788033114341248,8.184656609935306,0.035546216151100304,0.014830680035847962,0.05650421154574492,0.013671875,0.314453125,0.7818181818181819
large_3000_r10_g20\Seismology\reports\Seismology_3000_wfcommons_extended_pairwise_metrics.csv,Seismology_3000_wfcommons,NSGA-III,igd,min,10,0.11146733621315816,0.007492309908938682,0.11209718578196293,0.004178599271775024,0.12733510690708774,0.011182974970716835,0.12710452540191558,0.013391629340707895,12.461426451314622,0.015867770693929573,0.01110572153934269,0.0218574974340668,0.0009765625,0.0390625,1.0
large_3000_r10_g20\Seismology\reports\Seismology_3000_wfcommons_extended_pairwise_metrics.csv,Seismology_3000_wfcommons,NSGA-III,latency_best,min,10,38312239.113827884,88108.77280689328,38337443.05224453,96259.63571959734,38378677.20573815,105138.17452651206,38406095.309120536,110364.13243357837,0.17311199016607054,66438.09191027135,5310.771582338745,123022.70344375938,0.0419921875,0.7978515625,0.6363636363636364
large_3000_r10_g20\Seismology\reports\Seismology_3000_wfcommons_extended_pairwise_metrics.csv,Seismology_3000_wfcommons,NSGA-III,makespan_best,min,10,30183.474725549797,264.2124542274818,30114.073155127033,344.0419099787323,30491.202542232662,923.739017338667,30706.424740492068,1255.3371136028363,1.0092347661809626,307.72781668286336,-338.71847785950024,966.3309059008936,0.1611328125,1.0,0.38181818181818183
large_3000_r10_g20\Seismology\reports\Seismology_3000_wfcommons_extended_pairwise_metrics.csv,Seismology_3000_wfcommons,NSGA-III,spacing,min,10,0.049470999364580284,0.008298843578700798,0.0495096162553688,0.012443002306000511,0.04694618426201487,0.006969877704217425,0.046770193775959236,0.007078167476412635,-5.378105041453378,-0.002524815102565414,-0.009984031097495308,0.004677734977420226,0.75390625,1.0,-0.23636363636363636
large_3000_r10_g20\Seismology\reports\Seismology_3000_wfcommons_extended_pairwise_metrics.csv,Seismology_3000_wfcommons,NSGA-III,time,min,10,15.530429989990079,0.1501235509063912,15.525395449978532,0.14448557505966164,15.699367770011303,0.0694074347128007,15.707723800005624,0.05551412494969554,1.0760801485517562,0.16893778002122417,0.06706477155894391,0.2623537502577528,0.009765625,0.244140625,0.8181818181818182
large_3000_r10_g20\Seismology\reports\Seismology_3000_wfcommons_extended_pairwise_metrics.csv,Seismology_3000_wfcommons,OVEA-style,cost_best,min,10,149602.49475784594,1237.6769549192,149487.28955615376,1558.7031042310118,157258.47369907692,2156.3529256697316,157816.83395307686,3633.353166922956,4.868404710502997,7655.978941231,6570.990388523287,8723.71032594642,0.0009765625,0.0390625,1.0
large_3000_r10_g20\Seismology\reports\Seismology_3000_wfcommons_extended_pairwise_metrics.csv,Seismology_3000_wfcommons,OVEA-style,coverage,max,10,0.0657977636398689,0.058914949494886716,0.04631578947368421,0.07348087767495663,0.0172808628819272,0.019983736047982266,0.00847457627118644,0.03464912280701754,280.7550820201346,0.048516900757941704,0.013554172946978792,0.08558689667982335,0.064453125,0.966796875,0.6
large_3000_r10_g20\Seismology\reports\Seismology_3000_wfcommons_extended_pairwise_metrics.csv,Seismology_3000_wfcommons,OVEA-style,energy_best,min,10,355851543.185465,1254672.9179012887,355698282.9350034,1746368.7530772686,358810152.96038795,1478443.0780704976,359413806.1515418,1062741.114808023,0.8245613315322191,2958609.774922973,1750046.5642671217,4020914.0648247693,0.001953125,0.05859375,0.9636363636363636
large_3000_r10_g20\Seismology\reports\Seismology_3000_wfcommons_extended_pairwise_metrics.csv,Seismology_3000_wfcommons,OVEA-style,epsilon,min,10,0.2864195619721629,0.04714996554036757,0.2762881756524966,0.07156772298366465,0.40901763280383435,0.05871040676539919,0.4240280623631661,0.057754358068872746,29.973786213385505,0.12259807083167158,0.07595153252309012,0.1683808051636882,0.001953125,0.05859375,0.9636363636363636
large_3000_r10_g20\Seismology\reports\Seismology_3000_wfcommons_extended_pairwise_metrics.csv,Seismology_3000_wfcommons,OVEA-style,hv,max,10,0.4698493011204934,0.027272664194824815,0.46707253683409594,0.03597420544838431,0.36547130063661903,0.034863146336641754,0.3627195814896351,0.04122064918444751,28.55983501359943,0.1043780004838744,0.07507568615257146,0.13260552186242164,0.0009765625,0.0390625,1.0
large_3000_r10_g20\Seismology\reports\Seismology_3000_wfcommons_extended_pairwise_metrics.csv,Seismology_3000_wfcommons,OVEA-style,igd,min,10,0.11146733621315816,0.007492309908938682,0.11209718578196293,0.004178599271775024,0.20007228966939108,0.02865234387694777,0.20262488778269405,0.04160432796329941,44.28646945693876,0.08860495345623293,0.07112154718250442,0.107144783704782,0.0009765625,0.0390625,1.0
large_3000_r10_g20\Seismology\reports\Seismology_3000_wfcommons_extended_pairwise_metrics.csv,Seismology_3000_wfcommons,OVEA-style,latency_best,min,10,38312239.113827884,88108.77280689328,38337443.05224453,96259.63571959734,38151920.003488556,121509.84473255022,38175027.409648,139762.26391448826,-0.42021243052687596,-160319.1103393167,-245871.70266637777,-79147.77102783075,0.9970703125,1.0,-0.8909090909090909
large_3000_r10_g20\Seismology\reports\Seismology_3000_wfcommons_extended_pairwise_metrics.csv,Seismology_3000_wfcommons,OVEA-style,makespan_best,min,10,30183.474725549797,264.2124542274818,30114.073155127033,344.0419099787323,28593.58965943839,473.0890231095108,28651.141598961643,723.6858734174057,-5.560284962635347,-1589.8850661114054,-1871.6770395685885,-1319.868607449768,1.0,1.0,-1.0
large_3000_r10_g20\Seismology\reports\Seismology_3000_wfcommons_extended_pairwise_metrics.csv,Seismology_3000_wfcommons,OVEA-style,spacing,min,10,0.049470999364580284,0.008298843578700798,0.0495096162553688,0.012443002306000511,0.053194358765493645,0.016406492472420372,0.05147543617877402,0.017857654865095905,6.999538085096058,0.0037233594009133675,-0.0053932625728171655,0.012196631109447027,0.1875,1.0,0.34545454545454546
large_3000_r10_g20\Seismology\reports\Seismology_3000_wfcommons_extended_pairwise_metrics.csv,Seismology_3000_wfcommons,OVEA-style,time,min,10,15.530429989990079,0.1501235509063912,15.525395449978532,0.14448557505966164,16.66479643001221,0.14076714788644215,16.641009400045732,0.0926555250043748,6.806962477976694,1.1343664400221314,1.0093875412740454,1.2448224727461639,0.0009765625,0.0390625,1.0
large_3000_r10_g20\Seismology\reports\Seismology_3000_wfcommons_extended_pairwise_metrics.csv,Seismology_3000_wfcommons,QL-NSGA-III,cost_best,min,10,149602.49475784594,1237.6769549192,149487.28955615376,1558.7031042310118,150876.81205246132,1424.7037910694676,151091.69507615373,1568.6205061535875,0.8446077811958849,1274.3172946153907,598.2479620346649,1922.353579476972,0.0048828125,0.1318359375,0.8909090909090909
large_3000_r10_g20\Seismology\reports\Seismology_3000_wfcommons_extended_pairwise_metrics.csv,Seismology_3000_wfcommons,QL-NSGA-III,coverage,max,10,0.20303136567309563,0.14435531467759521,0.18775569842197545,0.24088983050847457,0.08048142345929113,0.08885395081823586,0.05217785843920145,0.06272699757869249,152.27109182007987,0.12254994221380452,0.0016693659191813542,0.23667081176421464,0.0654296875,0.966796875,0.5636363636363636
large_3000_r10_g20\Seismology\reports\Seismology_3000_wfcommons_extended_pairwise_metrics.csv,Seismology_3000_wfcommons,QL-NSGA-III,energy_best,min,10,355851543.185465,1254672.9179012887,355698282.9350034,1746368.7530772686,356710980.6943111,1267947.660197889,356782445.2503882,1642573.9419230223,0.24093385271551598,859437.5088461578,12446.890471204943,1788005.5684905457,0.052734375,0.896484375,0.6
large_3000_r10_g20\Seismology\reports\Seismology_3000_wfcommons_extended_pairwise_metrics.csv,Seismology_3000_wfcommons,QL-NSGA-III,epsilon,min,10,0.2864195619721629,0.04714996554036757,0.2762881756524966,0.07156772298366465,0.3104858739464985,0.04857214603039043,0.31175640725304565,0.06356454011882057,7.751177748744413,0.024066311974335647,-0.008247258989399545,0.05845849181743383,0.1611328125,1.0,0.38181818181818183
large_3000_r10_g20\Seismology\reports\Seismology_3000_wfcommons_extended_pairwise_metrics.csv,Seismology_3000_wfcommons,QL-NSGA-III,hv,max,10,0.4698493011204934,0.027272664194824815,0.46707253683409594,0.03597420544838431,0.4497764978643417,0.024438398572487585,0.45180445089775484,0.023156606554985137,4.462839510615313,0.020072803256151673,-0.002622456603114702,0.0440361306479657,0.080078125,1.0,0.5272727272727272
large_3000_r10_g20\Seismology\reports\Seismology_3000_wfcommons_extended_pairwise_metrics.csv,Seismology_3000_wfcommons,QL-NSGA-III,igd,min,10,0.11146733621315816,0.007492309908938682,0.11209718578196293,0.004178599271775024,0.12098059807383588,0.012895331509427555,0.12260495599942206,0.016310712189983395,7.863460763247065,0.009513261860677705,0.001461992344373099,0.018522567900301153,0.0419921875,0.7978515625,0.6363636363636364
large_3000_r10_g20\Seismology\reports\Seismology_3000_wfcommons_extended_pairwise_metrics.csv,Seismology_3000_wfcommons,QL-NSGA-III,latency_best,min,10,38312239.113827884,88108.77280689328,38337443.05224453,96259.63571959734,38344102.974143475,88461.96365643169,38367209.021538526,113007.08702087402,0.0830997672238618,31863.860315594822,-33307.82662655264,107807.12563681445,0.3125,1.0,0.2
large_3000_r10_g20\Seismology\reports\Seismology_3000_wfcommons_extended_pairwise_metrics.csv,Seismology_3000_wfcommons,QL-NSGA-III,makespan_best,min,10,30183.474725549797,264.2124542274818,30114.073155127033,344.0419099787323,30083.17901896345,486.24715748648697,30019.720788905463,752.9319379268127,-0.3333946406499302,-100.29570658634657,-440.74060268495185,248.44439982381888,0.75390625,1.0,-0.23636363636363636
large_3000_r10_g20\Seismology\reports\Seismology_3000_wfcommons_extended_pairwise_metrics.csv,Seismology_3000_wfcommons,QL-NSGA-III,spacing,min,10,0.049470999364580284,0.008298843578700798,0.0495096162553688,0.012443002306000511,0.04898849574257266,0.006980088991104835,0.04748084266403227,0.01128942464317334,-0.9849325126109337,-0.0004825036220076157,-0.006649550059054089,0.006016502264127612,0.615234375,1.0,-0.09090909090909091
large_3000_r10_g20\Seismology\reports\Seismology_3000_wfcommons_extended_pairwise_metrics.csv,Seismology_3000_wfcommons,QL-NSGA-III,time,min,10,15.530429989990079,0.1501235509063912,15.525395449978532,0.14448557505966164,15.893924240005436,0.04630918843082579,15.89201155002229,0.060149674958665855,2.287001274993071,0.3634942500153556,0.284192130016163,0.4431737652457377,0.0009765625,0.0390625,1.0
large_3000_r10_g20\Seismology\reports\Seismology_3000_wfcommons_extended_pairwise_metrics.csv,Seismology_3000_wfcommons,QMOEA/D-AWA-style,cost_best,min,10,149602.49475784594,1237.6769549192,149487.28955615376,1558.7031042310118,149442.3193978459,2342.5381029806495,149504.26095076895,3063.243890769314,-0.107182062380625,-160.17536000003165,-1450.9083890307606,1255.5891863154293,0.5771484375,1.0,-0.05454545454545454
large_3000_r10_g20\Seismology\reports\Seismology_3000_wfcommons_extended_pairwise_metrics.csv,Seismology_3000_wfcommons,QMOEA/D-AWA-style,coverage,max,10,0.05592046888102287,0.06913203250774727,0.033482142857142856,0.09925925925925926,0.006779661016949152,0.02143917057741274,0.0,0.0,724.8269159950873,0.049140807864073724,0.0041936836835965875,0.09602892862244632,0.0546875,0.896484375,0.7142857142857143
large_3000_r10_g20\Seismology\reports\Seismology_3000_wfcommons_extended_pairwise_metrics.csv,Seismology_3000_wfcommons,QMOEA/D-AWA-style,energy_best,min,10,355851543.185465,1254672.9179012887,355698282.9350034,1746368.7530772686,350646876.49723405,1284574.5807578852,350711086.2823111,1951751.9261537194,-1.4843043064357617,-5204666.688230908,-5873398.051165555,-4475954.876186473,1.0,1.0,-1.0
large_3000_r10_g20\Seismology\reports\Seismology_3000_wfcommons_extended_pairwise_metrics.csv,Seismology_3000_wfcommons,QMOEA/D-AWA-style,epsilon,min,10,0.2864195619721629,0.04714996554036757,0.2762881756524966,0.07156772298366465,0.406551277124876,0.08840879838957562,0.41417245595864516,0.14105326038456206,29.548970059147923,0.12013171515271315,0.04640119347323257,0.1919861207550521,0.0068359375,0.177734375,0.8545454545454545
large_3000_r10_g20\Seismology\reports\Seismology_3000_wfcommons_extended_pairwise_metrics.csv,Seismology_3000_wfcommons,QMOEA/D-AWA-style,hv,max,10,0.4698493011204934,0.027272664194824815,0.46707253683409594,0.03597420544838431,0.396588992912476,0.06112708128308359,0.40502459642167854,0.07229164156389672,18.47260249711099,0.07326030820801735,0.03517188225639866,0.11548951883124775,0.0029296875,0.08203125,0.9272727272727272
large_3000_r10_g20\Seismology\reports\Seismology_3000_wfcommons_extended_pairwise_metrics.csv,Seismology_3000_wfcommons,QMOEA/D-AWA-style,igd,min,10,0.11146733621315816,0.007492309908938682,0.11209718578196293,0.004178599271775024,0.2565658905955141,0.050688782008731725,0.25319628797210536,0.07645648761907078,56.5541093734511,0.14509855438235592,0.11415667850845554,0.17674504052937542,0.0009765625,0.0390625,1.0
large_3000_r10_g20\Seismology\reports\Seismology_3000_wfcommons_extended_pairwise_metrics.csv,Seismology_3000_wfcommons,QMOEA/D-AWA-style,latency_best,min,10,38312239.113827884,88108.77280689328,38337443.05224453,96259.63571959734,39213576.039939746,308789.3013863795,39209973.16003072,450675.2729298696,2.2985328478938873,901336.926111868,724812.1686753673,1081867.54159709,0.0009765625,0.0390625,1.0
large_3000_r10_g20\Seismology\reports\Seismology_3000_wfcommons_extended_pairwise_metrics.csv,Seismology_3000_wfcommons,QMOEA/D-AWA-style,makespan_best,min,10,30183.474725549797,264.2124542274818,30114.073155127033,344.0419099787323,32978.698445572525,1392.0007202418658,32940.67415561535,1167.9715203004416,8.475846081784935,2795.223720022726,2012.345345527633,3682.2295304576196,0.0009765625,0.0390625,1.0
large_3000_r10_g20\Seismology\reports\Seismology_3000_wfcommons_extended_pairwise_metrics.csv,Seismology_3000_wfcommons,QMOEA/D-AWA-style,spacing,min,10,0.049470999364580284,0.008298843578700798,0.0495096162553688,0.012443002306000511,0.07018652236301517,0.03799294177749285,0.059616317257625846,0.019431677901203336,29.514958571805444,0.02071552299843489,0.0037378309976076733,0.043869225471782444,0.013671875,0.314453125,0.7818181818181819
large_3000_r10_g20\Seismology\reports\Seismology_3000_wfcommons_extended_pairwise_metrics.csv,Seismology_3000_wfcommons,QMOEA/D-AWA-style,time,min,10,15.530429989990079,0.1501235509063912,15.525395449978532,0.14448557505966164,23.395435569994152,0.5063705639376842,23.28143880001153,0.6652442500198958,33.617692461735345,7.8650055800040715,7.61208262326938,8.12579484453381,0.0009765625,0.0390625,1.0
large_3000_r10_g20\Soykb\reports\Soykb_3000_wfcommons_extended_pairwise_metrics.csv,Soykb_3000_wfcommons,NSGA-III,cost_best,min,10,17829451.5390837,179596.0348701585,17877495.05770402,180202.90505385026,17774161.920866795,198633.050152092,17830194.096242495,140401.45986653864,-0.3110673710696646,-55289.61821690798,-217747.0809340814,90339.84986785043,0.65234375,1.0,-0.12727272727272726
large_3000_r10_g20\Soykb\reports\Soykb_3000_wfcommons_extended_pairwise_metrics.csv,Soykb_3000_wfcommons,NSGA-III,coverage,max,10,0.35179816871225406,0.20077002634185354,0.3833333333333333,0.27992645626339374,0.14449913951382776,0.08038474149041096,0.1289027653880464,0.10703241153731788,143.46039007283426,0.20729902919842633,0.056715982680254115,0.36128169838519275,0.0419921875,0.8818359375,0.6363636363636364
large_3000_r10_g20\Soykb\reports\Soykb_3000_wfcommons_extended_pairwise_metrics.csv,Soykb_3000_wfcommons,NSGA-III,energy_best,min,10,42465889581.16331,132313703.35348079,42440221524.989914,195162779.80155182,42667239825.38045,146250538.41172183,42680714672.83142,234043717.51781464,0.4719082955475544,201350244.21715546,97431979.6785254,291775874.50076634,0.0048828125,0.1220703125,0.8909090909090909
large_3000_r10_g20\Soykb\reports\Soykb_3000_wfcommons_extended_pairwise_metrics.csv,Soykb_3000_wfcommons,NSGA-III,epsilon,min,10,0.27313505733548127,0.03702957264168408,0.259394085097588,0.04886250710242113,0.3350440701486802,0.05015057098422339,0.33897732908358347,0.08204269088445415,18.477871518730655,0.06190901281319894,0.028419496974112897,0.09189541125701275,0.0048828125,0.1220703125,0.8909090909090909
large_3000_r10_g20\Soykb\reports\Soykb_3000_wfcommons_extended_pairwise_metrics.csv,Soykb_3000_wfcommons,NSGA-III,hv,max,10,0.4742808886180555,0.027449288564311575,0.4735062019204167,0.04254405734885036,0.42151294758432767,0.03265804139704042,0.42586986779604047,0.058844368008496684,12.518699920403066,0.05276794103372784,0.029188726956876656,0.07630583527803086,0.0009765625,0.0390625,1.0
large_3000_r10_g20\Soykb\reports\Soykb_3000_wfcommons_extended_pairwise_metrics.csv,Soykb_3000_wfcommons,NSGA-III,igd,min,10,0.14636897891348738,0.015033206521865744,0.14527366488980006,0.01730003607238581,0.15755901455692503,0.019912947666550745,0.15021490312214397,0.028265986590747222,7.102123401130289,0.011190035643437651,-0.0014226283624613,0.022947028406244747,0.080078125,1.0,0.5272727272727272
large_3000_r10_g20\Soykb\reports\Soykb_3000_wfcommons_extended_pairwise_metrics.csv,Soykb_3000_wfcommons,NSGA-III,latency_best,min,10,2941686751.4467516,27235518.315249223,2950127020.218066,23750999.23044443,2961887768.2898436,16193618.904702807,2968877533.8860626,28388853.551710606,0.6820318129324588,20201016.843091298,684138.5404234799,39505195.639231525,0.0654296875,1.0,0.5636363636363636
large_3000_r10_g20\Soykb\reports\Soykb_3000_wfcommons_extended_pairwise_metrics.csv,Soykb_3000_wfcommons,NSGA-III,makespan_best,min,10,3726962.612798703,46849.70491420535,3735299.415918451,39842.31405434664,3749618.5855668345,70192.82064552359,3766999.558363269,78877.72886053193,0.6042207294187153,22655.97276813211,-32065.259683828364,78143.34795823025,0.2158203125,1.0,0.3090909090909091
large_3000_r10_g20\Soykb\reports\Soykb_3000_wfcommons_extended_pairwise_metrics.csv,Soykb_3000_wfcommons,NSGA-III,spacing,min,10,0.0599779515599303,0.01087830044226066,0.05952883472661849,0.016711576398923157,0.05295255089453697,0.00852135357049896,0.052853259191950594,0.015425643999318193,-13.267350763489135,-0.007025400665393315,-0.011649882381009696,-0.002882422776720633,0.9951171875,1.0,-0.8545454545454545
large_3000_r10_g20\Soykb\reports\Soykb_3000_wfcommons_extended_pairwise_metrics.csv,Soykb_3000_wfcommons,NSGA-III,time,min,10,16.426665110024622,0.24499617444171895,16.357559300027788,0.10289615001238417,16.600306059984725,0.09771166118863248,16.57451224999386,0.13365029999113176,1.0460105333760465,0.17364094996009954,0.03884611696310459,0.2773633949582289,0.0322265625,0.708984375,0.6727272727272727
large_3000_r10_g20\Soykb\reports\Soykb_3000_wfcommons_extended_pairwise_metrics.csv,Soykb_3000_wfcommons,OVEA-style,cost_best,min,10,17829451.5390837,179596.0348701585,17877495.05770402,180202.90505385026,18741735.125647224,220584.48580973462,18700754.957481675,160381.0508811511,4.867658092740328,912283.5865635194,787401.6627943604,1063527.4147405399,0.0009765625,0.0390625,1.0
large_3000_r10_g20\Soykb\reports\Soykb_3000_wfcommons_extended_pairwise_metrics.csv,Soykb_3000_wfcommons,OVEA-style,coverage,max,10,0.15806703882355536,0.08936617847530043,0.17261904761904762,0.07603098655730237,0.022478390599526284,0.029670895722142092,0.008771929824561403,0.03389830508474576,603.1955340561015,0.13558864822402905,0.07655037058771641,0.1926776863581927,0.0029296875,0.076171875,0.9272727272727272
large_3000_r10_g20\Soykb\reports\Soykb_3000_wfcommons_extended_pairwise_metrics.csv,Soykb_3000_wfcommons,OVEA-style,energy_best,min,10,42465889581.16331,132313703.35348079,42440221524.989914,195162779.80155182,42870471379.16184,151641197.3475923,42892025041.86684,178138573.81150055,0.943730696171424,404581797.99854434,261290787.74754763,545242344.6550437,0.0009765625,0.0390625,1.0
large_3000_r10_g20\Soykb\reports\Soykb_3000_wfcommons_extended_pairwise_metrics.csv,Soykb_3000_wfcommons,OVEA-style,epsilon,min,10,0.27313505733548127,0.03702957264168408,0.259394085097588,0.04886250710242113,0.4272582111141971,0.0550150121046541,0.4173350347072381,0.04067253028821266,36.07260194644263,0.15412315377871588,0.10824485697809107,0.2042287093129658,0.0009765625,0.0390625,1.0
large_3000_r10_g20\Soykb\reports\Soykb_3000_wfcommons_extended_pairwise_metrics.csv,Soykb_3000_wfcommons,OVEA-style,hv,max,10,0.4742808886180555,0.027449288564311575,0.4735062019204167,0.04254405734885036,0.3177334839141256,0.027022434712693787,0.31928367493206716,0.029944113394790528,49.270036879789565,0.15654740470392994,0.13044158715374166,0.18375412074180622,0.0009765625,0.0390625,1.0
large_3000_r10_g20\Soykb\reports\Soykb_3000_wfcommons_extended_pairwise_metrics.csv,Soykb_3000_wfcommons,OVEA-style,igd,min,10,0.14636897891348738,0.015033206521865744,0.14527366488980006,0.01730003607238581,0.2248210545843868,0.028140854037385796,0.2253946393520423,0.03353615300752308,34.895341904666836,0.07845207567089948,0.05758000233356645,0.10210967547952622,0.0009765625,0.0390625,1.0
large_3000_r10_g20\Soykb\reports\Soykb_3000_wfcommons_extended_pairwise_metrics.csv,Soykb_3000_wfcommons,OVEA-style,latency_best,min,10,2941686751.4467516,27235518.315249223,2950127020.218066,23750999.23044443,2940486145.022325,18825557.395998083,2943649940.3234954,24317919.661770344,-0.040830201715418735,-1200606.4244267463,-17264768.599467542,16348905.95252913,0.615234375,1.0,-0.09090909090909091
large_3000_r10_g20\Soykb\reports\Soykb_3000_wfcommons_extended_pairwise_metrics.csv,Soykb_3000_wfcommons,OVEA-style,makespan_best,min,10,3726962.612798703,46849.70491420535,3735299.415918451,39842.31405434664,3511283.2915218147,56196.68297353194,3512341.6954220273,95802.5630680034,-6.142464260791995,-215679.32127688773,-252674.4623070298,-178283.99388381577,1.0,1.0,-1.0
large_3000_r10_g20\Soykb\reports\Soykb_3000_wfcommons_extended_pairwise_metrics.csv,Soykb_3000_wfcommons,OVEA-style,spacing,min,10,0.0599779515599303,0.01087830044226066,0.05952883472661849,0.016711576398923157,0.07650572577526396,0.022940697267862017,0.07295052192243144,0.03613585976370603,21.603316677086497,0.016527774215333652,-0.0015542053293065552,0.034492017455560416,0.080078125,1.0,0.5272727272727272
large_3000_r10_g20\Soykb\reports\Soykb_3000_wfcommons_extended_pairwise_metrics.csv,Soykb_3000_wfcommons,OVEA-style,time,min,10,16.426665110024622,0.24499617444171895,16.357559300027788,0.10289615001238417,17.55522383999778,0.14788124086626084,17.560323950019665,0.19581134998588823,6.428620564790817,1.128558729973156,1.0184575749610667,1.2288715202301683,0.0009765625,0.0390625,1.0
large_3000_r10_g20\Soykb\reports\Soykb_3000_wfcommons_extended_pairwise_metrics.csv,Soykb_3000_wfcommons,QL-NSGA-III,cost_best,min,10,17829451.5390837,179596.0348701585,17877495.05770402,180202.90505385026,17800241.7074474,198748.6178201975,17832677.352998637,160031.6772538349,-0.16409794943447956,-29209.83163630627,-122614.61747128752,61721.484510021495,0.6875,1.0,-0.16363636363636364
large_3000_r10_g20\Soykb\reports\Soykb_3000_wfcommons_extended_pairwise_metrics.csv,Soykb_3000_wfcommons,QL-NSGA-III,coverage,max,10,0.28436624543133504,0.13167139512665968,0.2521173623714459,0.214328724353256,0.17694567365227798,0.10064532677961427,0.17246506095747843,0.09968239564428313,60.708221660255404,0.10742057177905713,-0.02272094778881743,0.23455135044854036,0.083984375,1.0,0.5272727272727272
large_3000_r10_g20\Soykb\reports\Soykb_3000_wfcommons_extended_pairwise_metrics.csv,Soykb_3000_wfcommons,QL-NSGA-III,energy_best,min,10,42465889581.16331,132313703.35348079,42440221524.989914,195162779.80155182,42527314448.77076,123111285.4019778,42541937428.619934,68335768.80403137,0.1444362720844882,61424867.60746308,3748761.8509641658,121393283.7993186,0.052734375,1.0,0.6
large_3000_r10_g20\Soykb\reports\Soykb_3000_wfcommons_extended_pairwise_metrics.csv,Soykb_3000_wfcommons,QL-NSGA-III,epsilon,min,10,0.27313505733548127,0.03702957264168408,0.259394085097588,0.04886250710242113,0.2902437928742933,0.032392493013833276,0.29032975729916677,0.023954714169646063,5.894608587278886,0.017108735538812023,0.00048467967938522295,0.03410675145052459,0.0419921875,0.8818359375,0.6363636363636364
large_3000_r10_g20\Soykb\reports\Soykb_3000_wfcommons_extended_pairwise_metrics.csv,Soykb_3000_wfcommons,QL-NSGA-III,hv,max,10,0.4742808886180555,0.027449288564311575,0.4735062019204167,0.04254405734885036,0.45913917910461277,0.029088787405125802,0.4521512345094614,0.037222184848716644,3.2978474071786343,0.01514170951344263,-0.005154825180540142,0.03373125332419345,0.0966796875,1.0,0.4909090909090909
large_3000_r10_g20\Soykb\reports\Soykb_3000_wfcommons_extended_pairwise_metrics.csv,Soykb_3000_wfcommons,QL-NSGA-III,igd,min,10,0.14636897891348738,0.015033206521865744,0.14527366488980006,0.01730003607238581,0.15033485257797252,0.009333698104644041,0.1466263898803532,0.014197903958762054,2.638026775879004,0.003965873664485109,-0.005998138945319122,0.012569869057194831,0.2158203125,1.0,0.3090909090909091
large_3000_r10_g20\Soykb\reports\Soykb_3000_wfcommons_extended_pairwise_metrics.csv,Soykb_3000_wfcommons,QL-NSGA-III,latency_best,min,10,2941686751.4467516,27235518.315249223,2950127020.218066,23750999.23044443,2938864569.406293,36870691.406870335,2936287177.5683203,62823652.67811918,-0.09602967315465014,-2822182.040458965,-22737260.371622156,15985395.345827164,0.5390625,1.0,-0.01818181818181818
large_3000_r10_g20\Soykb\reports\Soykb_3000_wfcommons_extended_pairwise_metrics.csv,Soykb_3000_wfcommons,QL-NSGA-III,makespan_best,min,10,3726962.612798703,46849.70491420535,3735299.415918451,39842.31405434664,3724019.2762391693,47825.447701984245,3723459.33578799,67095.54660753533,-0.07903655543120706,-2943.336559532955,-35533.398931469186,30973.413665853743,0.615234375,1.0,-0.09090909090909091
large_3000_r10_g20\Soykb\reports\Soykb_3000_wfcommons_extended_pairwise_metrics.csv,Soykb_3000_wfcommons,QL-NSGA-III,spacing,min,10,0.0599779515599303,0.01087830044226066,0.05952883472661849,0.016711576398923157,0.057441015267342535,0.009601905532750582,0.05732651174673281,0.01045758736571862,-4.416593754097711,-0.0025369362925877657,-0.009363721644594467,0.005834880999120582,0.8125,1.0,-0.3090909090909091
large_3000_r10_g20\Soykb\reports\Soykb_3000_wfcommons_extended_pairwise_metrics.csv,Soykb_3000_wfcommons,QL-NSGA-III,time,min,10,16.426665110024622,0.24499617444171895,16.357559300027788,0.10289615001238417,16.769291859993245,0.12208304964426425,16.748375449999003,0.17875752500549424,2.043179597738609,0.34262674996862186,0.21026964496966685,0.44530106547041215,0.001953125,0.052734375,0.9636363636363636
large_3000_r10_g20\Soykb\reports\Soykb_3000_wfcommons_extended_pairwise_metrics.csv,Soykb_3000_wfcommons,QMOEA/D-AWA-style,cost_best,min,10,17829451.5390837,179596.0348701585,17877495.05770402,180202.90505385026,17944571.471097704,277845.7570469849,17925695.34371014,425303.26369307935,0.641530683524098,115119.93201400079,-83695.90438295885,308350.8691734758,0.1611328125,1.0,0.38181818181818183
large_3000_r10_g20\Soykb\reports\Soykb_3000_wfcommons_extended_pairwise_metrics.csv,Soykb_3000_wfcommons,QMOEA/D-AWA-style,coverage,max,10,0.07174707602339181,0.08601123787971339,0.048611111111111105,0.109375,0.02834007220792419,0.045871634513732364,0.00847457627118644,0.030248033877797943,153.16476082700507,0.043407003815467624,-0.02334848031399849,0.11051268708494397,0.15625,1.0,0.4444444444444444
large_3000_r10_g20\Soykb\reports\Soykb_3000_wfcommons_extended_pairwise_metrics.csv,Soykb_3000_wfcommons,QMOEA/D-AWA-style,energy_best,min,10,42465889581.16331,132313703.35348079,42440221524.989914,195162779.80155182,41892564464.051895,126079810.15518042,41863673396.45412,137878407.18981934,-1.3685605654516175,-573325117.1113945,-682880884.9012338,-464949130.3559249,1.0,1.0,-1.0
large_3000_r10_g20\Soykb\reports\Soykb_3000_wfcommons_extended_pairwise_metrics.csv,Soykb_3000_wfcommons,QMOEA/D-AWA-style,epsilon,min,10,0.27313505733548127,0.03702957264168408,0.259394085097588,0.04886250710242113,0.45748422497671654,0.0549846840704555,0.4617668129040333,0.05305090036372573,40.29628948421503,0.18434916764123524,0.14565973942197077,0.22563171999454085,0.0009765625,0.0390625,1.0
large_3000_r10_g20\Soykb\reports\Soykb_3000_wfcommons_extended_pairwise_metrics.csv,Soykb_3000_wfcommons,QMOEA/D-AWA-style,hv,max,10,0.4742808886180555,0.027449288564311575,0.4735062019204167,0.04254405734885036,0.3463994018424087,0.04087603556039225,0.34683704984913366,0.054263057563689765,36.9173520784038,0.12788148677564679,0.0982599435056255,0.15962887492663272,0.0009765625,0.0390625,1.0
large_3000_r10_g20\Soykb\reports\Soykb_3000_wfcommons_extended_pairwise_metrics.csv,Soykb_3000_wfcommons,QMOEA/D-AWA-style,igd,min,10,0.14636897891348738,0.015033206521865744,0.14527366488980006,0.01730003607238581,0.34904151797416966,0.04817485673868744,0.3378388866568519,0.07031916468606181,58.065453140643505,0.20267253906068222,0.1746441600899009,0.23358951707376788,0.0009765625,0.0390625,1.0
large_3000_r10_g20\Soykb\reports\Soykb_3000_wfcommons_extended_pairwise_metrics.csv,Soykb_3000_wfcommons,QMOEA/D-AWA-style,latency_best,min,10,2941686751.4467516,27235518.315249223,2950127020.218066,23750999.23044443,3063963713.788894,23015655.53384349,3066393278.4527717,20691714.796467304,3.9908097407242145,122276962.34214282,106941115.72807895,137466806.90269455,0.0009765625,0.0390625,1.0
large_3000_r10_g20\Soykb\reports\Soykb_3000_wfcommons_extended_pairwise_metrics.csv,Soykb_3000_wfcommons,QMOEA/D-AWA-style,makespan_best,min,10,3726962.612798703,46849.70491420535,3735299.415918451,39842.31405434664,4125407.4512954294,103560.02741486816,4139530.2700310173,113959.15371042257,9.658314801647286,398444.838496727,330916.4720488116,472416.1425881098,0.0009765625,0.0390625,1.0
large_3000_r10_g20\Soykb\reports\Soykb_3000_wfcommons_extended_pairwise_metrics.csv,Soykb_3000_wfcommons,QMOEA/D-AWA-style,spacing,min,10,0.0599779515599303,0.01087830044226066,0.05952883472661849,0.016711576398923157,0.1225480669307033,0.09620540167284611,0.09494426037201364,0.05383471074957229,51.05761105652874,0.06257011537077302,0.016352136486898233,0.12767973844377808,0.009765625,0.224609375,0.8181818181818182
large_3000_r10_g20\Soykb\reports\Soykb_3000_wfcommons_extended_pairwise_metrics.csv,Soykb_3000_wfcommons,QMOEA/D-AWA-style,time,min,10,16.426665110024622,0.24499617444171895,16.357559300027788,0.10289615001238417,25.35491899999324,0.38188511282328025,25.30537660003756,0.5303304500266677,35.213103579510545,8.92825388996862,8.715549706459715,9.158944834493013,0.0009765625,0.0390625,1.0
large_3000_r10_g20\Srasearch\reports\Srasearch_3000_wfcommons_extended_pairwise_metrics.csv,Srasearch_3000_wfcommons,NSGA-III,cost_best,min,10,60395976.40115923,811994.3566140905,60503440.02473886,731340.9491030201,59969393.03017632,601026.7297700724,59932791.78272571,503738.95342874527,-0.7113351485286051,-426583.3709829055,-960356.3214122262,84828.98513201252,0.9345703125,1.0,-0.5272727272727272
large_3000_r10_g20\Srasearch\reports\Srasearch_3000_wfcommons_extended_pairwise_metrics.csv,Srasearch_3000_wfcommons,NSGA-III,coverage,max,10,0.23482848846478918,0.11125432510813177,0.24865047233468285,0.1311576354679803,0.14989688636340331,0.11658456523138583,0.1131276467029643,0.08326668512309414,56.66001753730994,0.08493160210138587,-0.040124932867152324,0.1927054157634997,0.1162109375,1.0,0.45454545454545453
large_3000_r10_g20\Srasearch\reports\Srasearch_3000_wfcommons_extended_pairwise_metrics.csv,Srasearch_3000_wfcommons,NSGA-III,energy_best,min,10,144930414899.75995,757642304.5332509,144861367007.12836,667955015.1504822,145214368200.31705,536173037.69425565,145123791710.02795,869965438.4291992,0.19554077470171333,283953300.5571411,-77741510.6035496,614719586.4612682,0.080078125,1.0,0.5272727272727272
large_3000_r10_g20\Srasearch\reports\Srasearch_3000_wfcommons_extended_pairwise_metrics.csv,Srasearch_3000_wfcommons,NSGA-III,epsilon,min,10,0.25369445433894056,0.048705556672415794,0.24413246935511396,0.03887339753200389,0.2694420400306086,0.034523143848847165,0.2643307200821666,0.0600845308070328,5.8445169469022495,0.015747585691668016,-0.006469924823961657,0.036460270850900096,0.0966796875,1.0,0.4909090909090909
large_3000_r10_g20\Srasearch\reports\Srasearch_3000_wfcommons_extended_pairwise_metrics.csv,Srasearch_3000_wfcommons,NSGA-III,hv,max,10,0.5220038326896843,0.029143006411807924,0.5249632215229096,0.0316073116336788,0.5016422789872831,0.020630651634469577,0.4959493895423425,0.011430483124996726,4.058978789329159,0.020361553702401263,0.0014189801544193105,0.037452950797342,0.052734375,1.0,0.6
large_3000_r10_g20\Srasearch\reports\Srasearch_3000_wfcommons_extended_pairwise_metrics.csv,Srasearch_3000_wfcommons,NSGA-III,igd,min,10,0.10982337469142382,0.007894968631024011,0.11187173622059929,0.007823361464808859,0.11274261477444206,0.011403339287765728,0.11501192468868647,0.015187894046826411,2.5892960606409545,0.002919240083018221,-0.006725027886253186,0.011491643660451866,0.24609375,1.0,0.2727272727272727
large_3000_r10_g20\Srasearch\reports\Srasearch_3000_wfcommons_extended_pairwise_metrics.csv,Srasearch_3000_wfcommons,NSGA-III,latency_best,min,10,15129648458.257557,103398088.65158339,15131267807.192196,115487887.73075676,15154521663.672703,122519169.51430887,15178697354.095541,143746530.50821304,0.16413058733994937,24873205.41514969,-59362280.69418747,109484345.54548922,0.2783203125,1.0,0.23636363636363636
large_3000_r10_g20\Srasearch\reports\Srasearch_3000_wfcommons_extended_pairwise_metrics.csv,Srasearch_3000_wfcommons,NSGA-III,makespan_best,min,10,12286065.033416683,258919.86793749887,12295425.817801679,177033.8680757545,12327797.224961145,296886.91124672734,12376776.515082177,245601.57314906642,0.3385210738213901,41732.19154446386,-158957.39933281182,200628.65784681402,0.1162109375,1.0,0.45454545454545453
large_3000_r10_g20\Srasearch\reports\Srasearch_3000_wfcommons_extended_pairwise_metrics.csv,Srasearch_3000_wfcommons,NSGA-III,spacing,min,10,0.049894807434033996,0.00463394826200218,0.05026979512526219,0.004747471727415298,0.05571140702774555,0.008582820445900297,0.052670165476209244,0.009044603619682075,10.440590004870561,0.005816599593711558,0.0005954228296887431,0.01158271403797985,0.0419921875,0.923828125,0.6363636363636364
large_3000_r10_g20\Srasearch\reports\Srasearch_3000_wfcommons_extended_pairwise_metrics.csv,Srasearch_3000_wfcommons,NSGA-III,time,min,10,15.621680299995933,0.11789346660296128,15.59137079998618,0.09067384999070782,15.82339308000519,0.08408593107457983,15.814341800025431,0.10826192500826437,1.2747757638919113,0.2017127800092567,0.12382966301520357,0.25829261978651624,0.001953125,0.056640625,0.9636363636363636
large_3000_r10_g20\Srasearch\reports\Srasearch_3000_wfcommons_extended_pairwise_metrics.csv,Srasearch_3000_wfcommons,OVEA-style,cost_best,min,10,60395976.40115923,811994.3566140905,60503440.02473886,731340.9491030201,64584473.47130462,1294492.6020599306,64603313.61240953,2035259.4775814787,6.48530032842394,4188497.070145387,3513532.8307272694,4848109.876171226,0.0009765625,0.0390625,1.0
large_3000_r10_g20\Srasearch\reports\Srasearch_3000_wfcommons_extended_pairwise_metrics.csv,Srasearch_3000_wfcommons,OVEA-style,coverage,max,10,0.14210362736678525,0.06784897694985936,0.16025641025641024,0.1034919028340081,0.021116427432216905,0.027170426807223175,0.008771929824561403,0.04401913875598086,572.9529785421024,0.12098719993456834,0.07724917188075084,0.16341716762769393,0.001953125,0.056640625,0.9636363636363636
large_3000_r10_g20\Srasearch\reports\Srasearch_3000_wfcommons_extended_pairwise_metrics.csv,Srasearch_3000_wfcommons,OVEA-style,energy_best,min,10,144930414899.75995,757642304.5332509,144861367007.12836,667955015.1504822,146163991372.56793,902005964.7035166,146443518223.7152,1185359751.009613,0.8439674240036532,1233576472.8080292,567938220.1628602,1847174759.259934,0.0048828125,0.1220703125,0.8909090909090909
large_3000_r10_g20\Srasearch\reports\Srasearch_3000_wfcommons_extended_pairwise_metrics.csv,Srasearch_3000_wfcommons,OVEA-style,epsilon,min,10,0.25369445433894056,0.048705556672415794,0.24413246935511396,0.03887339753200389,0.42249790170070617,0.06379386225938115,0.40992666888055695,0.10567684358102525,39.95367709100352,0.16880344736176567,0.1288064003200463,0.21223105553775462,0.0009765625,0.0390625,1.0
large_3000_r10_g20\Srasearch\reports\Srasearch_3000_wfcommons_extended_pairwise_metrics.csv,Srasearch_3000_wfcommons,OVEA-style,hv,max,10,0.5220038326896843,0.029143006411807924,0.5249632215229096,0.0316073116336788,0.3896247720217688,0.03784542723625541,0.40120348313623255,0.06330458011463397,33.976038017551744,0.13237906066791555,0.10673505235264423,0.15784916876566932,0.0009765625,0.0390625,1.0
large_3000_r10_g20\Srasearch\reports\Srasearch_3000_wfcommons_extended_pairwise_metrics.csv,Srasearch_3000_wfcommons,OVEA-style,igd,min,10,0.10982337469142382,0.007894968631024011,0.11187173622059929,0.007823361464808859,0.17187021017340184,0.0360900767858089,0.1596263277396182,0.03909229447134124,36.10098307285378,0.062046835481978015,0.04183424880462178,0.08614285150367698,0.0009765625,0.0390625,1.0
large_3000_r10_g20\Srasearch\reports\Srasearch_3000_wfcommons_extended_pairwise_metrics.csv,Srasearch_3000_wfcommons,OVEA-style,latency_best,min,10,15129648458.257557,103398088.65158339,15131267807.192196,115487887.73075676,14925197366.790369,139494506.02193534,14891691202.370186,100147700.95090294,-1.369838444629926,-204451091.4671856,-315947339.2827223,-71254061.29950349,0.986328125,1.0,-0.7454545454545455
large_3000_r10_g20\Srasearch\reports\Srasearch_3000_wfcommons_extended_pairwise_metrics.csv,Srasearch_3000_wfcommons,OVEA-style,makespan_best,min,10,12286065.033416683,258919.86793749887,12295425.817801679,177033.8680757545,11586947.30755979,308177.1024947953,11503023.38715051,314278.9391415939,-6.033666221997577,-699117.7258568913,-940694.6718297219,-460973.4860985908,1.0,1.0,-1.0
large_3000_r10_g20\Srasearch\reports\Srasearch_3000_wfcommons_extended_pairwise_metrics.csv,Srasearch_3000_wfcommons,OVEA-style,spacing,min,10,0.049894807434033996,0.00463394826200218,0.05026979512526219,0.004747471727415298,0.06715152302244286,0.009776225432820477,0.06622275073376635,0.014043214007462758,25.698174533794948,0.017256715588408866,0.010925926900547786,0.023596551447130677,0.0009765625,0.0390625,1.0
large_3000_r10_g20\Srasearch\reports\Srasearch_3000_wfcommons_extended_pairwise_metrics.csv,Srasearch_3000_wfcommons,OVEA-style,time,min,10,15.621680299995933,0.11789346660296128,15.59137079998618,0.09067384999070782,16.826201340003173,0.18169865480624614,16.764396349986782,0.17997440000181086,7.158603511676585,1.2045210400072393,1.0578689337348623,1.3418351362537941,0.0009765625,0.0390625,1.0
large_3000_r10_g20\Srasearch\reports\Srasearch_3000_wfcommons_extended_pairwise_metrics.csv,Srasearch_3000_wfcommons,QL-NSGA-III,cost_best,min,10,60395976.40115923,811994.3566140905,60503440.02473886,731340.9491030201,59876955.61343291,784572.7699974169,60081364.6478003,628722.8956325129,-0.8668122525753167,-519020.78772632184,-1194423.7263366813,166630.46623752022,0.9345703125,1.0,-0.5272727272727272
large_3000_r10_g20\Srasearch\reports\Srasearch_3000_wfcommons_extended_pairwise_metrics.csv,Srasearch_3000_wfcommons,QL-NSGA-III,coverage,max,10,0.19260348701157398,0.1071234133567967,0.17407743496672717,0.12218915343915343,0.1396775997695743,0.0907471630776,0.1538573933372297,0.1491654292470989,37.891463863433614,0.05292588724199972,-0.05127994424132606,0.15903511740638188,0.24609375,1.0,0.2727272727272727
large_3000_r10_g20\Srasearch\reports\Srasearch_3000_wfcommons_extended_pairwise_metrics.csv,Srasearch_3000_wfcommons,QL-NSGA-III,energy_best,min,10,144930414899.75995,757642304.5332509,144861367007.12836,667955015.1504822,144492227165.0534,780391438.8638355,144750985629.51633,897470798.5107727,-0.3032604198189854,-438187734.7064972,-1241264086.6326883,145263096.7063818,0.8388671875,1.0,-0.34545454545454546
large_3000_r10_g20\Srasearch\reports\Srasearch_3000_wfcommons_extended_pairwise_metrics.csv,Srasearch_3000_wfcommons,QL-NSGA-III,epsilon,min,10,0.25369445433894056,0.048705556672415794,0.24413246935511396,0.03887339753200389,0.23000687125351327,0.03936090422572981,0.23568169065309513,0.049750748782580206,-10.298641495505091,-0.02368758308542728,-0.07357460615830477,0.011023633197459337,0.6875,1.0,-0.16363636363636364
large_3000_r10_g20\Srasearch\reports\Srasearch_3000_wfcommons_extended_pairwise_metrics.csv,Srasearch_3000_wfcommons,QL-NSGA-III,hv,max,10,0.5220038326896843,0.029143006411807924,0.5249632215229096,0.0316073116336788,0.5253037600197888,0.029277840768304395,0.5143399310065018,0.03834059329502859,-0.6281941195281417,-0.003299927330104491,-0.027663587344210754,0.017644275385889155,0.4228515625,1.0,0.09090909090909091
large_3000_r10_g20\Srasearch\reports\Srasearch_3000_wfcommons_extended_pairwise_metrics.csv,Srasearch_3000_wfcommons,QL-NSGA-III,igd,min,10,0.10982337469142382,0.007894968631024011,0.11187173622059929,0.007823361464808859,0.10864794267838129,0.013992066749162176,0.10646381119480833,0.019633815833818555,-1.0818723153571652,-0.0011754320130425253,-0.012385653802838126,0.009735512731879916,0.5390625,1.0,-0.01818181818181818
large_3000_r10_g20\Srasearch\reports\Srasearch_3000_wfcommons_extended_pairwise_metrics.csv,Srasearch_3000_wfcommons,QL-NSGA-III,latency_best,min,10,15129648458.257557,103398088.65158339,15131267807.192196,115487887.73075676,15176730481.5548,94034980.69806509,15134889616.535816,139028571.90486145,0.3102250735391575,47082023.29724731,-8144756.717046726,114238669.54883498,0.1376953125,1.0,0.41818181818181815
large_3000_r10_g20\Srasearch\reports\Srasearch_3000_wfcommons_extended_pairwise_metrics.csv,Srasearch_3000_wfcommons,QL-NSGA-III,makespan_best,min,10,12286065.033416683,258919.86793749887,12295425.817801679,177033.8680757545,12313831.619741593,191666.00827053437,12320136.355498362,197349.1025164146,0.2254910346540242,27766.58632491175,-131973.02085947193,193619.33664095151,0.5,1.0,0.01818181818181818
large_3000_r10_g20\Srasearch\reports\Srasearch_3000_wfcommons_extended_pairwise_metrics.csv,Srasearch_3000_wfcommons,QL-NSGA-III,spacing,min,10,0.049894807434033996,0.00463394826200218,0.05026979512526219,0.004747471727415298,0.06116865920320819,0.015793528635370997,0.055161538120103444,0.014513351772273149,18.43076489828127,0.011273851769174188,0.0024991093467824003,0.022568803648530488,0.0185546875,0.4453125,0.7454545454545455
large_3000_r10_g20\Srasearch\reports\Srasearch_3000_wfcommons_extended_pairwise_metrics.csv,Srasearch_3000_wfcommons,QL-NSGA-III,time,min,10,15.621680299995933,0.11789346660296128,15.59137079998618,0.09067384999070782,16.00838550001499,0.07012858873678016,16.00559225003235,0.10616957499587443,2.415641477516244,0.3867052000190597,0.29418069453604406,0.45432172301021634,0.0009765625,0.0390625,1.0
large_3000_r10_g20\Srasearch\reports\Srasearch_3000_wfcommons_extended_pairwise_metrics.csv,Srasearch_3000_wfcommons,QMOEA/D-AWA-style,cost_best,min,10,60395976.40115923,811994.3566140905,60503440.02473886,731340.9491030201,61417972.173749626,815595.2414702831,61507287.52879411,1120875.9245798662,1.6640011651625406,1021995.772590404,324260.737579767,1678383.7174354605,0.0185546875,0.4453125,0.7454545454545455
large_3000_r10_g20\Srasearch\reports\Srasearch_3000_wfcommons_extended_pairwise_metrics.csv,Srasearch_3000_wfcommons,QMOEA/D-AWA-style,coverage,max,10,0.0358531131750946,0.03569941393271133,0.04166666666666667,0.05555555555555555,0.03844627641576179,0.04206399482089716,0.02601330913490623,0.018065510063879745,-6.74490089137494,-0.0025931632406671888,-0.04540777943443314,0.036851572173980156,0.47265625,1.0,0.01818181818181818
large_3000_r10_g20\Srasearch\reports\Srasearch_3000_wfcommons_extended_pairwise_metrics.csv,Srasearch_3000_wfcommons,QMOEA/D-AWA-style,energy_best,min,10,144930414899.75995,757642304.5332509,144861367007.12836,667955015.1504822,142493994530.51382,684290748.8069965,142590520367.80786,800502640.5138855,-1.7098407390947177,-2436420369.2460938,-2918557657.024215,-1962822819.3563256,1.0,1.0,-1.0
large_3000_r10_g20\Srasearch\reports\Srasearch_3000_wfcommons_extended_pairwise_metrics.csv,Srasearch_3000_wfcommons,QMOEA/D-AWA-style,epsilon,min,10,0.25369445433894056,0.048705556672415794,0.24413246935511396,0.03887339753200389,0.33544846696628616,0.0390198183443839,0.347281672142284,0.03947829533409636,24.37155649173445,0.08175401262734555,0.04471825958657561,0.11451859768282648,0.0029296875,0.076171875,0.9272727272727272
large_3000_r10_g20\Srasearch\reports\Srasearch_3000_wfcommons_extended_pairwise_metrics.csv,Srasearch_3000_wfcommons,QMOEA/D-AWA-style,hv,max,10,0.5220038326896843,0.029143006411807924,0.5249632215229096,0.0316073116336788,0.464097424299862,0.029747177786670718,0.4730483607440159,0.04183826553829689,12.477209602526882,0.057906408389822236,0.033437572859338544,0.08526273955954682,0.001953125,0.056640625,0.9636363636363636
large_3000_r10_g20\Srasearch\reports\Srasearch_3000_wfcommons_extended_pairwise_metrics.csv,Srasearch_3000_wfcommons,QMOEA/D-AWA-style,igd,min,10,0.10982337469142382,0.007894968631024011,0.11187173622059929,0.007823361464808859,0.25337485082237043,0.024311989891046944,0.2600345132294205,0.03523976248646726,56.6557713462983,0.14355147613094657,0.12663104144441573,0.1579571298961177,0.0009765625,0.0390625,1.0
large_3000_r10_g20\Srasearch\reports\Srasearch_3000_wfcommons_extended_pairwise_metrics.csv,Srasearch_3000_wfcommons,QMOEA/D-AWA-style,latency_best,min,10,15129648458.257557,103398088.65158339,15131267807.192196,115487887.73075676,15811895595.669743,113313655.29887728,15823608252.95502,74197506.8060379,4.314771326968706,682247137.4121882,582021495.8501378,750781242.8489834,0.0009765625,0.0390625,1.0
large_3000_r10_g20\Srasearch\reports\Srasearch_3000_wfcommons_extended_pairwise_metrics.csv,Srasearch_3000_wfcommons,QMOEA/D-AWA-style,makespan_best,min,10,12286065.033416683,258919.86793749887,12295425.817801679,177033.8680757545,13567771.656050917,315650.61667079834,13655539.784274912,285440.13169488497,9.44669954010187,1281706.6226342355,1002175.3488399938,1504659.4772215793,0.0009765625,0.0390625,1.0
large_3000_r10_g20\Srasearch\reports\Srasearch_3000_wfcommons_extended_pairwise_metrics.csv,Srasearch_3000_wfcommons,QMOEA/D-AWA-style,spacing,min,10,0.049894807434033996,0.00463394826200218,0.05026979512526219,0.004747471727415298,0.06325370713159491,0.027314512084982256,0.058683146173765875,0.03785511717793899,21.119552202321763,0.013358899697560914,-0.0013385470489038847,0.02980763886300107,0.080078125,1.0,0.5272727272727272
large_3000_r10_g20\Srasearch\reports\Srasearch_3000_wfcommons_extended_pairwise_metrics.csv,Srasearch_3000_wfcommons,QMOEA/D-AWA-style,time,min,10,15.621680299995933,0.11789346660296128,15.59137079998618,0.09067384999070782,23.17536016998929,0.6365534393563222,23.111715049948543,0.46119772498786915,32.59358134927681,7.553679869993357,7.258649865995831,7.979615344987833,0.0009765625,0.0390625,1.0
quick_controller_ablation\Montage\reports\Montage_25_extended_pairwise_metrics.csv,Montage_25,Contextual-UCB,cost_best,min,1,3628.9597184615377,0.0,3628.9597184615377,0.0,3818.5107953846154,0.0,3818.5107953846154,0.0,4.964005264884564,189.55107692307774,189.55107692307774,189.55107692307774,nan,nan,nan
quick_controller_ablation\Montage\reports\Montage_25_extended_pairwise_metrics.csv,Montage_25,Contextual-UCB,coverage,max,1,0.3448275862068966,0.0,0.3448275862068966,0.0,0.18181818181818182,0.0,0.18181818181818182,0.0,89.65517241379311,0.16300940438871475,0.16300940438871475,0.16300940438871475,nan,nan,nan
quick_controller_ablation\Montage\reports\Montage_25_extended_pairwise_metrics.csv,Montage_25,Contextual-UCB,energy_best,min,1,11158215.816153847,0.0,11158215.816153847,0.0,11116995.654615387,0.0,11116995.654615387,0.0,-0.3707850827606125,-41220.16153845936,-41220.16153845936,-41220.16153845936,nan,nan,nan
quick_controller_ablation\Montage\reports\Montage_25_extended_pairwise_metrics.csv,Montage_25,Contextual-UCB,epsilon,min,1,0.18663972860868006,0.0,0.18663972860868006,0.0,0.25258390097709477,0.0,0.25258390097709477,0.0,26.1078287702884,0.06594417236841471,0.06594417236841471,0.06594417236841471,nan,nan,nan
quick_controller_ablation\Montage\reports\Montage_25_extended_pairwise_metrics.csv,Montage_25,Contextual-UCB,hv,max,1,0.633264623880218,0.0,0.633264623880218,0.0,0.5328694905924409,0.0,0.5328694905924409,0.0,18.840473147779278,0.10039513328777705,0.10039513328777705,0.10039513328777705,nan,nan,nan
quick_controller_ablation\Montage\reports\Montage_25_extended_pairwise_metrics.csv,Montage_25,Contextual-UCB,igd,min,1,0.14724478456217305,0.0,0.14724478456217305,0.0,0.12516300828305782,0.0,0.12516300828305782,0.0,-17.64241414618047,-0.02208177627911523,-0.02208177627911523,-0.02208177627911523,nan,nan,nan
quick_controller_ablation\Montage\reports\Montage_25_extended_pairwise_metrics.csv,Montage_25,Contextual-UCB,latency_best,min,1,13409.114634927888,0.0,13409.114634927888,0.0,13243.40475495493,0.0,13243.40475495493,0.0,-1.251263425373737,-165.70987997295742,-165.70987997295742,-165.70987997295742,nan,nan,nan
quick_controller_ablation\Montage\reports\Montage_25_extended_pairwise_metrics.csv,Montage_25,Contextual-UCB,makespan_best,min,1,3327.770484335937,0.0,3327.770484335937,0.0,3198.4298838281243,0.0,3198.4298838281243,0.0,-4.04387794029138,-129.34060050781272,-129.34060050781272,-129.34060050781272,nan,nan,nan
quick_controller_ablation\Montage\reports\Montage_25_extended_pairwise_metrics.csv,Montage_25,Contextual-UCB,spacing,min,1,0.12306922551850244,0.0,0.12306922551850244,0.0,0.10452072588010695,0.0,0.10452072588010695,0.0,-17.746240740493892,-0.018548499638395485,-0.018548499638395485,-0.018548499638395485,nan,nan,nan
quick_controller_ablation\Montage\reports\Montage_25_extended_pairwise_metrics.csv,Montage_25,Contextual-UCB,time,min,1,2.4621003000065684,0.0,2.4621003000065684,0.0,2.19966890005162,0.0,2.19966890005162,0.0,-11.930495537250632,-0.2624313999549486,-0.2624313999549486,-0.2624313999549486,nan,nan,nan
quick_controller_ablation\Montage\reports\Montage_25_extended_pairwise_metrics.csv,Montage_25,Global-UCB,cost_best,min,1,3628.9597184615377,0.0,3628.9597184615377,0.0,3751.216292307692,0.0,3751.216292307692,0.0,3.2591182251168997,122.25657384615442,122.25657384615442,122.25657384615442,nan,nan,nan
quick_controller_ablation\Montage\reports\Montage_25_extended_pairwise_metrics.csv,Montage_25,Global-UCB,coverage,max,1,0.32,0.0,0.32,0.0,0.5,0.0,0.5,0.0,-36.0,-0.18,-0.18,-0.18,nan,nan,nan
quick_controller_ablation\Montage\reports\Montage_25_extended_pairwise_metrics.csv,Montage_25,Global-UCB,energy_best,min,1,11158215.816153847,0.0,11158215.816153847,0.0,10843817.80076923,0.0,10843817.80076923,0.0,-2.899329564190149,-314398.01538461633,-314398.01538461633,-314398.01538461633,nan,nan,nan
quick_controller_ablation\Montage\reports\Montage_25_extended_pairwise_metrics.csv,Montage_25,Global-UCB,epsilon,min,1,0.18663972860868006,0.0,0.18663972860868006,0.0,0.19233093182061503,0.0,0.19233093182061503,0.0,2.9590680802415594,0.005691203211934975,0.005691203211934975,0.005691203211934975,nan,nan,nan
quick_controller_ablation\Montage\reports\Montage_25_extended_pairwise_metrics.csv,Montage_25,Global-UCB,hv,max,1,0.633264623880218,0.0,0.633264623880218,0.0,0.6661556899435397,0.0,0.6661556899435397,0.0,-4.937444288152729,-0.032891066063321706,-0.032891066063321706,-0.032891066063321706,nan,nan,nan
quick_controller_ablation\Montage\reports\Montage_25_extended_pairwise_metrics.csv,Montage_25,Global-UCB,igd,min,1,0.14724478456217305,0.0,0.14724478456217305,0.0,0.12335662073316703,0.0,0.12335662073316703,0.0,-19.365125022902955,-0.02388816382900602,-0.02388816382900602,-0.02388816382900602,nan,nan,nan
quick_controller_ablation\Montage\reports\Montage_25_extended_pairwise_metrics.csv,Montage_25,Global-UCB,latency_best,min,1,13409.114634927888,0.0,13409.114634927888,0.0,13243.40475495493,0.0,13243.40475495493,0.0,-1.251263425373737,-165.70987997295742,-165.70987997295742,-165.70987997295742,nan,nan,nan
quick_controller_ablation\Montage\reports\Montage_25_extended_pairwise_metrics.csv,Montage_25,Global-UCB,makespan_best,min,1,3327.770484335937,0.0,3327.770484335937,0.0,3202.7468681550463,0.0,3202.7468681550463,0.0,-3.9036371379830905,-125.02361618089071,-125.02361618089071,-125.02361618089071,nan,nan,nan
quick_controller_ablation\Montage\reports\Montage_25_extended_pairwise_metrics.csv,Montage_25,Global-UCB,spacing,min,1,0.12306922551850244,0.0,0.12306922551850244,0.0,0.10812734691333459,0.0,0.10812734691333459,0.0,-13.818778534484855,-0.014941878605167852,-0.014941878605167852,-0.014941878605167852,nan,nan,nan
quick_controller_ablation\Montage\reports\Montage_25_extended_pairwise_metrics.csv,Montage_25,Global-UCB,time,min,1,2.4621003000065684,0.0,2.4621003000065684,0.0,2.1469651000224985,0.0,2.1469651000224985,0.0,-14.67817059442501,-0.3151351999840699,-0.3151351999840699,-0.3151351999840699,nan,nan,nan
quick_controller_ablation\Montage\reports\Montage_25_extended_pairwise_metrics.csv,Montage_25,Static,cost_best,min,1,3628.9597184615377,0.0,3628.9597184615377,0.0,3119.8776,0.0,3119.8776,0.0,-16.317374709236603,-509.0821184615379,-509.0821184615379,-509.0821184615379,nan,nan,nan
quick_controller_ablation\Montage\reports\Montage_25_extended_pairwise_metrics.csv,Montage_25,Static,coverage,max,1,0.2,0.0,0.2,0.0,0.3181818181818182,0.0,0.3181818181818182,0.0,-37.14285714285714,-0.11818181818181817,-0.11818181818181817,-0.11818181818181817,nan,nan,nan
quick_controller_ablation\Montage\reports\Montage_25_extended_pairwise_metrics.csv,Montage_25,Static,energy_best,min,1,11158215.816153847,0.0,11158215.816153847,0.0,10633735.132307693,0.0,10633735.132307693,0.0,-4.9322338512331605,-524480.6838461533,-524480.6838461533,-524480.6838461533,nan,nan,nan
quick_controller_ablation\Montage\reports\Montage_25_extended_pairwise_metrics.csv,Montage_25,Static,epsilon,min,1,0.18663972860868006,0.0,0.18663972860868006,0.0,0.14007494498928516,0.0,0.14007494498928516,0.0,-33.24276416668006,-0.046564783619394895,-0.046564783619394895,-0.046564783619394895,nan,nan,nan
quick_controller_ablation\Montage\reports\Montage_25_extended_pairwise_metrics.csv,Montage_25,Static,hv,max,1,0.633264623880218,0.0,0.633264623880218,0.0,0.7305566785700006,0.0,0.7305566785700006,0.0,-13.317523135949305,-0.09729205468978264,-0.09729205468978264,-0.09729205468978264,nan,nan,nan
quick_controller_ablation\Montage\reports\Montage_25_extended_pairwise_metrics.csv,Montage_25,Static,igd,min,1,0.14724478456217305,0.0,0.14724478456217305,0.0,0.1018153286193313,0.0,0.1018153286193313,0.0,-44.619466006630574,-0.04542945594284174,-0.04542945594284174,-0.04542945594284174,nan,nan,nan
quick_controller_ablation\Montage\reports\Montage_25_extended_pairwise_metrics.csv,Montage_25,Static,latency_best,min,1,13409.114634927888,0.0,13409.114634927888,0.0,13993.398383326321,0.0,13993.398383326321,0.0,4.1754242421528565,584.2837483984331,584.2837483984331,584.2837483984331,nan,nan,nan
quick_controller_ablation\Montage\reports\Montage_25_extended_pairwise_metrics.csv,Montage_25,Static,makespan_best,min,1,3327.770484335937,0.0,3327.770484335937,0.0,3212.2187843118977,0.0,3212.2187843118977,0.0,-3.5972549749220177,-115.55170002403929,-115.55170002403929,-115.55170002403929,nan,nan,nan
quick_controller_ablation\Montage\reports\Montage_25_extended_pairwise_metrics.csv,Montage_25,Static,spacing,min,1,0.12306922551850244,0.0,0.12306922551850244,0.0,0.12675038432488256,0.0,0.12675038432488256,0.0,2.904258496719576,0.0036811588063801193,0.0036811588063801193,0.0036811588063801193,nan,nan,nan
quick_controller_ablation\Montage\reports\Montage_25_extended_pairwise_metrics.csv,Montage_25,Static,time,min,1,2.4621003000065684,0.0,2.4621003000065684,0.0,2.375665800005663,0.0,2.375665800005663,0.0,-3.6383274112334822,-0.08643450000090525,-0.08643450000090525,-0.08643450000090525,nan,nan,nan
quick_extended\Montage\reports\Montage_25_extended_pairwise_metrics.csv,Montage_25,NSGA-III,cost_best,min,1,3628.9597184615377,0.0,3628.9597184615377,0.0,3535.9334169230765,0.0,3535.9334169230765,0.0,-2.6308838592162034,-93.02630153846121,-93.02630153846121,-93.02630153846121,nan,nan,nan
quick_extended\Montage\reports\Montage_25_extended_pairwise_metrics.csv,Montage_25,NSGA-III,coverage,max,1,0.43333333333333335,0.0,0.43333333333333335,0.0,0.2727272727272727,0.0,0.2727272727272727,0.0,58.8888888888889,0.16060606060606064,0.16060606060606064,0.16060606060606064,nan,nan,nan
quick_extended\Montage\reports\Montage_25_extended_pairwise_metrics.csv,Montage_25,NSGA-III,energy_best,min,1,11158215.816153847,0.0,11158215.816153847,0.0,11194783.838461537,0.0,11194783.838461537,0.0,0.32665233054393356,36568.02230769023,36568.02230769023,36568.02230769023,nan,nan,nan
quick_extended\Montage\reports\Montage_25_extended_pairwise_metrics.csv,Montage_25,NSGA-III,epsilon,min,1,0.22095211818243501,0.0,0.22095211818243501,0.0,0.14464604886991894,0.0,0.14464604886991894,0.0,-52.75364927606048,-0.07630606931251607,-0.07630606931251607,-0.07630606931251607,nan,nan,nan
quick_extended\Montage\reports\Montage_25_extended_pairwise_metrics.csv,Montage_25,NSGA-III,hv,max,1,0.6536606815258609,0.0,0.6536606815258609,0.0,0.6426292073615639,0.0,0.6426292073615639,0.0,1.7166157463630947,0.01103147416429695,0.01103147416429695,0.01103147416429695,nan,nan,nan
quick_extended\Montage\reports\Montage_25_extended_pairwise_metrics.csv,Montage_25,NSGA-III,igd,min,1,0.12420402056976464,0.0,0.12420402056976464,0.0,0.09176282554437916,0.0,0.09176282554437916,0.0,-35.35330874232505,-0.03244119502538548,-0.03244119502538548,-0.03244119502538548,nan,nan,nan
quick_extended\Montage\reports\Montage_25_extended_pairwise_metrics.csv,Montage_25,NSGA-III,latency_best,min,1,13409.114634927888,0.0,13409.114634927888,0.0,13291.858321511421,0.0,13291.858321511421,0.0,-0.8821664403893025,-117.25631341646658,-117.25631341646658,-117.25631341646658,nan,nan,nan
quick_extended\Montage\reports\Montage_25_extended_pairwise_metrics.csv,Montage_25,NSGA-III,makespan_best,min,1,3327.770484335937,0.0,3327.770484335937,0.0,3012.166163049879,0.0,3012.166163049879,0.0,-10.477653097546998,-315.60432128605817,-315.60432128605817,-315.60432128605817,nan,nan,nan
quick_extended\Montage\reports\Montage_25_extended_pairwise_metrics.csv,Montage_25,NSGA-III,spacing,min,1,0.1733529854177857,0.0,0.1733529854177857,0.0,0.14820729620481576,0.0,0.14820729620481576,0.0,-16.966566327625156,-0.025145689212969946,-0.025145689212969946,-0.025145689212969946,nan,nan,nan
quick_extended\Montage\reports\Montage_25_extended_pairwise_metrics.csv,Montage_25,NSGA-III,time,min,1,2.2273922000313178,0.0,2.2273922000313178,0.0,2.0829241000465117,0.0,2.0829241000465117,0.0,-6.935831218313719,-0.14446809998480603,-0.14446809998480603,-0.14446809998480603,nan,nan,nan
quick_extended\Montage\reports\Montage_25_extended_pairwise_metrics.csv,Montage_25,QL-NSGA-III,cost_best,min,1,3628.9597184615377,0.0,3628.9597184615377,0.0,3553.2108723076926,0.0,3553.2108723076926,0.0,-2.131842124659737,-75.74884615384508,-75.74884615384508,-75.74884615384508,nan,nan,nan
quick_extended\Montage\reports\Montage_25_extended_pairwise_metrics.csv,Montage_25,QL-NSGA-III,coverage,max,1,0.3333333333333333,0.0,0.3333333333333333,0.0,0.2727272727272727,0.0,0.2727272727272727,0.0,22.222222222222225,0.06060606060606061,0.06060606060606061,0.06060606060606061,nan,nan,nan
quick_extended\Montage\reports\Montage_25_extended_pairwise_metrics.csv,Montage_25,QL-NSGA-III,energy_best,min,1,11158215.816153847,0.0,11158215.816153847,0.0,11144746.316923078,0.0,11144746.316923078,0.0,-0.12085963060743125,-13469.499230768532,-13469.499230768532,-13469.499230768532,nan,nan,nan
quick_extended\Montage\reports\Montage_25_extended_pairwise_metrics.csv,Montage_25,QL-NSGA-III,epsilon,min,1,0.22095211818243501,0.0,0.22095211818243501,0.0,0.2394885849978669,0.0,0.2394885849978669,0.0,7.7400210183700375,0.01853646681543189,0.01853646681543189,0.01853646681543189,nan,nan,nan
quick_extended\Montage\reports\Montage_25_extended_pairwise_metrics.csv,Montage_25,QL-NSGA-III,hv,max,1,0.6536606815258609,0.0,0.6536606815258609,0.0,0.6819505922921106,0.0,0.6819505922921106,0.0,-4.148381288322409,-0.02828991076624976,-0.02828991076624976,-0.02828991076624976,nan,nan,nan
quick_extended\Montage\reports\Montage_25_extended_pairwise_metrics.csv,Montage_25,QL-NSGA-III,igd,min,1,0.12420402056976464,0.0,0.12420402056976464,0.0,0.08276193263898783,0.0,0.08276193263898783,0.0,-50.07385232477534,-0.041442087930776805,-0.041442087930776805,-0.041442087930776805,nan,nan,nan
quick_extended\Montage\reports\Montage_25_extended_pairwise_metrics.csv,Montage_25,QL-NSGA-III,latency_best,min,1,13409.114634927888,0.0,13409.114634927888,0.0,13935.325853215149,0.0,13935.325853215149,0.0,3.7760955418624356,526.2112182872606,526.2112182872606,526.2112182872606,nan,nan,nan
quick_extended\Montage\reports\Montage_25_extended_pairwise_metrics.csv,Montage_25,QL-NSGA-III,makespan_best,min,1,3327.770484335937,0.0,3327.770484335937,0.0,3340.1161490624995,0.0,3340.1161490624995,0.0,0.3696178269138241,12.345664726562518,12.345664726562518,12.345664726562518,nan,nan,nan
quick_extended\Montage\reports\Montage_25_extended_pairwise_metrics.csv,Montage_25,QL-NSGA-III,spacing,min,1,0.1733529854177857,0.0,0.1733529854177857,0.0,0.1365504676354858,0.0,0.1365504676354858,0.0,-26.951586779286803,-0.0368025177822999,-0.0368025177822999,-0.0368025177822999,nan,nan,nan
quick_extended\Montage\reports\Montage_25_extended_pairwise_metrics.csv,Montage_25,QL-NSGA-III,time,min,1,2.2273922000313178,0.0,2.2273922000313178,0.0,2.0435870999936014,0.0,2.0435870999936014,0.0,-8.994238612990452,-0.18380510003771633,-0.18380510003771633,-0.18380510003771633,nan,nan,nan
reward_sensitivity_r20_g70\CyberShake\reports\CyberShake_30_extended_pairwise_metrics.csv,CyberShake_30,Dominance-heavy,cost_best,min,20,1449.318095384616,222.07779595590335,1373.875364615385,84.52759615384639,1449.2635184615388,241.78526449287398,1382.6105569230772,86.30163461538427,-0.0037658384677519714,-0.05457692307711568,-145.00776201923077,150.24636057692268,0.5072822570800781,1.0,0.0
reward_sensitivity_r20_g70\CyberShake\reports\CyberShake_30_extended_pairwise_metrics.csv,CyberShake_30,Dominance-heavy,coverage,max,20,0.0987879902982606,0.05428324517420374,0.08715548074900063,0.07384868421052632,0.05845926894448409,0.027170993013486577,0.052083333333333336,0.023553494067211862,68.98601724232086,0.040328721353776506,0.009996114423665705,0.07128185254725192,0.009796642396994924,0.6857649677896447,0.6105263157894737
reward_sensitivity_r20_g70\CyberShake\reports\CyberShake_30_extended_pairwise_metrics.csv,CyberShake_30,Dominance-heavy,energy_best,min,20,31487800.031923067,322459.73451923236,31451602.82692307,443974.75961538404,31492055.69346153,376126.33389985614,31490768.242307685,462228.43846154213,0.013513444723605827,4255.661538461223,-229285.97140384716,231381.61618269276,0.43474388122558594,1.0,0.047619047619047616
reward_sensitivity_r20_g70\CyberShake\reports\CyberShake_30_extended_pairwise_metrics.csv,CyberShake_30,Dominance-heavy,epsilon,min,20,0.11745016270113609,0.015577769496454851,0.120632586613022,0.019956862155412897,0.11942873367710889,0.011890300226581052,0.11795859855176216,0.007979369327961033,1.6566959349348251,0.001978570975972807,-0.0052052650448075125,0.009361420377214274,0.3107566833496094,1.0,0.13333333333333333
reward_sensitivity_r20_g70\CyberShake\reports\CyberShake_30_extended_pairwise_metrics.csv,CyberShake_30,Dominance-heavy,hv,max,20,0.8790653072158754,0.014412561928672445,0.8779712706105063,0.018498849588241884,0.8784000977393411,0.012771939913981609,0.8789155374740265,0.013020657383316814,0.07572966786390915,0.0006652094765345007,-0.0051899078825230465,0.00718998389629531,0.5218353271484375,1.0,-0.009523809523809525
reward_sensitivity_r20_g70\CyberShake\reports\CyberShake_30_extended_pairwise_metrics.csv,CyberShake_30,Dominance-heavy,igd,min,20,0.07819803573111409,0.0031139193813642706,0.07804289987680464,0.004809979945181883,0.07901860638489595,0.003498933353084828,0.07872633886984069,0.00538255263768779,1.0384524497748127,0.000820570653781897,-0.001212579458615642,0.0028512394540195626,0.3107566833496094,1.0,0.13333333333333333
reward_sensitivity_r20_g70\CyberShake\reports\CyberShake_30_extended_pairwise_metrics.csv,CyberShake_30,Dominance-heavy,latency_best,min,20,49787.14656245733,2033.456182635342,49419.082154667965,2294.9139255183254,50258.3422269991,1657.9108356903644,50277.2735810622,2478.5301419185707,0.9375471686144027,471.1956645417678,-432.7947583812643,1407.2179336937152,0.24900436401367188,1.0,0.18095238095238095
reward_sensitivity_r20_g70\CyberShake\reports\CyberShake_30_extended_pairwise_metrics.csv,CyberShake_30,Dominance-heavy,makespan_best,min,20,11006.517516484375,279.1501104867014,10851.982605769232,373.1441631047164,11007.95156394471,276.1989042795842,10851.064,363.6114803725941,0.013027378000399195,1.4340474603362054,-165.24956809536525,174.53208044715248,0.4776693568876829,1.0,0.01904761904761905
reward_sensitivity_r20_g70\CyberShake\reports\CyberShake_30_extended_pairwise_metrics.csv,CyberShake_30,Dominance-heavy,spacing,min,20,0.06531727126065015,0.007353271025997967,0.0670944279409322,0.00991748763910131,0.0647025931217203,0.00910049008430635,0.06358558435662284,0.01405442134239359,-0.950005415970729,-0.0006146781389298215,-0.005480710635950986,0.003967554850320146,0.5363607406616211,1.0,-0.01904761904761905
reward_sensitivity_r20_g70\CyberShake\reports\CyberShake_30_extended_pairwise_metrics.csv,CyberShake_30,Dominance-heavy,time,min,20,5.764272334997076,2.360626491219594,5.367837300000247,0.31890124999335967,5.269147605003672,0.5511459752673448,5.328176799986977,0.41317775000061374,-9.396676030165205,-0.4951247299934039,-1.5461076447472442,0.11740463088484819,0.9430065155029297,1.0,-0.4
reward_sensitivity_r20_g70\CyberShake\reports\CyberShake_30_extended_pairwise_metrics.csv,CyberShake_30,Equal-weights,cost_best,min,20,1449.318095384616,222.07779595590335,1373.875364615385,84.52759615384639,1482.6458453846158,251.19182502270118,1413.2976723076927,65.28144230769226,2.247856432049967,33.327749999999796,-111.28683894230784,180.60998942307668,0.32382774353027344,1.0,0.12380952380952381
reward_sensitivity_r20_g70\CyberShake\reports\CyberShake_30_extended_pairwise_metrics.csv,CyberShake_30,Equal-weights,coverage,max,20,0.10423508229781478,0.052038541315428226,0.10047095761381475,0.05177715277570548,0.07720971035717429,0.0353127031684833,0.06842105263157894,0.04299198239392808,35.0025557868568,0.027025371940640492,-0.001851727383123697,0.05517239343779092,0.038883721142796805,1.0,0.47368421052631576
reward_sensitivity_r20_g70\CyberShake\reports\CyberShake_30_extended_pairwise_metrics.csv,CyberShake_30,Equal-weights,energy_best,min,20,31487800.031923067,322459.73451923236,31451602.82692307,443974.75961538404,31719025.308846157,415210.84285308246,31670555.519230764,589403.5096153878,0.7289797674161302,231225.2769230768,41358.522086537654,418842.0715384619,0.0291290283203125,1.0,0.4857142857142857
reward_sensitivity_r20_g70\CyberShake\reports\CyberShake_30_extended_pairwise_metrics.csv,CyberShake_30,Equal-weights,epsilon,min,20,0.11745016270113609,0.015577769496454851,0.120632586613022,0.019956862155412897,0.116682315600556,0.017612505846580914,0.11385127312294721,0.022563304295997788,-0.6580663887479699,-0.0007678471005800769,-0.010546888129929086,0.009268915858671735,0.5652561187744141,1.0,-0.0380952380952381
reward_sensitivity_r20_g70\CyberShake\reports\CyberShake_30_extended_pairwise_metrics.csv,CyberShake_30,Equal-weights,hv,max,20,0.8790653072158754,0.014412561928672445,0.8779712706105063,0.018498849588241884,0.8833800564715386,0.010356716095412215,0.8821940795627816,0.010073961792264718,-0.4884363444764088,-0.004314749255663097,-0.010983462205564388,0.0023920738892369026,0.8847436904907227,1.0,-0.3047619047619048
reward_sensitivity_r20_g70\CyberShake\reports\CyberShake_30_extended_pairwise_metrics.csv,CyberShake_30,Equal-weights,igd,min,20,0.07819803573111409,0.0031139193813642706,0.07804289987680464,0.004809979945181883,0.07938270103526791,0.0025222925234375526,0.07936247258725133,0.0035246991544601036,1.4923469329010473,0.001184665304153855,-0.00031712074851905755,0.002672539530618263,0.12274360656738281,1.0,0.3047619047619048
reward_sensitivity_r20_g70\CyberShake\reports\CyberShake_30_extended_pairwise_metrics.csv,CyberShake_30,Equal-weights,latency_best,min,20,49787.14656245733,2033.456182635342,49419.082154667965,2294.9139255183254,50054.8347372234,1447.3017802677603,49687.10842539363,2026.7349706287787,0.5347898483160897,267.68817476607364,-800.3283623371395,1273.4664113258398,0.28529834747314453,1.0,0.1523809523809524
reward_sensitivity_r20_g70\CyberShake\reports\CyberShake_30_extended_pairwise_metrics.csv,CyberShake_30,Equal-weights,makespan_best,min,20,11006.517516484375,279.1501104867014,10851.982605769232,373.1441631047164,11038.06548811343,291.2719005828666,10854.048711538462,531.79750107572,0.28581069448291185,31.547971629056427,-94.5643625033128,156.3300922783879,0.23442259821663924,1.0,0.18947368421052632
reward_sensitivity_r20_g70\CyberShake\reports\CyberShake_30_extended_pairwise_metrics.csv,CyberShake_30,Equal-weights,spacing,min,20,0.06531727126065015,0.007353271025997967,0.0670944279409322,0.00991748763910131,0.06455186469446095,0.008733164270366736,0.06510089096790794,0.009607758072157295,-1.1857234021233172,-0.0007654065661891685,-0.00526832718805678,0.004927380191586813,0.8987751007080078,1.0,-0.3238095238095238
reward_sensitivity_r20_g70\CyberShake\reports\CyberShake_30_extended_pairwise_metrics.csv,CyberShake_30,Equal-weights,time,min,20,5.764272334997076,2.360626491219594,5.367837300000247,0.31890124999335967,5.23450051000691,0.42719752552531015,5.331917450006586,0.4331991250801366,-10.120771293791828,-0.5297718249901664,-1.527949082234918,0.01951394763185816,0.8441028594970703,1.0,-0.2571428571428571
reward_sensitivity_r20_g70\CyberShake\reports\CyberShake_30_extended_pairwise_metrics.csv,CyberShake_30,High-alpha,cost_best,min,20,1449.318095384616,222.07779595590335,1373.875364615385,84.52759615384639,1453.1170761538465,191.8618215622726,1403.9267107692312,85.0699038461537,0.26143666133809856,3.7989807692306385,-122.16399663461549,127.41800048076904,0.32382774353027344,1.0,0.12380952380952381
reward_sensitivity_r20_g70\CyberShake\reports\CyberShake_30_extended_pairwise_metrics.csv,CyberShake_30,High-alpha,coverage,max,20,0.10589752191876586,0.05919530064932521,0.10417797069994574,0.06075071287563062,0.08559263588964248,0.0606826922919525,0.07291666666666666,0.08525954060408752,23.722702097062605,0.020304886029123375,-0.022532800993122853,0.0642510753962408,0.19418811798095703,1.0,0.22857142857142856
reward_sensitivity_r20_g70\CyberShake\reports\CyberShake_30_extended_pairwise_metrics.csv,CyberShake_30,High-alpha,energy_best,min,20,31487800.031923067,322459.73451923236,31451602.82692307,443974.75961538404,31734641.182307683,410904.65307501616,31654416.880769223,487160.7923076935,0.7778287107976882,246841.15038461462,18940.96707692185,496311.1945096154,0.0347900390625,1.0,0.4666666666666667
reward_sensitivity_r20_g70\CyberShake\reports\CyberShake_30_extended_pairwise_metrics.csv,CyberShake_30,High-alpha,epsilon,min,20,0.11745016270113609,0.015577769496454851,0.120632586613022,0.019956862155412897,0.11746090684377482,0.015481461044982301,0.11743262773276025,0.020319904942491057,0.009146994457498238,1.0744142638732107e-05,-0.008691514890939103,0.0090100634098524,0.5363607406616211,1.0,-0.01904761904761905
reward_sensitivity_r20_g70\CyberShake\reports\CyberShake_30_extended_pairwise_metrics.csv,CyberShake_30,High-alpha,hv,max,20,0.8790653072158754,0.014412561928672445,0.8779712706105063,0.018498849588241884,0.8822850282249849,0.011477111328905505,0.8842178431810505,0.016926202562839943,-0.3649298022870295,-0.0032197210091093054,-0.009894994916828525,0.003500001166931309,0.7509956359863281,1.0,-0.17142857142857143
reward_sensitivity_r20_g70\CyberShake\reports\CyberShake_30_extended_pairwise_metrics.csv,CyberShake_30,High-alpha,igd,min,20,0.07819803573111409,0.0031139193813642706,0.07804289987680464,0.004809979945181883,0.0791988101814387,0.002656230583263693,0.07928502239336124,0.0036112389499038666,1.2636230873063867,0.0010007744503246659,-0.000560159019692475,0.0025058009071932783,0.10122489929199219,1.0,0.3333333333333333
reward_sensitivity_r20_g70\CyberShake\reports\CyberShake_30_extended_pairwise_metrics.csv,CyberShake_30,High-alpha,latency_best,min,20,49787.14656245733,2033.456182635342,49419.082154667965,2294.9139255183254,49702.01572307107,1641.482614590553,49867.81455216495,709.2167580964524,-0.17128246842259756,-85.13083938626696,-907.5955185974464,753.2507003561632,0.5652561187744141,1.0,-0.0380952380952381
reward_sensitivity_r20_g70\CyberShake\reports\CyberShake_30_extended_pairwise_metrics.csv,CyberShake_30,High-alpha,makespan_best,min,20,11006.517516484375,279.1501104867014,10851.982605769232,373.1441631047164,11100.949351907751,318.01395113402066,10883.525875000001,632.1206700833827,0.8506645011144737,94.43183542337692,-60.3115090238733,252.06457111654797,0.0784530099461733,1.0,0.38011695906432746
reward_sensitivity_r20_g70\CyberShake\reports\CyberShake_30_extended_pairwise_metrics.csv,CyberShake_30,High-alpha,spacing,min,20,0.06531727126065015,0.007353271025997967,0.0670944279409322,0.00991748763910131,0.06678724912528214,0.007925278413051639,0.06516236149089577,0.00669435944162796,2.2009857927739263,0.0014699778646320011,-0.0024918879796882116,0.005650413060274779,0.3780832290649414,1.0,0.08571428571428572
reward_sensitivity_r20_g70\CyberShake\reports\CyberShake_30_extended_pairwise_metrics.csv,CyberShake_30,High-alpha,time,min,20,5.764272334997076,2.360626491219594,5.367837300000247,0.31890124999335967,5.2566474049992395,0.6076782060360689,5.399027549981838,0.6863746750314021,-9.656819088057329,-0.5076249299978371,-1.6268531801088095,0.17819342349270298,0.7847833633422852,1.0,-0.2
reward_sensitivity_r20_g70\CyberShake\reports\CyberShake_30_extended_pairwise_metrics.csv,CyberShake_30,Improvement-heavy,cost_best,min,20,1449.318095384616,222.07779595590335,1373.875364615385,84.52759615384639,1436.4989048461541,225.89829933103164,1379.8609415384617,100.53836538461519,-0.892391250366798,-12.819190538461658,-151.37043317307698,129.42343354423062,0.7509956359863281,1.0,-0.17142857142857143
reward_sensitivity_r20_g70\CyberShake\reports\CyberShake_30_extended_pairwise_metrics.csv,CyberShake_30,Improvement-heavy,coverage,max,20,0.09627743812302188,0.06823716323347814,0.08333333333333333,0.05347090341833966,0.08573384065217124,0.04103910983215898,0.08334237655995659,0.04449926900584795,12.298058025449741,0.010543597470850622,-0.028494452082770103,0.054363443237770766,0.4519538162583623,1.0,0.031578947368421054
reward_sensitivity_r20_g70\CyberShake\reports\CyberShake_30_extended_pairwise_metrics.csv,CyberShake_30,Improvement-heavy,energy_best,min,20,31487800.031923067,322459.73451923236,31451602.82692307,443974.75961538404,31686104.78807692,385334.67664277955,31619008.88461538,332720.91346153617,0.6258413821457516,198304.75615384616,5661.174403846825,391441.01140384574,0.0133209228515625,0.9191436767578125,0.5619047619047619
reward_sensitivity_r20_g70\CyberShake\reports\CyberShake_30_extended_pairwise_metrics.csv,CyberShake_30,Improvement-heavy,epsilon,min,20,0.11745016270113609,0.015577769496454851,0.120632586613022,0.019956862155412897,0.11155503329417145,0.011394813529718788,0.11020113722026272,0.01363794793521339,-5.284503292127699,-0.005895129406964616,-0.014052619892410339,0.002597303087323465,0.9053258895874023,1.0,-0.3333333333333333
reward_sensitivity_r20_g70\CyberShake\reports\CyberShake_30_extended_pairwise_metrics.csv,CyberShake_30,Improvement-heavy,hv,max,20,0.8790653072158754,0.014412561928672445,0.8779712706105063,0.018498849588241884,0.8873077161726494,0.011129850569196872,0.8850562411179346,0.013395965815787392,-0.928923394504798,-0.008242408956773788,-0.016899505413647434,0.00010380516775212571,0.9587249755859375,1.0,-0.4380952380952381
reward_sensitivity_r20_g70\CyberShake\reports\CyberShake_30_extended_pairwise_metrics.csv,CyberShake_30,Improvement-heavy,igd,min,20,0.07819803573111409,0.0031139193813642706,0.07804289987680464,0.004809979945181883,0.07764932064904262,0.0034091909721078234,0.07748838622113878,0.004156662688929655,-0.7066579301466578,-0.0005487150820714534,-0.002718240595366906,0.0015668939197847319,0.7391633987426758,1.0,-0.1619047619047619
reward_sensitivity_r20_g70\CyberShake\reports\CyberShake_30_extended_pairwise_metrics.csv,CyberShake_30,Improvement-heavy,latency_best,min,20,49787.14656245733,2033.456182635342,49419.082154667965,2294.9139255183254,49557.3073259073,1920.980630831921,49440.036898281236,2342.242488603515,-0.46378475537124064,-229.8392365500331,-1392.9156412169068,873.8575000181003,0.5218353271484375,1.0,-0.009523809523809525
reward_sensitivity_r20_g70\CyberShake\reports\CyberShake_30_extended_pairwise_metrics.csv,CyberShake_30,Improvement-heavy,makespan_best,min,20,11006.517516484375,279.1501104867014,10851.982605769232,373.1441631047164,10932.049618363882,239.6552097444369,10825.740682692307,59.16734095177162,-0.6811888046629404,-74.46789812049283,-197.26122610310216,38.61913606272511,0.7325373934307802,1.0,-0.17647058823529413
reward_sensitivity_r20_g70\CyberShake\reports\CyberShake_30_extended_pairwise_metrics.csv,CyberShake_30,Improvement-heavy,spacing,min,20,0.06531727126065015,0.007353271025997967,0.0670944279409322,0.00991748763910131,0.0658510601664593,0.009711827547527493,0.06353535778095881,0.006921698484633504,0.8106003220902195,0.0005337889058091707,-0.0038252862873870363,0.005231130221273773,0.5072822570800781,1.0,0.0
reward_sensitivity_r20_g70\CyberShake\reports\CyberShake_30_extended_pairwise_metrics.csv,CyberShake_30,Improvement-heavy,time,min,20,5.764272334997076,2.360626491219594,5.367837300000247,0.31890124999335967,5.24816182499635,0.4771893423867962,5.413218750036322,0.41832645003159996,-9.834119587215383,-0.5161105100007262,-1.561221437613567,0.07304946685195304,0.7147016525268555,1.0,-0.14285714285714285
reward_sensitivity_r20_g70\CyberShake\reports\CyberShake_30_extended_pairwise_metrics.csv,CyberShake_30,Low-alpha,cost_best,min,20,1449.318095384616,222.07779595590335,1373.875364615385,84.52759615384639,1468.6296146153848,199.48047875339145,1397.2955569230776,104.37951923076866,1.3149346192250195,19.311519230769058,-122.0321048076924,149.6355850961535,0.28529834747314453,1.0,0.1523809523809524
reward_sensitivity_r20_g70\CyberShake\reports\CyberShake_30_extended_pairwise_metrics.csv,CyberShake_30,Low-alpha,coverage,max,20,0.09217522165761807,0.049500618360765136,0.07450181159420291,0.05560756071454934,0.07749815215593679,0.0345271599676025,0.07970521541950112,0.04682931286549707,18.93860575172041,0.014677069501681262,-0.013970404034526837,0.04394321256986003,0.16706904029787273,1.0,0.25263157894736843
reward_sensitivity_r20_g70\CyberShake\reports\CyberShake_30_extended_pairwise_metrics.csv,CyberShake_30,Low-alpha,energy_best,min,20,31487800.031923067,322459.73451923236,31451602.82692307,443974.75961538404,31571251.263846148,304425.6689878691,31649430.61538461,500455.5057692267,0.26432665346604506,83451.23192307726,-133922.68003846152,294033.1664423091,0.23745250701904297,1.0,0.19047619047619047
reward_sensitivity_r20_g70\CyberShake\reports\CyberShake_30_extended_pairwise_metrics.csv,CyberShake_30,Low-alpha,epsilon,min,20,0.11745016270113609,0.015577769496454851,0.120632586613022,0.019956862155412897,0.11360954875695457,0.015731106730196634,0.11376749337564401,0.018487061002134375,-3.38053797960043,-0.0038406139441815113,-0.01272444035415263,0.0057833509482517875,0.815861701965332,1.0,-0.22857142857142856
reward_sensitivity_r20_g70\CyberShake\reports\CyberShake_30_extended_pairwise_metrics.csv,CyberShake_30,Low-alpha,hv,max,20,0.8790653072158754,0.014412561928672445,0.8779712706105063,0.018498849588241884,0.8851914543504309,0.01088607102229781,0.8859582722089507,0.012211301964518362,-0.6920702978375428,-0.006126147134555504,-0.012553723735821533,0.0009307607800305876,0.9939603805541992,1.0,-0.6190476190476191
reward_sensitivity_r20_g70\CyberShake\reports\CyberShake_30_extended_pairwise_metrics.csv,CyberShake_30,Low-alpha,igd,min,20,0.07819803573111409,0.0031139193813642706,0.07804289987680464,0.004809979945181883,0.0787225667131151,0.003672586301338901,0.07858991416214212,0.0051982727098899145,0.6663032011043805,0.0005245309820010431,-0.0017058519088094556,0.002615069366367918,0.2979097366333008,1.0,0.14285714285714285
reward_sensitivity_r20_g70\CyberShake\reports\CyberShake_30_extended_pairwise_metrics.csv,CyberShake_30,Low-alpha,latency_best,min,20,49787.14656245733,2033.456182635342,49419.082154667965,2294.9139255183254,49759.55761631385,1653.7840534739375,49945.997639997,1761.5868145680652,-0.055444516521264725,-27.588946143482826,-1349.3962136866035,1270.3341726788476,0.5072822570800781,1.0,0.0
reward_sensitivity_r20_g70\CyberShake\reports\CyberShake_30_extended_pairwise_metrics.csv,CyberShake_30,Low-alpha,makespan_best,min,20,11006.517516484375,279.1501104867014,10851.982605769232,373.1441631047164,10993.201784787861,259.0833900833527,10866.20823076923,132.72606091346097,-0.12112696516623091,-13.315731696514922,-192.87752025950294,166.99052048873855,0.27828970626059035,1.0,0.15789473684210525
reward_sensitivity_r20_g70\CyberShake\reports\CyberShake_30_extended_pairwise_metrics.csv,CyberShake_30,Low-alpha,spacing,min,20,0.06531727126065015,0.007353271025997967,0.0670944279409322,0.00991748763910131,0.06367963690520541,0.0069029539609932475,0.06460052393677215,0.007822481012175878,-2.5716766536884506,-0.0016376343554447253,-0.005387948556057695,0.0020886918797699155,0.7954511642456055,1.0,-0.20952380952380953
reward_sensitivity_r20_g70\CyberShake\reports\CyberShake_30_extended_pairwise_metrics.csv,CyberShake_30,Low-alpha,time,min,20,5.764272334997076,2.360626491219594,5.367837300000247,0.31890124999335967,5.204266254993854,0.5122750699189447,5.248587200010661,0.36284755005908664,-10.760519400133644,-0.5600060800032225,-1.652039967998062,0.07732919600020971,0.9384536743164062,1.0,-0.3904761904761905
reward_sensitivity_r20_g70\CyberShake\reports\CyberShake_30_extended_pairwise_metrics.csv,CyberShake_30,No-clipping,cost_best,min,20,1449.318095384616,222.07779595590335,1373.875364615385,84.52759615384639,1449.318095384616,222.07779595590335,1373.875364615385,84.52759615384639,0.0,0.0,0.0,0.0,1.0,1.0,0.0
reward_sensitivity_r20_g70\CyberShake\reports\CyberShake_30_extended_pairwise_metrics.csv,CyberShake_30,No-clipping,coverage,max,20,0.0,0.0,0.0,0.0,0.0,0.0,0.0,0.0,nan,0.0,0.0,0.0,1.0,1.0,0.0
reward_sensitivity_r20_g70\CyberShake\reports\CyberShake_30_extended_pairwise_metrics.csv,CyberShake_30,No-clipping,energy_best,min,20,31487800.031923067,322459.73451923236,31451602.82692307,443974.75961538404,31487800.031923067,322459.73451923236,31451602.82692307,443974.75961538404,0.0,0.0,0.0,0.0,1.0,1.0,0.0
reward_sensitivity_r20_g70\CyberShake\reports\CyberShake_30_extended_pairwise_metrics.csv,CyberShake_30,No-clipping,epsilon,min,20,0.11745016270113609,0.015577769496454851,0.120632586613022,0.019956862155412897,0.11745016270113609,0.015577769496454851,0.120632586613022,0.019956862155412897,0.0,0.0,0.0,0.0,1.0,1.0,0.0
reward_sensitivity_r20_g70\CyberShake\reports\CyberShake_30_extended_pairwise_metrics.csv,CyberShake_30,No-clipping,hv,max,20,0.8790653072158754,0.014412561928672445,0.8779712706105063,0.018498849588241884,0.8790653072158754,0.014412561928672445,0.8779712706105063,0.018498849588241884,0.0,0.0,0.0,0.0,1.0,1.0,0.0
reward_sensitivity_r20_g70\CyberShake\reports\CyberShake_30_extended_pairwise_metrics.csv,CyberShake_30,No-clipping,igd,min,20,0.07819803573111409,0.0031139193813642706,0.07804289987680464,0.004809979945181883,0.07819803573111409,0.0031139193813642706,0.07804289987680464,0.004809979945181883,0.0,0.0,0.0,0.0,1.0,1.0,0.0
reward_sensitivity_r20_g70\CyberShake\reports\CyberShake_30_extended_pairwise_metrics.csv,CyberShake_30,No-clipping,latency_best,min,20,49787.14656245733,2033.456182635342,49419.082154667965,2294.9139255183254,49787.14656245733,2033.456182635342,49419.082154667965,2294.9139255183254,0.0,0.0,0.0,0.0,1.0,1.0,0.0
reward_sensitivity_r20_g70\CyberShake\reports\CyberShake_30_extended_pairwise_metrics.csv,CyberShake_30,No-clipping,makespan_best,min,20,11006.517516484375,279.1501104867014,10851.982605769232,373.1441631047164,11006.517516484375,279.1501104867014,10851.982605769232,373.1441631047164,0.0,0.0,0.0,0.0,1.0,1.0,0.0
reward_sensitivity_r20_g70\CyberShake\reports\CyberShake_30_extended_pairwise_metrics.csv,CyberShake_30,No-clipping,spacing,min,20,0.06531727126065015,0.007353271025997967,0.0670944279409322,0.00991748763910131,0.06531727126065015,0.007353271025997967,0.0670944279409322,0.00991748763910131,0.0,0.0,0.0,0.0,1.0,1.0,0.0
reward_sensitivity_r20_g70\CyberShake\reports\CyberShake_30_extended_pairwise_metrics.csv,CyberShake_30,No-clipping,time,min,20,5.764272334997076,2.360626491219594,5.367837300000247,0.31890124999335967,5.206327890002285,0.47971408186235853,5.3533625500276685,0.3589702750032302,-10.716659741431428,-0.5579444449947915,-1.6457060369822283,0.057126786129301714,0.9513463973999023,1.0,-0.41904761904761906
reward_sensitivity_r20_g70\CyberShake\reports\CyberShake_30_extended_pairwise_metrics.csv,CyberShake_30,Tight-clipping,cost_best,min,20,1449.318095384616,222.07779595590335,1373.875364615385,84.52759615384639,1524.5452876923077,342.16073657604306,1383.9674800000003,134.44153846153813,4.934401943648554,75.22719230769218,-99.50944038461547,272.01726634615363,0.5072822570800781,1.0,0.0
reward_sensitivity_r20_g70\CyberShake\reports\CyberShake_30_extended_pairwise_metrics.csv,CyberShake_30,Tight-clipping,coverage,max,20,0.08922078276264847,0.04846182700635336,0.07534722222222223,0.049373079744470326,0.08699047891555751,0.0483528932472238,0.08854166666666666,0.060853561785538954,2.563848222120875,0.002230303847090972,-0.03246657566582108,0.04039906530992293,0.6892433166503906,1.0,-0.12380952380952381
reward_sensitivity_r20_g70\CyberShake\reports\CyberShake_30_extended_pairwise_metrics.csv,CyberShake_30,Tight-clipping,energy_best,min,20,31487800.031923067,322459.73451923236,31451602.82692307,443974.75961538404,31505474.8826923,250199.10784718112,31487640.82307692,446427.692307692,0.05610088670316388,17674.85076923184,-158482.1108365381,200523.68333653818,0.4636392593383789,1.0,0.02857142857142857
reward_sensitivity_r20_g70\CyberShake\reports\CyberShake_30_extended_pairwise_metrics.csv,CyberShake_30,Tight-clipping,epsilon,min,20,0.11745016270113609,0.015577769496454851,0.120632586613022,0.019956862155412897,0.11651898802319811,0.01700639960779419,0.11373237440806305,0.021338701280561548,-0.7991613158814821,-0.0009311746779379598,-0.009093416300252321,0.007586718431523404,0.6079368591308594,1.0,-0.06666666666666667
reward_sensitivity_r20_g70\CyberShake\reports\CyberShake_30_extended_pairwise_metrics.csv,CyberShake_30,Tight-clipping,hv,max,20,0.8790653072158754,0.014412561928672445,0.8779712706105063,0.018498849588241884,0.8830822246128974,0.011677272096209971,0.8874275493827336,0.015474104915923936,-0.4548746747544224,-0.004016917397022024,-0.01201888116564596,0.004593067896745657,0.8528738021850586,1.0,-0.26666666666666666
reward_sensitivity_r20_g70\CyberShake\reports\CyberShake_30_extended_pairwise_metrics.csv,CyberShake_30,Tight-clipping,igd,min,20,0.07819803573111409,0.0031139193813642706,0.07804289987680464,0.004809979945181883,0.07883604288946357,0.004352230353835887,0.07754290177384737,0.0033768298398683255,0.8092835903040383,0.0006380071583495176,-0.0015806499003085265,0.0031760689494147996,0.43474388122558594,1.0,0.047619047619047616
reward_sensitivity_r20_g70\CyberShake\reports\CyberShake_30_extended_pairwise_metrics.csv,CyberShake_30,Tight-clipping,latency_best,min,20,49787.14656245733,2033.456182635342,49419.082154667965,2294.9139255183254,49873.260829702966,1665.3386160565735,50073.27561663912,1954.6450845049694,0.172666205924812,86.11426724564225,-981.5854686141329,1112.3858548978983,0.3145811760862762,1.0,0.12631578947368421
reward_sensitivity_r20_g70\CyberShake\reports\CyberShake_30_extended_pairwise_metrics.csv,CyberShake_30,Tight-clipping,makespan_best,min,20,11006.517516484375,279.1501104867014,10851.982605769232,373.1441631047164,11030.155691099759,293.9493434223693,10849.939,598.9311493013811,0.21430499511858656,23.63817461538438,-63.740804032883815,115.0847903491955,0.27828970626059035,1.0,0.15789473684210525
reward_sensitivity_r20_g70\CyberShake\reports\CyberShake_30_extended_pairwise_metrics.csv,CyberShake_30,Tight-clipping,spacing,min,20,0.06531727126065015,0.007353271025997967,0.0670944279409322,0.00991748763910131,0.06520426804909454,0.0075981291254232225,0.06541112114437805,0.011829390963901738,-0.17330646434144886,-0.00011300321155558318,-0.0055098116493844254,0.005630245947387129,0.5938224792480469,1.0,-0.05714285714285714
reward_sensitivity_r20_g70\CyberShake\reports\CyberShake_30_extended_pairwise_metrics.csv,CyberShake_30,Tight-clipping,time,min,20,5.764272334997076,2.360626491219594,5.367837300000247,0.31890124999335967,5.2458931550005214,0.4422929935532787,5.403424149990315,0.3105899749789387,-9.881619100503837,-0.5183791799965547,-1.6081496510034043,0.08262059974593265,0.5218353271484375,1.0,-0.009523809523809525
reward_sensitivity_r20_g70\Epigenomics\reports\Epigenomics_24_extended_pairwise_metrics.csv,Epigenomics_24,Dominance-heavy,cost_best,min,20,27347.955227923077,347.69335467223635,27300.58968769231,484.1205280769209,27268.07117146154,329.21610102797524,27227.953631538465,492.79571884615507,-0.2929582219410671,-79.8840564615366,-253.28189740384497,85.62272512115516,0.7738122940063477,1.0,-0.19047619047619047
reward_sensitivity_r20_g70\Epigenomics\reports\Epigenomics_24_extended_pairwise_metrics.csv,Epigenomics_24,Dominance-heavy,coverage,max,20,0.06815997658161176,0.02374039367788441,0.06250678241996745,0.03398840206185567,0.03912594166177176,0.022491596636334883,0.03723404255319149,0.0308169825961645,74.20660995415193,0.02903403491983999,0.014872865623211575,0.043546948738313565,0.0008449554443359375,0.059146881103515625,0.7619047619047619
reward_sensitivity_r20_g70\Epigenomics\reports\Epigenomics_24_extended_pairwise_metrics.csv,Epigenomics_24,Dominance-heavy,energy_best,min,20,716297478.4886153,306150.8145675436,716236393.7615384,245119.22769224644,716357987.9450384,407423.4656978144,716256646.4384615,424809.5175000429,0.008446818133031822,60509.456423079966,-58621.3515086491,177903.05552595554,0.1649913787841797,1.0,0.2571428571428571
reward_sensitivity_r20_g70\Epigenomics\reports\Epigenomics_24_extended_pairwise_metrics.csv,Epigenomics_24,Dominance-heavy,epsilon,min,20,0.04443176190398954,0.007093900400206206,0.04406568719555043,0.009163890530574939,0.048624553563036965,0.015872487600470754,0.045671639186488935,0.0038929102632193346,8.622786949831589,0.004192791659047424,-0.002747399520608897,0.013908130270277022,0.3780832290649414,1.0,0.08571428571428572
reward_sensitivity_r20_g70\Epigenomics\reports\Epigenomics_24_extended_pairwise_metrics.csv,Epigenomics_24,Dominance-heavy,hv,max,20,1.1011547237230235,0.00363744002179267,1.1019939559019405,0.004657781082605172,1.101081371953574,0.004933523134754348,1.1023304101719211,0.004326629622547928,0.00666179369826372,7.335176944895938e-05,-0.0026760908670395477,0.0034390142823070347,0.7020902633666992,1.0,-0.13333333333333333
reward_sensitivity_r20_g70\Epigenomics\reports\Epigenomics_24_extended_pairwise_metrics.csv,Epigenomics_24,Dominance-heavy,igd,min,20,0.03416128963658381,0.003190515107300455,0.03423076672370294,0.0029728428755003006,0.03430875649405911,0.0029564593104950227,0.03386411411424729,0.003648846922396559,0.4298227990304262,0.00014746685747530594,-0.0015270285243839598,0.0019053437350440004,0.5508413314819336,1.0,-0.02857142857142857
reward_sensitivity_r20_g70\Epigenomics\reports\Epigenomics_24_extended_pairwise_metrics.csv,Epigenomics_24,Dominance-heavy,latency_best,min,20,858848.9189932797,16650.136761949427,860571.7577452449,8395.00469359965,859695.1545893833,18417.247859923984,858658.4572421515,5611.29163524555,0.09843438009229932,846.2355961038381,-8280.57930100862,9612.062961703596,0.3780832290649414,1.0,0.08571428571428572
reward_sensitivity_r20_g70\Epigenomics\reports\Epigenomics_24_extended_pairwise_metrics.csv,Epigenomics_24,Dominance-heavy,makespan_best,min,20,261774.11549307258,105.5620649394197,261770.36720326924,154.6950776584854,261792.71289844564,129.60103120005772,261771.26188867638,152.22164339921437,0.007103866707044247,18.597405373047515,-30.011608931219076,67.87845374029656,0.24900436401367188,1.0,0.18095238095238095
reward_sensitivity_r20_g70\Epigenomics\reports\Epigenomics_24_extended_pairwise_metrics.csv,Epigenomics_24,Dominance-heavy,spacing,min,20,0.06241761616201495,0.009203260571755398,0.0638131963352789,0.011727771956394899,0.06785617378689959,0.011247706713040203,0.06506936826214592,0.017108846525949885,8.014830959912768,0.005438557624884624,-0.000388094840044221,0.011130893594885378,0.03792572021484375,1.0,0.45714285714285713
reward_sensitivity_r20_g70\Epigenomics\reports\Epigenomics_24_extended_pairwise_metrics.csv,Epigenomics_24,Dominance-heavy,time,min,20,4.609010630002013,0.09738355739039002,4.595644599990919,0.0700125749426661,4.516496584995184,0.12886156358137577,4.486991949932417,0.10213165001187008,-2.0483585731954577,-0.09251404500682839,-0.13859306902086244,-0.0349511997210357,0.9992837905883789,1.0,-0.7619047619047619
reward_sensitivity_r20_g70\Epigenomics\reports\Epigenomics_24_extended_pairwise_metrics.csv,Epigenomics_24,Equal-weights,cost_best,min,20,27347.955227923077,347.69335467223635,27300.58968769231,484.1205280769209,27261.90750992308,240.62810034355692,27257.75707538462,292.2021330769203,-0.3156335189262799,-86.04771799999835,-305.5588772942287,117.24232171923212,0.6761722564697266,1.0,-0.11428571428571428
reward_sensitivity_r20_g70\Epigenomics\reports\Epigenomics_24_extended_pairwise_metrics.csv,Epigenomics_24,Equal-weights,coverage,max,20,0.06347311488566197,0.026766027730395516,0.061855670103092786,0.022981099656357376,0.05706298196779623,0.031762025720067276,0.06318589956767542,0.04245558376344615,11.233434876367538,0.006410132917865738,-0.013558892841584479,0.026107588714440702,0.2344000960059508,1.0,0.18947368421052632
reward_sensitivity_r20_g70\Epigenomics\reports\Epigenomics_24_extended_pairwise_metrics.csv,Epigenomics_24,Equal-weights,energy_best,min,20,716297478.4886153,306150.8145675436,716236393.7615384,245119.22769224644,716197973.8828461,219470.55729389357,716179788.7888461,184184.21711540222,-0.013893449771952877,-99504.6057692051,-231526.25035382345,26312.067721165105,0.9115734100341797,1.0,-0.34285714285714286
reward_sensitivity_r20_g70\Epigenomics\reports\Epigenomics_24_extended_pairwise_metrics.csv,Epigenomics_24,Equal-weights,epsilon,min,20,0.04443176190398954,0.007093900400206206,0.04406568719555043,0.009163890530574939,0.04843355069370297,0.02027345571193405,0.04510353097430469,0.00491887431538756,8.262431170948021,0.004001788789713424,-0.0024515317596547743,0.01326553085301407,0.35059070587158203,1.0,0.10476190476190476
reward_sensitivity_r20_g70\Epigenomics\reports\Epigenomics_24_extended_pairwise_metrics.csv,Epigenomics_24,Equal-weights,hv,max,20,1.1011547237230235,0.00363744002179267,1.1019939559019405,0.004657781082605172,1.0999985146870377,0.006332599371207955,1.1014886297188082,0.0036699788102907416,0.10511005429082274,0.0011562090359856336,-0.001960078335128721,0.004886563650770747,0.3371114730834961,1.0,0.11428571428571428
reward_sensitivity_r20_g70\Epigenomics\reports\Epigenomics_24_extended_pairwise_metrics.csv,Epigenomics_24,Equal-weights,igd,min,20,0.03416128963658381,0.003190515107300455,0.03423076672370294,0.0029728428755003006,0.03410594473111732,0.0032991804928906104,0.034210711436205375,0.005077665366929003,-0.1622734860529963,-5.5344905466485696e-05,-0.001954847020327976,0.0018505535891668375,0.5363607406616211,1.0,-0.01904761904761905
reward_sensitivity_r20_g70\Epigenomics\reports\Epigenomics_24_extended_pairwise_metrics.csv,Epigenomics_24,Equal-weights,latency_best,min,20,858848.9189932797,16650.136761949427,860571.7577452449,8395.00469359965,853667.1565235736,18193.24303559372,858268.2838253817,28294.76239620347,-0.6070003314650227,-5181.7624697059455,-14994.567352852988,4806.615921077542,0.8255949020385742,1.0,-0.23809523809523808
reward_sensitivity_r20_g70\Epigenomics\reports\Epigenomics_24_extended_pairwise_metrics.csv,Epigenomics_24,Equal-weights,makespan_best,min,20,261774.11549307258,105.5620649394197,261770.36720326924,154.6950776584854,261786.09542810125,114.4294056724875,261786.15066115384,147.6126209795475,0.004576230456047207,11.979935028695035,-40.59019387199951,62.27688037102443,0.2608366012573242,1.0,0.17142857142857143
reward_sensitivity_r20_g70\Epigenomics\reports\Epigenomics_24_extended_pairwise_metrics.csv,Epigenomics_24,Equal-weights,spacing,min,20,0.06241761616201495,0.009203260571755398,0.0638131963352789,0.011727771956394899,0.06753743127437055,0.009341832868043758,0.0659223112210158,0.013873631216190951,7.580707491755747,0.005119815112355587,-0.0005298345510223808,0.0106952633756399,0.05269908905029297,1.0,0.41904761904761906
reward_sensitivity_r20_g70\Epigenomics\reports\Epigenomics_24_extended_pairwise_metrics.csv,Epigenomics_24,Equal-weights,time,min,20,4.609010630002013,0.09738355739039002,4.595644599990919,0.0700125749426661,4.544637654992402,0.15417502028864505,4.499409750016639,0.08940130000701174,-1.416460010599417,-0.06437297500960995,-0.11731569025992938,-0.005629602003755311,0.9892578125,1.0,-0.5714285714285714
reward_sensitivity_r20_g70\Epigenomics\reports\Epigenomics_24_extended_pairwise_metrics.csv,Epigenomics_24,High-alpha,cost_best,min,20,27347.955227923077,347.69335467223635,27300.58968769231,484.1205280769209,27333.03339569231,310.773012170581,27269.679880000003,327.3908373076847,-0.05459266820022833,-14.92183223076645,-257.2767554730719,221.70150347884942,0.5072822570800781,1.0,0.0
reward_sensitivity_r20_g70\Epigenomics\reports\Epigenomics_24_extended_pairwise_metrics.csv,Epigenomics_24,High-alpha,coverage,max,20,0.058433340460522364,0.03476896207837022,0.06186224489795918,0.030692494699129935,0.049500031831098766,0.024529731668044653,0.04701558042571868,0.04284018068360586,18.047076535032,0.008933308629423597,-0.009958478251341355,0.02934252945400116,0.3825892949052239,1.0,0.0761904761904762
reward_sensitivity_r20_g70\Epigenomics\reports\Epigenomics_24_extended_pairwise_metrics.csv,Epigenomics_24,High-alpha,energy_best,min,20,716297478.4886153,306150.8145675436,716236393.7615384,245119.22769224644,716206810.5389616,270613.9902499614,716114388.2961538,286497.88096165657,-0.012659464880736868,-90667.94965385794,-267531.55444332224,68478.54066053838,0.9053258895874023,1.0,-0.3333333333333333
reward_sensitivity_r20_g70\Epigenomics\reports\Epigenomics_24_extended_pairwise_metrics.csv,Epigenomics_24,High-alpha,epsilon,min,20,0.04443176190398954,0.007093900400206206,0.04406568719555043,0.009163890530574939,0.05005465152699443,0.009471324756029301,0.049361753238179894,0.006229549973641953,11.233500686689368,0.0056228896230048975,0.001265517103241057,0.009837542201729823,0.0107421875,0.73046875,0.580952380952381
reward_sensitivity_r20_g70\Epigenomics\reports\Epigenomics_24_extended_pairwise_metrics.csv,Epigenomics_24,High-alpha,hv,max,20,1.1011547237230235,0.00363744002179267,1.1019939559019405,0.004657781082605172,1.1001524917894385,0.0037822513524053436,1.1013544802716628,0.0028184259668009304,0.09109936495756008,0.0010022319335845076,-0.001118334388954092,0.003168478932811162,0.1649913787841797,1.0,0.2571428571428571
reward_sensitivity_r20_g70\Epigenomics\reports\Epigenomics_24_extended_pairwise_metrics.csv,Epigenomics_24,High-alpha,igd,min,20,0.03416128963658381,0.003190515107300455,0.03423076672370294,0.0029728428755003006,0.033712722750530874,0.0024308659413580145,0.03386892807205098,0.0015797004703115292,-1.3305566844074417,-0.0004485668860529264,-0.0024323657035751367,0.0015890066192150816,0.6761722564697266,1.0,-0.11428571428571428
reward_sensitivity_r20_g70\Epigenomics\reports\Epigenomics_24_extended_pairwise_metrics.csv,Epigenomics_24,High-alpha,latency_best,min,20,858848.9189932797,16650.136761949427,860571.7577452449,8395.00469359965,857998.1346558708,9348.155090813207,858410.4407993119,4996.223101143376,-0.09915922926220305,-850.7843374086544,-8773.659078618448,7166.6152169614,0.7391633987426758,1.0,-0.1619047619047619
reward_sensitivity_r20_g70\Epigenomics\reports\Epigenomics_24_extended_pairwise_metrics.csv,Epigenomics_24,High-alpha,makespan_best,min,20,261774.11549307258,105.5620649394197,261770.36720326924,154.6950776584854,261758.2393789743,105.95839502186544,261734.33267463793,182.3529034172534,-0.0060651821833514015,-15.876114098259132,-68.33012954637117,41.861251453739655,0.7777455486823022,1.0,-0.2
reward_sensitivity_r20_g70\Epigenomics\reports\Epigenomics_24_extended_pairwise_metrics.csv,Epigenomics_24,High-alpha,spacing,min,20,0.06241761616201495,0.009203260571755398,0.0638131963352789,0.011727771956394899,0.0692498683862614,0.011916142030301315,0.06560102539322837,0.019356511235257938,9.866086944941998,0.006832252224246424,0.0018777301444022406,0.011809957883148635,0.009616851806640625,0.6635627746582031,0.5904761904761905
reward_sensitivity_r20_g70\Epigenomics\reports\Epigenomics_24_extended_pairwise_metrics.csv,Epigenomics_24,High-alpha,time,min,20,4.609010630002013,0.09738355739039002,4.595644599990919,0.0700125749426661,4.522951654993813,0.19631449802615433,4.485547449992737,0.06762300006812438,-1.9027171098143794,-0.08605897500819992,-0.13486426390962153,-0.02325381477086924,0.9991550445556641,1.0,-0.7523809523809524
reward_sensitivity_r20_g70\Epigenomics\reports\Epigenomics_24_extended_pairwise_metrics.csv,Epigenomics_24,Improvement-heavy,cost_best,min,20,27347.955227923077,347.69335467223635,27300.58968769231,484.1205280769209,27317.631125000004,264.5607774609028,27341.471900769233,452.2959496153853,-0.11100560947000469,-30.32410292307577,-182.7509102173065,133.72412510000217,0.6628885269165039,1.0,-0.10476190476190476
reward_sensitivity_r20_g70\Epigenomics\reports\Epigenomics_24_extended_pairwise_metrics.csv,Epigenomics_24,Improvement-heavy,coverage,max,20,0.05453058545108293,0.03143976635796934,0.05263157894736842,0.04327669759474001,0.0512073955770605,0.018686263228521467,0.04701558042571868,0.02338421234805861,6.489667823510879,0.003323189874022429,-0.01498767395275925,0.021140926174576434,0.2608366012573242,1.0,0.17142857142857143
reward_sensitivity_r20_g70\Epigenomics\reports\Epigenomics_24_extended_pairwise_metrics.csv,Epigenomics_24,Improvement-heavy,energy_best,min,20,716297478.4886153,306150.8145675436,716236393.7615384,245119.22769224644,716262265.4367306,276714.2709777701,716208005.3580768,281200.52653849125,-0.00491622323049233,-35213.05188459754,-219107.2476605661,144330.8165827313,0.7391633987426758,1.0,-0.1619047619047619
reward_sensitivity_r20_g70\Epigenomics\reports\Epigenomics_24_extended_pairwise_metrics.csv,Epigenomics_24,Improvement-heavy,epsilon,min,20,0.04443176190398954,0.007093900400206206,0.04406568719555043,0.009163890530574939,0.050526312116831874,0.012549317814939055,0.04597147914945916,0.010026748568444155,12.062131506352406,0.006094550212842332,0.0002437905244323729,0.012584124089414127,0.08247852325439453,1.0,0.3619047619047619
reward_sensitivity_r20_g70\Epigenomics\reports\Epigenomics_24_extended_pairwise_metrics.csv,Epigenomics_24,Improvement-heavy,hv,max,20,1.1011547237230235,0.00363744002179267,1.1019939559019405,0.004657781082605172,1.0999628849237184,0.0038948745720098358,1.1009370133838252,0.003636156109240396,0.10835263767901772,0.001191838799304934,-0.0010803469256581877,0.003510523651002924,0.1558971405029297,1.0,0.26666666666666666
reward_sensitivity_r20_g70\Epigenomics\reports\Epigenomics_24_extended_pairwise_metrics.csv,Epigenomics_24,Improvement-heavy,igd,min,20,0.03416128963658381,0.003190515107300455,0.03423076672370294,0.0029728428755003006,0.03470877492492439,0.0025168336368831365,0.034548733896037256,0.0036393706581707846,1.5773685171107306,0.0005474852883405937,-0.001060745418616355,0.0023294080374486915,0.2608366012573242,1.0,0.17142857142857143
reward_sensitivity_r20_g70\Epigenomics\reports\Epigenomics_24_extended_pairwise_metrics.csv,Epigenomics_24,Improvement-heavy,latency_best,min,20,858848.9189932797,16650.136761949427,860571.7577452449,8395.00469359965,855539.3026343588,18568.909608219485,858230.8851066541,30129.823813686147,-0.38684562459375393,-3309.616358920827,-13611.186958989632,6203.488326250653,0.7954511642456055,1.0,-0.20952380952380953
reward_sensitivity_r20_g70\Epigenomics\reports\Epigenomics_24_extended_pairwise_metrics.csv,Epigenomics_24,Improvement-heavy,makespan_best,min,20,261774.11549307258,105.5620649394197,261770.36720326924,154.6950776584854,261766.52612858117,132.4313498613822,261712.64361079177,206.66074415488401,-0.0028992876223123978,-7.589364491439483,-77.62148040534619,68.88547983528659,0.7020902633666992,1.0,-0.13333333333333333
reward_sensitivity_r20_g70\Epigenomics\reports\Epigenomics_24_extended_pairwise_metrics.csv,Epigenomics_24,Improvement-heavy,spacing,min,20,0.06241761616201495,0.009203260571755398,0.0638131963352789,0.011727771956394899,0.06849595926457266,0.011974375635733364,0.0655126042206422,0.014587763066528765,8.874017048333448,0.006078343102557689,-0.0002581419814159973,0.012687573359896297,0.06636333465576172,1.0,0.3904761904761905
reward_sensitivity_r20_g70\Epigenomics\reports\Epigenomics_24_extended_pairwise_metrics.csv,Epigenomics_24,Improvement-heavy,time,min,20,4.609010630002013,0.09738355739039002,4.595644599990919,0.0700125749426661,4.5015857549995415,0.12027936215011917,4.468924450018676,0.08386632497422397,-2.3863785085769686,-0.1074248750024708,-0.14557893240242264,-0.06801344024526772,0.9999589920043945,1.0,-0.8952380952380953
reward_sensitivity_r20_g70\Epigenomics\reports\Epigenomics_24_extended_pairwise_metrics.csv,Epigenomics_24,Low-alpha,cost_best,min,20,27347.955227923077,347.69335467223635,27300.58968769231,484.1205280769209,27400.64044484616,197.9987509540352,27384.504593076927,203.49299999999494,0.19227731931716177,52.68521692307877,-118.25008174615151,216.2266854403856,0.28529834747314453,1.0,0.1523809523809524
reward_sensitivity_r20_g70\Epigenomics\reports\Epigenomics_24_extended_pairwise_metrics.csv,Epigenomics_24,Low-alpha,coverage,max,20,0.05465270961421291,0.020418264045821224,0.05638544077424784,0.039202690348700525,0.04909540593035733,0.026750794107646268,0.04727857222037468,0.03664461918788133,11.319396547486974,0.0055573036838555846,-0.012040218999412083,0.022210660758341536,0.22618770599365234,1.0,0.2
reward_sensitivity_r20_g70\Epigenomics\reports\Epigenomics_24_extended_pairwise_metrics.csv,Epigenomics_24,Low-alpha,energy_best,min,20,716297478.4886153,306150.8145675436,716236393.7615384,245119.22769224644,716186337.2690384,270336.4570841956,716163310.135,301698.89192318916,-0.015518478054278344,-111141.2195769012,-286299.8399884492,49602.47282016212,0.9053258895874023,1.0,-0.3333333333333333
reward_sensitivity_r20_g70\Epigenomics\reports\Epigenomics_24_extended_pairwise_metrics.csv,Epigenomics_24,Low-alpha,epsilon,min,20,0.04443176190398954,0.007093900400206206,0.04406568719555043,0.009163890530574939,0.04744089200826693,0.008654814977196787,0.045710648922097044,0.0046359191121686655,6.342903720598299,0.003009130104277387,-0.0015242035640195923,0.008000492891429189,0.13867759704589844,1.0,0.2857142857142857
reward_sensitivity_r20_g70\Epigenomics\reports\Epigenomics_24_extended_pairwise_metrics.csv,Epigenomics_24,Low-alpha,hv,max,20,1.1011547237230235,0.00363744002179267,1.1019939559019405,0.004657781082605172,1.1011620437910186,0.00282826376229253,1.102478737595693,0.003109450664013025,-0.0006647584736834708,-7.320067995286728e-06,-0.001981744261257296,0.0021309410509229173,0.649409294128418,1.0,-0.09523809523809523
reward_sensitivity_r20_g70\Epigenomics\reports\Epigenomics_24_extended_pairwise_metrics.csv,Epigenomics_24,Low-alpha,igd,min,20,0.03416128963658381,0.003190515107300455,0.03423076672370294,0.0029728428755003006,0.03303242652416044,0.0019395603822102106,0.03297376801087792,0.0024019435045590093,-3.4174392595642393,-0.001128863112423371,-0.002597675610867782,0.00030002120174058727,0.9115734100341797,1.0,-0.34285714285714286
reward_sensitivity_r20_g70\Epigenomics\reports\Epigenomics_24_extended_pairwise_metrics.csv,Epigenomics_24,Low-alpha,latency_best,min,20,858848.9189932797,16650.136761949427,860571.7577452449,8395.00469359965,856094.9836275749,14249.28347422924,858255.7751646424,3203.6158263084944,-0.3216857262771742,-2753.9353657047554,-11528.238984214446,5607.636527652692,0.8441028594970703,1.0,-0.2571428571428571
reward_sensitivity_r20_g70\Epigenomics\reports\Epigenomics_24_extended_pairwise_metrics.csv,Epigenomics_24,Low-alpha,makespan_best,min,20,261774.11549307258,105.5620649394197,261770.36720326924,154.6950776584854,261743.8417686618,79.17025732931768,261707.1228524925,89.79254945085268,-0.011566164921475854,-30.273724410760043,-81.05133668592607,22.144918274689505,0.8613224029541016,1.0,-0.2761904761904762
reward_sensitivity_r20_g70\Epigenomics\reports\Epigenomics_24_extended_pairwise_metrics.csv,Epigenomics_24,Low-alpha,spacing,min,20,0.06241761616201495,0.009203260571755398,0.0638131963352789,0.011727771956394899,0.06667934834711844,0.009656660044402897,0.06308617638131013,0.013656094738456477,6.391382475602228,0.004261732185103486,-0.0010169627239952584,0.009610021930411609,0.09467411041259766,1.0,0.34285714285714286
reward_sensitivity_r20_g70\Epigenomics\reports\Epigenomics_24_extended_pairwise_metrics.csv,Epigenomics_24,Low-alpha,time,min,20,4.609010630002013,0.09738355739039002,4.595644599990919,0.0700125749426661,4.5718987050000575,0.25378405340702154,4.521573149977485,0.06894367499626242,-0.8117398786934608,-0.03711192500195466,-0.09197231535690661,0.04965947424039753,0.9990072250366211,1.0,-0.7428571428571429
reward_sensitivity_r20_g70\Epigenomics\reports\Epigenomics_24_extended_pairwise_metrics.csv,Epigenomics_24,No-clipping,cost_best,min,20,27347.955227923077,347.69335467223635,27300.58968769231,484.1205280769209,27347.955227923077,347.69335467223635,27300.58968769231,484.1205280769209,0.0,0.0,0.0,0.0,1.0,1.0,0.0
reward_sensitivity_r20_g70\Epigenomics\reports\Epigenomics_24_extended_pairwise_metrics.csv,Epigenomics_24,No-clipping,coverage,max,20,0.0,0.0,0.0,0.0,0.0,0.0,0.0,0.0,nan,0.0,0.0,0.0,1.0,1.0,0.0
reward_sensitivity_r20_g70\Epigenomics\reports\Epigenomics_24_extended_pairwise_metrics.csv,Epigenomics_24,No-clipping,energy_best,min,20,716297478.4886153,306150.8145675436,716236393.7615384,245119.22769224644,716297478.4886153,306150.8145675436,716236393.7615384,245119.22769224644,0.0,0.0,0.0,0.0,1.0,1.0,0.0
reward_sensitivity_r20_g70\Epigenomics\reports\Epigenomics_24_extended_pairwise_metrics.csv,Epigenomics_24,No-clipping,epsilon,min,20,0.04443176190398954,0.007093900400206206,0.04406568719555043,0.009163890530574939,0.04443176190398954,0.007093900400206206,0.04406568719555043,0.009163890530574939,0.0,0.0,0.0,0.0,1.0,1.0,0.0
reward_sensitivity_r20_g70\Epigenomics\reports\Epigenomics_24_extended_pairwise_metrics.csv,Epigenomics_24,No-clipping,hv,max,20,1.1011547237230235,0.00363744002179267,1.1019939559019405,0.004657781082605172,1.1011547237230235,0.00363744002179267,1.1019939559019405,0.004657781082605172,0.0,0.0,0.0,0.0,1.0,1.0,0.0
reward_sensitivity_r20_g70\Epigenomics\reports\Epigenomics_24_extended_pairwise_metrics.csv,Epigenomics_24,No-clipping,igd,min,20,0.03416128963658381,0.003190515107300455,0.03423076672370294,0.0029728428755003006,0.03416128963658381,0.003190515107300455,0.03423076672370294,0.0029728428755003006,0.0,0.0,0.0,0.0,1.0,1.0,0.0
reward_sensitivity_r20_g70\Epigenomics\reports\Epigenomics_24_extended_pairwise_metrics.csv,Epigenomics_24,No-clipping,latency_best,min,20,858848.9189932797,16650.136761949427,860571.7577452449,8395.00469359965,858848.9189932797,16650.136761949427,860571.7577452449,8395.00469359965,0.0,0.0,0.0,0.0,1.0,1.0,0.0
reward_sensitivity_r20_g70\Epigenomics\reports\Epigenomics_24_extended_pairwise_metrics.csv,Epigenomics_24,No-clipping,makespan_best,min,20,261774.11549307258,105.5620649394197,261770.36720326924,154.6950776584854,261774.11549307258,105.5620649394197,261770.36720326924,154.6950776584854,0.0,0.0,0.0,0.0,1.0,1.0,0.0
reward_sensitivity_r20_g70\Epigenomics\reports\Epigenomics_24_extended_pairwise_metrics.csv,Epigenomics_24,No-clipping,spacing,min,20,0.06241761616201495,0.009203260571755398,0.0638131963352789,0.011727771956394899,0.06241761616201495,0.009203260571755398,0.0638131963352789,0.011727771956394899,0.0,0.0,0.0,0.0,1.0,1.0,0.0
reward_sensitivity_r20_g70\Epigenomics\reports\Epigenomics_24_extended_pairwise_metrics.csv,Epigenomics_24,No-clipping,time,min,20,4.609010630002013,0.09738355739039002,4.595644599990919,0.0700125749426661,4.529200665009557,0.20960720876323147,4.462648199958494,0.11061032497673295,-1.7621203142759703,-0.07980996499245521,-0.14276078535178383,-0.0018941131117753847,0.9946556091308594,1.0,-0.6285714285714286
reward_sensitivity_r20_g70\Epigenomics\reports\Epigenomics_24_extended_pairwise_metrics.csv,Epigenomics_24,Tight-clipping,cost_best,min,20,27347.955227923077,347.69335467223635,27300.58968769231,484.1205280769209,27157.168100153845,235.89259692079864,27080.473631538465,383.1117099999974,-0.7025295386677347,-190.78712776922876,-330.1559838749981,-49.43008741730543,0.9878881376531299,1.0,-0.5894736842105263
reward_sensitivity_r20_g70\Epigenomics\reports\Epigenomics_24_extended_pairwise_metrics.csv,Epigenomics_24,Tight-clipping,coverage,max,20,0.05943080330577023,0.035116468937103004,0.05784574468085106,0.03817299946294307,0.049458879267805914,0.024553542963952405,0.05128339995792131,0.013260761439681683,20.162050142643057,0.009971924037964312,-0.009252404353720873,0.02862947869635617,0.1649913787841797,1.0,0.2571428571428571
reward_sensitivity_r20_g70\Epigenomics\reports\Epigenomics_24_extended_pairwise_metrics.csv,Epigenomics_24,Tight-clipping,energy_best,min,20,716297478.4886153,306150.8145675436,716236393.7615384,245119.22769224644,716359339.2878845,595778.8957762985,716203241.5807693,270503.50903868675,0.008635442560251075,61860.79926924109,-112969.1726047249,318626.97227598896,0.6854188239137238,1.0,-0.12631578947368421
reward_sensitivity_r20_g70\Epigenomics\reports\Epigenomics_24_extended_pairwise_metrics.csv,Epigenomics_24,Tight-clipping,epsilon,min,20,0.04443176190398954,0.007093900400206206,0.04406568719555043,0.009163890530574939,0.04695180561223243,0.0125984858377056,0.04449716335804714,0.007178590632411282,5.367298819252089,0.002520043708242884,-0.0031494871449593005,0.008495318323812315,0.3371114730834961,1.0,0.11428571428571428
reward_sensitivity_r20_g70\Epigenomics\reports\Epigenomics_24_extended_pairwise_metrics.csv,Epigenomics_24,Tight-clipping,hv,max,20,1.1011547237230235,0.00363744002179267,1.1019939559019405,0.004657781082605172,1.1021962216645662,0.005067984485252663,1.1037132380334767,0.0033710991420636827,-0.09449296967919532,-0.0010414979415429904,-0.002597074313425175,0.0005577521153938139,0.9285469055175781,1.0,-0.37142857142857144
reward_sensitivity_r20_g70\Epigenomics\reports\Epigenomics_24_extended_pairwise_metrics.csv,Epigenomics_24,Tight-clipping,igd,min,20,0.03416128963658381,0.003190515107300455,0.03423076672370294,0.0029728428755003006,0.03300691295516946,0.002256212346536553,0.032624874698235114,0.003489452550266482,-3.49737851274443,-0.0011543766814143502,-0.002506022692534273,0.00012801210702589742,0.9285469055175781,1.0,-0.37142857142857144
reward_sensitivity_r20_g70\Epigenomics\reports\Epigenomics_24_extended_pairwise_metrics.csv,Epigenomics_24,Tight-clipping,latency_best,min,20,858848.9189932797,16650.136761949427,860571.7577452449,8395.00469359965,857675.6937246298,13124.18370419415,858481.0992870042,4632.558064357843,-0.13679124606585283,-1173.2252686496533,-9657.270773778724,7103.017622440181,0.5218353271484375,1.0,-0.009523809523809525
reward_sensitivity_r20_g70\Epigenomics\reports\Epigenomics_24_extended_pairwise_metrics.csv,Epigenomics_24,Tight-clipping,makespan_best,min,20,261774.11549307258,105.5620649394197,261770.36720326924,154.6950776584854,261764.15940961282,128.35507800004106,261713.49422081432,102.9270752997254,-0.003803455554116205,-9.956083459731598,-59.080898660429284,44.300126957300215,0.7593799655808929,1.0,-0.17894736842105263
reward_sensitivity_r20_g70\Epigenomics\reports\Epigenomics_24_extended_pairwise_metrics.csv,Epigenomics_24,Tight-clipping,spacing,min,20,0.06241761616201495,0.009203260571755398,0.0638131963352789,0.011727771956394899,0.06289870650075342,0.009202666678039548,0.06271501800663697,0.012491916850196343,0.7648652341248204,0.0004810903387384519,-0.002792363714573667,0.0036162246027896007,0.3371114730834961,1.0,0.11428571428571428
reward_sensitivity_r20_g70\Epigenomics\reports\Epigenomics_24_extended_pairwise_metrics.csv,Epigenomics_24,Tight-clipping,time,min,20,4.609010630002013,0.09738355739039002,4.595644599990919,0.0700125749426661,4.494266925015836,0.11464555825923205,4.458954450004967,0.058692675025667995,-2.5531128190783305,-0.11474370498617645,-0.15198205400600273,-0.0694069852411485,0.9998025894165039,1.0,-0.8285714285714286
reward_sensitivity_r20_g70\Montage\reports\Montage_25_extended_pairwise_metrics.csv,Montage_25,Dominance-heavy,cost_best,min,20,741.497629076923,268.8525930030632,696.3649376923076,391.4447369230769,716.3436672307691,247.49868892406784,713.2934169230767,537.0080503846154,-3.5114377353810706,-25.15396184615386,-192.56771046923078,144.01415348076918,0.6079368591308594,1.0,-0.06666666666666667
reward_sensitivity_r20_g70\Montage\reports\Montage_25_extended_pairwise_metrics.csv,Montage_25,Dominance-heavy,coverage,max,20,0.04993750178821388,0.04295935349430658,0.03333333333333333,0.05107282865145954,0.07217825538048327,0.04113957443525931,0.06557572861920688,0.04455095731691477,-30.81364806482037,-0.022240753592269385,-0.04771556865832154,0.003618705674452443,0.9620742797851562,1.0,-0.44761904761904764
reward_sensitivity_r20_g70\Montage\reports\Montage_25_extended_pairwise_metrics.csv,Montage_25,Dominance-heavy,energy_best,min,20,9476157.370769233,134796.95601946558,9467645.923076924,142802.30769230798,9529707.165038463,148848.00973578868,9506774.126923077,165647.51538461447,0.5619248665445649,53549.79426923059,-29982.223116346595,134881.56727788408,0.12274360656738281,1.0,0.3047619047619048
reward_sensitivity_r20_g70\Montage\reports\Montage_25_extended_pairwise_metrics.csv,Montage_25,Dominance-heavy,epsilon,min,20,0.11453606611220965,0.02250119043820945,0.1106443069647046,0.022463772999102544,0.115675495353602,0.01666160751020105,0.11463535971852122,0.011877176158776731,0.9850221413872401,0.0011394292413923687,-0.011078606311295227,0.01430255449022734,0.5072822570800781,1.0,0.0
reward_sensitivity_r20_g70\Montage\reports\Montage_25_extended_pairwise_metrics.csv,Montage_25,Dominance-heavy,hv,max,20,0.9170609533547862,0.016664477860339543,0.9168533766843928,0.020178269020014628,0.9194587722110684,0.013485737923639466,0.9173885328684288,0.018670676190781887,-0.26078590239734767,-0.0023978188562820747,-0.01041752606569813,0.006029105304565897,0.7147016525268555,1.0,-0.14285714285714285
reward_sensitivity_r20_g70\Montage\reports\Montage_25_extended_pairwise_metrics.csv,Montage_25,Dominance-heavy,igd,min,20,0.05741308050929546,0.0032178943937045314,0.05653108463618965,0.0038487727250303416,0.057829546797246535,0.005882962135244599,0.055303720587368516,0.006847305734071642,0.7201617702646536,0.0004164662879510651,-0.0021548113859216783,0.003402259101973627,0.5795888900756836,1.0,-0.047619047619047616
reward_sensitivity_r20_g70\Montage\reports\Montage_25_extended_pairwise_metrics.csv,Montage_25,Dominance-heavy,latency_best,min,20,12627.521158726415,242.5555708526069,12637.229874544775,308.638482994289,12493.40649783714,289.09961142281577,12568.953199094052,414.1115865624997,-1.0734835283914923,-134.11466088927318,-248.29328957207426,-18.71370485815906,0.9818830490112305,1.0,-0.5238095238095238
reward_sensitivity_r20_g70\Montage\reports\Montage_25_extended_pairwise_metrics.csv,Montage_25,Dominance-heavy,makespan_best,min,20,2796.514813716346,79.24670772541687,2793.2915424399034,55.30013011869005,2791.604324764423,97.89279060788716,2802.2255191826916,65.30264743990438,-0.17590203985435707,-4.910488951922889,-48.48495696908436,38.60696126654169,0.5072822570800781,1.0,0.0
reward_sensitivity_r20_g70\Montage\reports\Montage_25_extended_pairwise_metrics.csv,Montage_25,Dominance-heavy,spacing,min,20,0.04903979538850021,0.007563123908784505,0.048063473314772204,0.00803608753075817,0.052406380311053304,0.008837380348636134,0.05035000975478369,0.007966942862516035,6.423998189859778,0.003366584922553098,-0.0020567524974768234,0.00924435559053417,0.22618770599365234,1.0,0.2
reward_sensitivity_r20_g70\Montage\reports\Montage_25_extended_pairwise_metrics.csv,Montage_25,Dominance-heavy,time,min,20,5.089512839997769,0.6603853834514025,4.899150599987479,0.4518246999941766,5.12234948502446,0.4888996803046416,5.083347850042628,0.7421917000756366,0.6410465573013212,0.03283664502669126,-0.24188398085061616,0.26404576289271053,0.1649913787841797,1.0,0.2571428571428571
reward_sensitivity_r20_g70\Montage\reports\Montage_25_extended_pairwise_metrics.csv,Montage_25,Equal-weights,cost_best,min,20,741.497629076923,268.8525930030632,696.3649376923076,391.4447369230769,639.9907598461539,239.17288370921773,627.7558015384614,257.0775,-15.86067730964899,-101.50686923076924,-250.8202323576923,48.02177017115384,0.8847436904907227,1.0,-0.3047619047619048
reward_sensitivity_r20_g70\Montage\reports\Montage_25_extended_pairwise_metrics.csv,Montage_25,Equal-weights,coverage,max,20,0.06788243045614813,0.04230153081215321,0.05263157894736842,0.07259862434636816,0.058292993252369404,0.029743643239325043,0.05405563347358579,0.04472758092624738,16.450411393806657,0.009589437203778717,-0.012083265087361293,0.031103361530732104,0.1558971405029297,1.0,0.26666666666666666
reward_sensitivity_r20_g70\Montage\reports\Montage_25_extended_pairwise_metrics.csv,Montage_25,Equal-weights,energy_best,min,20,9476157.370769233,134796.95601946558,9467645.923076924,142802.30769230798,9507624.680461539,139212.04743919455,9512896.803846154,205868.38846153952,0.3309692036642205,31467.309692307746,-44693.83696153872,106533.32789423042,0.22618770599365234,1.0,0.2
reward_sensitivity_r20_g70\Montage\reports\Montage_25_extended_pairwise_metrics.csv,Montage_25,Equal-weights,epsilon,min,20,0.11453606611220965,0.02250119043820945,0.1106443069647046,0.022463772999102544,0.11631725109307003,0.01719439766745784,0.11859326622244429,0.014699222828948047,1.5313162614504943,0.0017811849808604002,-0.013146467362417421,0.015939835460048554,0.35059070587158203,1.0,0.10476190476190476
reward_sensitivity_r20_g70\Montage\reports\Montage_25_extended_pairwise_metrics.csv,Montage_25,Equal-weights,hv,max,20,0.9170609533547862,0.016664477860339543,0.9168533766843928,0.020178269020014628,0.9223045316102325,0.016976107570272715,0.9195364936744428,0.023223548982858166,-0.5685300327313416,-0.005243578255446279,-0.014459133552468114,0.003985411353414055,0.869450569152832,1.0,-0.2857142857142857
reward_sensitivity_r20_g70\Montage\reports\Montage_25_extended_pairwise_metrics.csv,Montage_25,Equal-weights,igd,min,20,0.05741308050929546,0.0032178943937045314,0.05653108463618965,0.0038487727250303416,0.05855168699173935,0.0035914378190760716,0.05882727525359703,0.005137895853658897,1.944617723148658,0.0011386064824438797,-0.0012293194279456702,0.0034328798539901093,0.20454883575439453,1.0,0.21904761904761905
reward_sensitivity_r20_g70\Montage\reports\Montage_25_extended_pairwise_metrics.csv,Montage_25,Equal-weights,latency_best,min,20,12627.521158726415,242.5555708526069,12637.229874544775,308.638482994289,12541.27758635081,215.07574971018553,12580.375322370794,221.0951147453452,-0.6876777248712427,-86.2435723756017,-224.12724600560432,49.50021540381932,0.8847436904907227,1.0,-0.3047619047619048
reward_sensitivity_r20_g70\Montage\reports\Montage_25_extended_pairwise_metrics.csv,Montage_25,Equal-weights,makespan_best,min,20,2796.514813716346,79.24670772541687,2793.2915424399034,55.30013011869005,2789.5494377264117,79.04951288833331,2801.441899951923,59.61861607121409,-0.24969537717213997,-6.965375989933454,-51.037527659701354,35.574573286242206,0.635746955871582,1.0,-0.08571428571428572
reward_sensitivity_r20_g70\Montage\reports\Montage_25_extended_pairwise_metrics.csv,Montage_25,Equal-weights,spacing,min,20,0.04903979538850021,0.007563123908784505,0.048063473314772204,0.00803608753075817,0.0488588895976073,0.008406734820126271,0.04720060001123408,0.0057059468892239965,-0.37026177300142327,-0.00018090579089290632,-0.0046014185922485665,0.00473476187493924,0.7391633987426758,1.0,-0.1619047619047619
reward_sensitivity_r20_g70\Montage\reports\Montage_25_extended_pairwise_metrics.csv,Montage_25,Equal-weights,time,min,20,5.089512839997769,0.6603853834514025,4.899150599987479,0.4518246999941766,5.020662500004983,0.4695513092667497,4.915788400016027,0.5296672500408022,-1.37133973838548,-0.06885033999278675,-0.20331278711732012,0.02642028362846756,0.8613224029541016,1.0,-0.2761904761904762
reward_sensitivity_r20_g70\Montage\reports\Montage_25_extended_pairwise_metrics.csv,Montage_25,High-alpha,cost_best,min,20,741.497629076923,268.8525930030632,696.3649376923076,391.4447369230769,763.1020423846153,260.53468248247856,740.9043784615383,397.85850307692317,2.8311303217300723,21.6044133076923,-113.45186363461534,166.6489220346153,0.4491586685180664,1.0,0.0380952380952381
reward_sensitivity_r20_g70\Montage\reports\Montage_25_extended_pairwise_metrics.csv,Montage_25,High-alpha,coverage,max,20,0.06183755599664244,0.055668465956272964,0.043478260869565216,0.03990917008834141,0.06874903348331891,0.0509610335277808,0.053550973654066435,0.04314160402643549,-10.053199494584106,-0.006911477486676478,-0.04508569233662028,0.03282260786128375,0.6455957702251969,1.0,-0.08571428571428572
reward_sensitivity_r20_g70\Montage\reports\Montage_25_extended_pairwise_metrics.csv,Montage_25,High-alpha,energy_best,min,20,9476157.370769233,134796.95601946558,9467645.923076924,142802.30769230798,9515616.988884617,133706.32815896673,9529863.534615386,141174.51923076995,0.41468270698030096,39459.61811538469,-33625.00790480798,109923.57338653838,0.1649913787841797,1.0,0.2571428571428571
reward_sensitivity_r20_g70\Montage\reports\Montage_25_extended_pairwise_metrics.csv,Montage_25,High-alpha,epsilon,min,20,0.11453606611220965,0.02250119043820945,0.1106443069647046,0.022463772999102544,0.12369995080491891,0.019250531981390887,0.11994853433863319,0.025980360811928213,7.408155486788489,0.009163884692709264,-0.001305464178682131,0.021394079801948636,0.18413829803466797,1.0,0.23809523809523808
reward_sensitivity_r20_g70\Montage\reports\Montage_25_extended_pairwise_metrics.csv,Montage_25,High-alpha,hv,max,20,0.9170609533547862,0.016664477860339543,0.9168533766843928,0.020178269020014628,0.9112953742139529,0.013733124479080065,0.9118932398068745,0.016921005062019767,0.632679513577743,0.005765579140833315,-0.004203410077204231,0.016521092517739644,0.21521663665771484,1.0,0.20952380952380953
reward_sensitivity_r20_g70\Montage\reports\Montage_25_extended_pairwise_metrics.csv,Montage_25,High-alpha,igd,min,20,0.05741308050929546,0.0032178943937045314,0.05653108463618965,0.0038487727250303416,0.05670641617043086,0.0032444528579900866,0.055866146802190694,0.0054981050946121685,-1.2461805675405806,-0.0007066643388645999,-0.0026481558440016955,0.0012584950993814673,0.762547492980957,1.0,-0.18095238095238095
reward_sensitivity_r20_g70\Montage\reports\Montage_25_extended_pairwise_metrics.csv,Montage_25,High-alpha,latency_best,min,20,12627.521158726415,242.5555708526069,12637.229874544775,308.638482994289,12489.495911479267,309.78476392783625,12512.962527753909,336.92158560245844,-1.1051306491904656,-138.02524724714584,-315.54371408327046,25.36318063248512,0.8919162750244141,1.0,-0.3142857142857143
reward_sensitivity_r20_g70\Montage\reports\Montage_25_extended_pairwise_metrics.csv,Montage_25,High-alpha,makespan_best,min,20,2796.514813716346,79.24670772541687,2793.2915424399034,55.30013011869005,2782.357391838191,63.84596860554757,2780.6881751622595,71.2098182038767,-0.5088283022046275,-14.157421878154764,-59.65179184441828,32.629306798696824,0.7270622253417969,1.0,-0.1523809523809524
reward_sensitivity_r20_g70\Montage\reports\Montage_25_extended_pairwise_metrics.csv,Montage_25,High-alpha,spacing,min,20,0.04903979538850021,0.007563123908784505,0.048063473314772204,0.00803608753075817,0.05415129142847939,0.00635933186839344,0.05532235668068891,0.00706779222921794,9.439287420744556,0.005111496039979178,0.0012941323490246214,0.008879077682014175,0.0107421875,0.751953125,0.580952380952381
reward_sensitivity_r20_g70\Montage\reports\Montage_25_extended_pairwise_metrics.csv,Montage_25,High-alpha,time,min,20,5.089512839997769,0.6603853834514025,4.899150599987479,0.4518246999941766,5.017748789986944,0.35429331595075164,4.957893599959789,0.5539065750053851,-1.4302041216976005,-0.07176405001082457,-0.3619933008618681,0.13650479613701452,0.5363607406616211,1.0,-0.01904761904761905
reward_sensitivity_r20_g70\Montage\reports\Montage_25_extended_pairwise_metrics.csv,Montage_25,Improvement-heavy,cost_best,min,20,741.497629076923,268.8525930030632,696.3649376923076,391.4447369230769,767.7590178461538,270.9010465794964,801.4296653846153,428.79585653846163,3.420524951032642,26.261388769230773,-130.34725941153843,189.90214790576925,0.4061775207519531,1.0,0.06666666666666667
reward_sensitivity_r20_g70\Montage\reports\Montage_25_extended_pairwise_metrics.csv,Montage_25,Improvement-heavy,coverage,max,20,0.06191024466682928,0.05468564180916541,0.052923387096774195,0.04424402310684054,0.06162781875141683,0.04085792808856683,0.0641729581331503,0.06503424112119764,0.45827666974820036,0.0002824259154124466,-0.0300338305249331,0.033211997350183146,0.7509956359863281,1.0,-0.17142857142857143
reward_sensitivity_r20_g70\Montage\reports\Montage_25_extended_pairwise_metrics.csv,Montage_25,Improvement-heavy,energy_best,min,20,9476157.370769233,134796.95601946558,9467645.923076924,142802.30769230798,9535396.022346154,164910.78183087576,9539076.33846154,241343.61173077114,0.6212500397266758,59238.65157692311,-30990.875835577077,143884.4275096153,0.07145309448242188,1.0,0.38095238095238093
reward_sensitivity_r20_g70\Montage\reports\Montage_25_extended_pairwise_metrics.csv,Montage_25,Improvement-heavy,epsilon,min,20,0.11453606611220965,0.02250119043820945,0.1106443069647046,0.022463772999102544,0.101116694048426,0.019154203325103467,0.09452799454504379,0.01760028521061774,-13.271173657395233,-0.013419372063783621,-0.024058661057705485,-0.0018951263054329676,0.9892578125,1.0,-0.5714285714285714
reward_sensitivity_r20_g70\Montage\reports\Montage_25_extended_pairwise_metrics.csv,Montage_25,Improvement-heavy,hv,max,20,0.9170609533547862,0.016664477860339543,0.9168533766843928,0.020178269020014628,0.9213298926757995,0.01778352708849365,0.9264950328717474,0.021972358161769567,-0.4633453614117578,-0.004268939321013127,-0.015223100329672475,0.008219659762014745,0.869450569152832,1.0,-0.2857142857142857
reward_sensitivity_r20_g70\Montage\reports\Montage_25_extended_pairwise_metrics.csv,Montage_25,Improvement-heavy,igd,min,20,0.05741308050929546,0.0032178943937045314,0.05653108463618965,0.0038487727250303416,0.05892163242073943,0.005542240711679583,0.057516800397700935,0.007582724726628277,2.5602683589482282,0.0015085519114439588,-0.0008687769719129047,0.003979382956586346,0.18413829803466797,1.0,0.23809523809523808
reward_sensitivity_r20_g70\Montage\reports\Montage_25_extended_pairwise_metrics.csv,Montage_25,Improvement-heavy,latency_best,min,20,12627.521158726415,242.5555708526069,12637.229874544775,308.638482994289,12423.14657216226,220.3443736944153,12453.953823411961,323.71712134990776,-1.6451112878448668,-204.3745865641532,-329.1586968002414,-80.67634022658963,0.9975700378417969,1.0,-0.6857142857142857
reward_sensitivity_r20_g70\Montage\reports\Montage_25_extended_pairwise_metrics.csv,Montage_25,Improvement-heavy,makespan_best,min,20,2796.514813716346,79.24670772541687,2793.2915424399034,55.30013011869005,2766.436858057992,76.57557223396446,2777.0850922190502,55.72197247070244,-1.0872453340383936,-30.077955658353062,-80.87242815748536,19.802908353080184,0.8441028594970703,1.0,-0.2571428571428571
reward_sensitivity_r20_g70\Montage\reports\Montage_25_extended_pairwise_metrics.csv,Montage_25,Improvement-heavy,spacing,min,20,0.04903979538850021,0.007563123908784505,0.048063473314772204,0.00803608753075817,0.051823893282132515,0.00981776962864597,0.050099996215930497,0.006224517631090762,5.372228362843184,0.002784097893632305,-0.0021362494402212117,0.0077923413668494175,0.18413829803466797,1.0,0.23809523809523808
reward_sensitivity_r20_g70\Montage\reports\Montage_25_extended_pairwise_metrics.csv,Montage_25,Improvement-heavy,time,min,20,5.089512839997769,0.6603853834514025,4.899150599987479,0.4518246999941766,5.089524930017069,0.5495931755396158,4.965843350015348,0.5264861500327243,0.00023754710833945203,1.2090019299648703e-05,-0.3349036967384743,0.307709076372048,0.649409294128418,1.0,-0.09523809523809523
reward_sensitivity_r20_g70\Montage\reports\Montage_25_extended_pairwise_metrics.csv,Montage_25,Low-alpha,cost_best,min,20,741.497629076923,268.8525930030632,696.3649376923076,391.4447369230769,760.2568773076922,316.7970703056134,784.9072807692306,512.190463076923,2.46748813337955,18.759248230769273,-138.7534472865384,170.79450340961546,0.4204111099243164,1.0,0.05714285714285714
reward_sensitivity_r20_g70\Montage\reports\Montage_25_extended_pairwise_metrics.csv,Montage_25,Low-alpha,coverage,max,20,0.06390198222545608,0.03421697751125414,0.059985632183908046,0.03828372983184509,0.05458901946091553,0.0392573458156331,0.043961352657004835,0.037657599406654654,17.06013930367153,0.00931296276454053,-0.014736410006994296,0.032608181517472586,0.1649913787841797,1.0,0.2571428571428571
reward_sensitivity_r20_g70\Montage\reports\Montage_25_extended_pairwise_metrics.csv,Montage_25,Low-alpha,energy_best,min,20,9476157.370769233,134796.95601946558,9467645.923076924,142802.30769230798,9506130.491923077,149569.2774799791,9491336.692307692,258836.10576923192,0.3153030686809034,29973.12115384629,-54163.54078846245,109830.13517307711,0.22618770599365234,1.0,0.2
reward_sensitivity_r20_g70\Montage\reports\Montage_25_extended_pairwise_metrics.csv,Montage_25,Low-alpha,epsilon,min,20,0.11453606611220965,0.02250119043820945,0.1106443069647046,0.022463772999102544,0.12204169677111243,0.018476652872414536,0.12168916460583841,0.02592284163043647,6.150054331823564,0.0075056306589027745,-0.0025135632166234205,0.01835064046621547,0.17440509796142578,1.0,0.24761904761904763
reward_sensitivity_r20_g70\Montage\reports\Montage_25_extended_pairwise_metrics.csv,Montage_25,Low-alpha,hv,max,20,0.9170609533547862,0.016664477860339543,0.9168533766843928,0.020178269020014628,0.9078327371244537,0.01667313372442779,0.9060899639210706,0.021695767322345128,1.0165106250257925,0.00922821623033256,0.00039387380142401904,0.018085845496960653,0.04484748840332031,1.0,0.4380952380952381
reward_sensitivity_r20_g70\Montage\reports\Montage_25_extended_pairwise_metrics.csv,Montage_25,Low-alpha,igd,min,20,0.05741308050929546,0.0032178943937045314,0.05653108463618965,0.0038487727250303416,0.057063353977288955,0.003353395186591763,0.05672283708922665,0.0019431481869185072,-0.6128741260909638,-0.00034972653200651785,-0.0023763362147096213,0.00141467784192293,0.4781646728515625,1.0,0.01904761904761905
reward_sensitivity_r20_g70\Montage\reports\Montage_25_extended_pairwise_metrics.csv,Montage_25,Low-alpha,latency_best,min,20,12627.521158726415,242.5555708526069,12637.229874544775,308.638482994289,12485.428135874252,272.20360854174805,12566.023605365084,468.1892947596152,-1.1380708879648946,-142.09302285216364,-289.6027643414665,6.4016731381378,0.9551525115966797,1.0,-0.42857142857142855
reward_sensitivity_r20_g70\Montage\reports\Montage_25_extended_pairwise_metrics.csv,Montage_25,Low-alpha,makespan_best,min,20,2796.514813716346,79.24670772541687,2793.2915424399034,55.30013011869005,2789.9083746630104,83.60060738102514,2799.074659242788,54.88022930814441,-0.23679770681120016,-6.606439053335066,-49.797224780468625,36.618350344880874,0.4781646728515625,1.0,0.01904761904761905
reward_sensitivity_r20_g70\Montage\reports\Montage_25_extended_pairwise_metrics.csv,Montage_25,Low-alpha,spacing,min,20,0.04903979538850021,0.007563123908784505,0.048063473314772204,0.00803608753075817,0.0476463181234988,0.006339656924165736,0.048857428137694295,0.007755903187626298,-2.9246273791597646,-0.0013934772650014055,-0.0047971137426619445,0.001978245316164193,0.762547492980957,1.0,-0.18095238095238095
reward_sensitivity_r20_g70\Montage\reports\Montage_25_extended_pairwise_metrics.csv,Montage_25,Low-alpha,time,min,20,5.089512839997769,0.6603853834514025,4.899150599987479,0.4518246999941766,5.014277469977969,0.4165816386769315,4.894594949990278,0.602706300036516,-1.5004229516666616,-0.07523537001980003,-0.3981633937748847,0.17115675035973252,0.5218353271484375,1.0,-0.009523809523809525
reward_sensitivity_r20_g70\Montage\reports\Montage_25_extended_pairwise_metrics.csv,Montage_25,No-clipping,cost_best,min,20,741.497629076923,268.8525930030632,696.3649376923076,391.4447369230769,741.497629076923,268.8525930030632,696.3649376923076,391.4447369230769,0.0,0.0,0.0,0.0,1.0,1.0,0.0
reward_sensitivity_r20_g70\Montage\reports\Montage_25_extended_pairwise_metrics.csv,Montage_25,No-clipping,coverage,max,20,0.0,0.0,0.0,0.0,0.0,0.0,0.0,0.0,nan,0.0,0.0,0.0,1.0,1.0,0.0
reward_sensitivity_r20_g70\Montage\reports\Montage_25_extended_pairwise_metrics.csv,Montage_25,No-clipping,energy_best,min,20,9476157.370769233,134796.95601946558,9467645.923076924,142802.30769230798,9476157.370769233,134796.95601946558,9467645.923076924,142802.30769230798,0.0,0.0,0.0,0.0,1.0,1.0,0.0
reward_sensitivity_r20_g70\Montage\reports\Montage_25_extended_pairwise_metrics.csv,Montage_25,No-clipping,epsilon,min,20,0.11453606611220965,0.02250119043820945,0.1106443069647046,0.022463772999102544,0.11453606611220965,0.02250119043820945,0.1106443069647046,0.022463772999102544,0.0,0.0,0.0,0.0,1.0,1.0,0.0
reward_sensitivity_r20_g70\Montage\reports\Montage_25_extended_pairwise_metrics.csv,Montage_25,No-clipping,hv,max,20,0.9170609533547862,0.016664477860339543,0.9168533766843928,0.020178269020014628,0.9170609533547862,0.016664477860339543,0.9168533766843928,0.020178269020014628,0.0,0.0,0.0,0.0,1.0,1.0,0.0
reward_sensitivity_r20_g70\Montage\reports\Montage_25_extended_pairwise_metrics.csv,Montage_25,No-clipping,igd,min,20,0.05741308050929546,0.0032178943937045314,0.05653108463618965,0.0038487727250303416,0.05741308050929546,0.0032178943937045314,0.05653108463618965,0.0038487727250303416,0.0,0.0,0.0,0.0,1.0,1.0,0.0
reward_sensitivity_r20_g70\Montage\reports\Montage_25_extended_pairwise_metrics.csv,Montage_25,No-clipping,latency_best,min,20,12627.521158726415,242.5555708526069,12637.229874544775,308.638482994289,12627.521158726415,242.5555708526069,12637.229874544775,308.638482994289,0.0,0.0,0.0,0.0,1.0,1.0,0.0
reward_sensitivity_r20_g70\Montage\reports\Montage_25_extended_pairwise_metrics.csv,Montage_25,No-clipping,makespan_best,min,20,2796.514813716346,79.24670772541687,2793.2915424399034,55.30013011869005,2796.514813716346,79.24670772541687,2793.2915424399034,55.30013011869005,0.0,0.0,0.0,0.0,1.0,1.0,0.0
reward_sensitivity_r20_g70\Montage\reports\Montage_25_extended_pairwise_metrics.csv,Montage_25,No-clipping,spacing,min,20,0.04903979538850021,0.007563123908784505,0.048063473314772204,0.00803608753075817,0.04903979538850021,0.007563123908784505,0.048063473314772204,0.00803608753075817,0.0,0.0,0.0,0.0,1.0,1.0,0.0
reward_sensitivity_r20_g70\Montage\reports\Montage_25_extended_pairwise_metrics.csv,Montage_25,No-clipping,time,min,20,5.089512839997769,0.6603853834514025,4.899150599987479,0.4518246999941766,5.144790654996177,0.610914488297883,5.118540800001938,0.6472642500157235,1.0744424546162363,0.05527781499840785,-0.30041511410985533,0.39670491913850126,0.3107566833496094,1.0,0.13333333333333333
reward_sensitivity_r20_g70\Montage\reports\Montage_25_extended_pairwise_metrics.csv,Montage_25,Tight-clipping,cost_best,min,20,741.497629076923,268.8525930030632,696.3649376923076,391.4447369230769,684.6978622307691,237.66656475594016,660.9091507692307,314.37764500000003,-8.295595762647519,-56.799766846153844,-198.2355547403846,88.3720550634615,0.7530493848430958,1.0,-0.17894736842105263
reward_sensitivity_r20_g70\Montage\reports\Montage_25_extended_pairwise_metrics.csv,Montage_25,Tight-clipping,coverage,max,20,0.07524515998909898,0.037585361875440454,0.06779877425944841,0.043759272763849416,0.0520333099327035,0.037399737314535504,0.04371715241280459,0.025999561382773637,44.609597364488586,0.023211850056395467,-0.0028900259937195854,0.047552108571640286,0.026702920743991745,1.0,0.5052631578947369
reward_sensitivity_r20_g70\Montage\reports\Montage_25_extended_pairwise_metrics.csv,Montage_25,Tight-clipping,energy_best,min,20,9476157.370769233,134796.95601946558,9467645.923076924,142802.30769230798,9507331.017384617,192160.26295146762,9506420.265384618,310123.5173076913,0.32789061996875485,31173.646615384892,-57819.707847114456,124739.09337692274,0.3290043926163323,1.0,0.11578947368421053
reward_sensitivity_r20_g70\Montage\reports\Montage_25_extended_pairwise_metrics.csv,Montage_25,Tight-clipping,epsilon,min,20,0.11453606611220965,0.02250119043820945,0.1106443069647046,0.022463772999102544,0.1155821528321892,0.025712979364052955,0.11175223833526665,0.03717719296721937,0.9050590375300732,0.0010460867199795596,-0.01136396611227856,0.013332807433291148,0.4046019844965539,1.0,0.06315789473684211
reward_sensitivity_r20_g70\Montage\reports\Montage_25_extended_pairwise_metrics.csv,Montage_25,Tight-clipping,hv,max,20,0.9170609533547862,0.016664477860339543,0.9168533766843928,0.020178269020014628,0.9143660282756103,0.019503978732265198,0.9153420750459345,0.028845767416027512,0.2947315403064813,0.0026949250791758806,-0.007309372471414827,0.013110605503650768,0.3920631408691406,1.0,0.0761904761904762
reward_sensitivity_r20_g70\Montage\reports\Montage_25_extended_pairwise_metrics.csv,Montage_25,Tight-clipping,igd,min,20,0.05741308050929546,0.0032178943937045314,0.05653108463618965,0.0038487727250303416,0.05955147002698683,0.007134409437316611,0.05797968770641164,0.004998128637710701,3.590825745732764,0.0021383895176913625,-0.00040706149533456634,0.005008396477118918,0.10808372497558594,1.0,0.3238095238095238
reward_sensitivity_r20_g70\Montage\reports\Montage_25_extended_pairwise_metrics.csv,Montage_25,Tight-clipping,latency_best,min,20,12627.521158726415,242.5555708526069,12637.229874544775,308.638482994289,12625.301969309798,237.64917941907416,12642.670112572121,401.68859013146175,-0.01757731753277402,-2.2191894166167003,-132.9408520961308,125.88560796087319,0.43605901569502703,1.0,0.042105263157894736
reward_sensitivity_r20_g70\Montage\reports\Montage_25_extended_pairwise_metrics.csv,Montage_25,Tight-clipping,makespan_best,min,20,2796.514813716346,79.24670772541687,2793.2915424399034,55.30013011869005,2804.2559981488876,70.23716869983939,2798.260889749098,60.81853462815525,0.27605127483552067,7.741184432542218,-23.603848398884608,42.11979429790404,0.4519538162583623,1.0,0.031578947368421054
reward_sensitivity_r20_g70\Montage\reports\Montage_25_extended_pairwise_metrics.csv,Montage_25,Tight-clipping,spacing,min,20,0.04903979538850021,0.007563123908784505,0.048063473314772204,0.00803608753075817,0.0530866893276334,0.009620390064955818,0.05347198008680229,0.011688030849673944,7.62318010482271,0.004046893939133194,-0.0008482981931175448,0.008748412377388999,0.048653602600097656,1.0,0.42857142857142855
reward_sensitivity_r20_g70\Montage\reports\Montage_25_extended_pairwise_metrics.csv,Montage_25,Tight-clipping,time,min,20,5.089512839997769,0.6603853834514025,4.899150599987479,0.4518246999941766,5.126185925010941,0.5171085560197438,5.015847650036449,0.6612964999512769,0.7154068453553748,0.03667308501317166,-0.2943887802337121,0.32868953601369866,0.4636392593383789,1.0,0.02857142857142857
scaling_diagnostics_r10_g30\scaling_diagnostics_extended_pairwise_metrics.csv,resource_montage_1000_compute_skew,NSGA-III,coverage,max,10,0.05025618546658874,0.03759777395285047,0.05,0.028667445938047924,0.053620689655172415,0.047870531258293124,0.03333333333333333,0.041666666666666664,-6.274638036586916,-0.0033645041885836694,-0.048047706019871406,0.03692285213325541,0.48828125,1.0,0.022222222222222223
scaling_diagnostics_r10_g30\scaling_diagnostics_extended_pairwise_metrics.csv,resource_montage_1000_compute_skew,NSGA-III,epsilon,min,10,0.24464025408308504,0.09673801385313051,0.22460892160170642,0.1085500989783485,0.19472615691303005,0.02644877724472209,0.1991944615431125,0.022724466147381828,-25.63296989029983,-0.04991409717005495,-0.11142872413460747,0.003338200299348503,0.9345703125,1.0,-0.5272727272727272
scaling_diagnostics_r10_g30\scaling_diagnostics_extended_pairwise_metrics.csv,resource_montage_1000_compute_skew,NSGA-III,hv,max,10,0.5895827597343993,0.017171747438149827,0.5903942188428453,0.024758269927453336,0.5661142929884556,0.02654185533188626,0.5731521452057998,0.028179862540715472,4.145535104237739,0.023468466745943817,0.009240577248644147,0.036739808761264627,0.0068359375,0.0751953125,0.8545454545454545
scaling_diagnostics_r10_g30\scaling_diagnostics_extended_pairwise_metrics.csv,resource_montage_1000_compute_skew,NSGA-III,igd,min,10,0.10168845713246008,0.015584421505167268,0.09827447388690187,0.013606708403506099,0.09259535174495317,0.004891510994800604,0.09213882358391927,0.006498623337178211,-9.82026118606166,-0.00909310538750691,-0.01968440096332061,-0.001217265529106905,0.9755859375,1.0,-0.6727272727272727
scaling_diagnostics_r10_g30\scaling_diagnostics_extended_pairwise_metrics.csv,resource_montage_1000_compute_skew,NSGA-III,peak_incremental_rss_mib,min,10,1238.70625,5.990089369474956,1236.462890625,4.228515625,1235.22421875,2.1056609535286723,1235.826171875,3.4482421875,-0.28189467119771555,-3.48203125,-8.159990234374998,0.31100585937499897,0.8388671875,1.0,-0.34545454545454546
scaling_diagnostics_r10_g30\scaling_diagnostics_extended_pairwise_metrics.csv,resource_montage_1000_compute_skew,NSGA-III,spacing,min,10,0.06014258052147366,0.007890011476482542,0.061147576850634544,0.011054355237514843,0.07628618801864293,0.020209674463427616,0.07744519549156134,0.02522432303988497,21.161900884632054,0.01614360749716929,0.0014854289816758758,0.031178063711767873,0.0654296875,0.654296875,0.5636363636363636
scaling_diagnostics_r10_g30\scaling_diagnostics_extended_pairwise_metrics.csv,resource_montage_1000_compute_skew,NSGA-III,time,min,10,15.345100720028858,0.11152671012466887,15.326347500027623,0.1490018499607686,15.47499242000049,0.059039741728904326,15.479794149985537,0.06641762499930337,0.8393651928627401,0.12989169997163116,0.06149250995367765,0.1992145899237948,0.0048828125,0.05859375,0.8909090909090909
scaling_diagnostics_r10_g30\scaling_diagnostics_extended_pairwise_metrics.csv,resource_montage_1000_compute_skew,QL-NSGA-III,coverage,max,10,0.04336158192090396,0.06293883500999525,0.016807909604519774,0.04583333333333334,0.0717816091954023,0.0715323977448657,0.06666666666666667,0.04971264367816092,-39.59235184757976,-0.028420027274498345,-0.09666666666666665,0.038246639392168325,0.8125,1.0,-0.3090909090909091
scaling_diagnostics_r10_g30\scaling_diagnostics_extended_pairwise_metrics.csv,resource_montage_1000_compute_skew,QL-NSGA-III,epsilon,min,10,0.24464025408308504,0.09673801385313051,0.22460892160170642,0.1085500989783485,0.17653875532210864,0.03219087464829729,0.16875689330378335,0.04397997302392445,-38.57594817450703,-0.06810149876097642,-0.1306826755702005,-0.014122759526112234,0.9580078125,1.0,-0.6
scaling_diagnostics_r10_g30\scaling_diagnostics_extended_pairwise_metrics.csv,resource_montage_1000_compute_skew,QL-NSGA-III,hv,max,10,0.5895827597343993,0.017171747438149827,0.5903942188428453,0.024758269927453336,0.5916389878436643,0.016116302297349783,0.5918248049654895,0.02399185073520227,-0.34754777009528665,-0.002056228109265046,-0.017323537964048043,0.013462650245134525,0.5390625,1.0,-0.01818181818181818
scaling_diagnostics_r10_g30\scaling_diagnostics_extended_pairwise_metrics.csv,resource_montage_1000_compute_skew,QL-NSGA-III,igd,min,10,0.10168845713246008,0.015584421505167268,0.09827447388690187,0.013606708403506099,0.09178367919591589,0.004979003607358238,0.09095883625635534,0.005367979739192313,-10.791437021610403,-0.00990477793654419,-0.02132269124550858,-0.0004706710158828628,0.947265625,1.0,-0.5636363636363636
scaling_diagnostics_r10_g30\scaling_diagnostics_extended_pairwise_metrics.csv,resource_montage_1000_compute_skew,QL-NSGA-III,peak_incremental_rss_mib,min,10,1238.70625,5.990089369474956,1236.462890625,4.228515625,1233.081640625,2.226120395009014,1233.3203125,2.732421875,-0.4561424961407237,-5.624609375,-10.344941406250001,-1.7158984375000017,0.990234375,1.0,-0.7818181818181819
scaling_diagnostics_r10_g30\scaling_diagnostics_extended_pairwise_metrics.csv,resource_montage_1000_compute_skew,QL-NSGA-III,spacing,min,10,0.06014258052147366,0.007890011476482542,0.061147576850634544,0.011054355237514843,0.07679308598685844,0.010573249567816736,0.0770981984976623,0.008012397553197423,21.682297633193404,0.01665050546538477,0.008885934043853412,0.024164356743493244,0.0029296875,0.0380859375,0.9272727272727272
scaling_diagnostics_r10_g30\scaling_diagnostics_extended_pairwise_metrics.csv,resource_montage_1000_compute_skew,QL-NSGA-III,time,min,10,15.345100720028858,0.11152671012466887,15.326347500027623,0.1490018499607686,15.632839320017956,0.24830859145764927,15.577505150053184,0.11632907492457889,1.8406035787794885,0.28773859998909757,0.19446654949773803,0.41055469649087156,0.0009765625,0.013671875,1.0
scaling_diagnostics_r10_g30\scaling_diagnostics_extended_pairwise_metrics.csv,resource_montage_1000_network_scarce,NSGA-III,coverage,max,10,0.3595488941523886,0.17746598756415358,0.35,0.27083333333333337,0.03989754984933243,0.035769741807904265,0.04224137931034483,0.06000302663438256,801.1803870417488,0.3196513443030561,0.2039499513554621,0.43511062822230107,0.0009765625,0.013671875,1.0
scaling_diagnostics_r10_g30\scaling_diagnostics_extended_pairwise_metrics.csv,resource_montage_1000_network_scarce,NSGA-III,epsilon,min,10,0.19995771057278902,0.03890846188475563,0.19538322330500418,0.047293385005504174,0.24905603885300437,0.029515324871056563,0.23673600579541756,0.04750969320585832,19.713767434161163,0.04909832828021532,0.02773813199816102,0.07193637385940338,0.001953125,0.0234375,0.9636363636363636
scaling_diagnostics_r10_g30\scaling_diagnostics_extended_pairwise_metrics.csv,resource_montage_1000_network_scarce,NSGA-III,hv,max,10,0.5717142183259273,0.02897633470740129,0.5669441188962647,0.03698925801248254,0.49047449694112394,0.04140054061483247,0.49031461466129805,0.05891195044323644,16.563495531665794,0.08123972138480336,0.057667475901099205,0.10333177665973849,0.0009765625,0.013671875,1.0
scaling_diagnostics_r10_g30\scaling_diagnostics_extended_pairwise_metrics.csv,resource_montage_1000_network_scarce,NSGA-III,igd,min,10,0.12991592227794227,0.006756541229797052,0.1287824166530129,0.010596397933165608,0.15299240576839973,0.014328965497178364,0.15727879194974304,0.018707618899318823,15.083417620996626,0.023076483490457496,0.013458131457504005,0.03209044273954716,0.001953125,0.0234375,0.9636363636363636
scaling_diagnostics_r10_g30\scaling_diagnostics_extended_pairwise_metrics.csv,resource_montage_1000_network_scarce,NSGA-III,peak_incremental_rss_mib,min,10,1236.716796875,6.420099372345579,1234.267578125,3.1484375,1234.890234375,1.9814358308207098,1234.9453125,2.0029296875,-0.14791294393257268,-1.8265625,-5.3027539062499995,0.9953613281249993,0.7216796875,1.0,-0.2
scaling_diagnostics_r10_g30\scaling_diagnostics_extended_pairwise_metrics.csv,resource_montage_1000_network_scarce,NSGA-III,spacing,min,10,0.06463996755307563,0.012681751889645798,0.06227255141733598,0.013225513146309271,0.06364990471435142,0.016760230067158967,0.05900341251409537,0.023281002122675365,-1.5554820437947667,-0.0009900628387242087,-0.011664669462520589,0.009960863679115554,0.615234375,1.0,-0.09090909090909091
scaling_diagnostics_r10_g30\scaling_diagnostics_extended_pairwise_metrics.csv,resource_montage_1000_network_scarce,NSGA-III,time,min,10,14.867953579989262,0.32874985065420415,14.694363249989692,0.5333985000906978,15.040630719985348,0.3314119528834135,14.963598249887582,0.5863607748760842,1.148071136183405,0.1726771399960853,-0.0029968867520800374,0.3681029034865787,0.0654296875,0.5234375,0.5636363636363636
scaling_diagnostics_r10_g30\scaling_diagnostics_extended_pairwise_metrics.csv,resource_montage_1000_network_scarce,QL-NSGA-III,coverage,max,10,0.20007500487044613,0.11212147431123018,0.22844827586206895,0.14597701149425285,0.10396700156781982,0.0948526610386661,0.067816091954023,0.07840606532891745,92.44087244348687,0.09610800330262634,-0.026226841028638197,0.20061490194168455,0.080078125,0.560546875,0.5272727272727272
scaling_diagnostics_r10_g30\scaling_diagnostics_extended_pairwise_metrics.csv,resource_montage_1000_network_scarce,QL-NSGA-III,epsilon,min,10,0.19995771057278902,0.03890846188475563,0.19538322330500418,0.047293385005504174,0.20921518597918504,0.033672485850769276,0.20214798483038832,0.0479495468230382,4.424858244906298,0.009257475406396033,-0.01704455758522755,0.03590269217392778,0.3125,1.0,0.2
scaling_diagnostics_r10_g30\scaling_diagnostics_extended_pairwise_metrics.csv,resource_montage_1000_network_scarce,QL-NSGA-III,hv,max,10,0.5717142183259273,0.02897633470740129,0.5669441188962647,0.03698925801248254,0.5490292531193434,0.0512857917092037,0.5527306326388597,0.06280800262927655,4.131831788142052,0.02268496520658394,-0.006455134490217088,0.045671557418749946,0.052734375,0.474609375,0.6
scaling_diagnostics_r10_g30\scaling_diagnostics_extended_pairwise_metrics.csv,resource_montage_1000_network_scarce,QL-NSGA-III,igd,min,10,0.12991592227794227,0.006756541229797052,0.1287824166530129,0.010596397933165608,0.13268374555217324,0.016615046536107365,0.12957954379953204,0.012334383235352839,2.0860304046380906,0.0027678232742309795,-0.006365178388096353,0.012492458925724502,0.384765625,1.0,0.12727272727272726
scaling_diagnostics_r10_g30\scaling_diagnostics_extended_pairwise_metrics.csv,resource_montage_1000_network_scarce,QL-NSGA-III,peak_incremental_rss_mib,min,10,1236.716796875,6.420099372345579,1234.267578125,3.1484375,1234.444140625,1.597502953372906,1234.83984375,2.2958984375,-0.18410361191793637,-2.27265625,-6.678984374999999,1.2664257812499997,0.615234375,1.0,-0.09090909090909091
scaling_diagnostics_r10_g30\scaling_diagnostics_extended_pairwise_metrics.csv,resource_montage_1000_network_scarce,QL-NSGA-III,spacing,min,10,0.06463996755307563,0.012681751889645798,0.06227255141733598,0.013225513146309271,0.06713723236339028,0.013190605696646457,0.06719494853528202,0.014185503136152307,3.7196421752952666,0.0024972648103146625,-0.00740691884656718,0.012794630782310964,0.4609375,1.0,0.05454545454545454
scaling_diagnostics_r10_g30\scaling_diagnostics_extended_pairwise_metrics.csv,resource_montage_1000_network_scarce,QL-NSGA-III,time,min,10,14.867953579989262,0.32874985065420415,14.694363249989692,0.5333985000906978,15.066187620034906,0.3271818756205602,14.88865350006381,0.500068600056693,1.315754489755817,0.1982340400456451,0.05612795250868658,0.3113098005746724,0.0244140625,0.244140625,0.7090909090909091
scaling_diagnostics_r10_g30\scaling_diagnostics_extended_pairwise_metrics.csv,scale_montage_1000_nominal,NSGA-III,coverage,max,10,0.30989966880966296,0.1834237969876969,0.2627118644067797,0.2916082213130723,0.08292908630430548,0.05795007570522378,0.0672316384180791,0.0913793103448276,273.6923709402713,0.22697058250535748,0.09322284726280927,0.36567672413793095,0.005859375,0.0703125,0.9111111111111111
scaling_diagnostics_r10_g30\scaling_diagnostics_extended_pairwise_metrics.csv,scale_montage_1000_nominal,NSGA-III,epsilon,min,10,0.2062717669035048,0.029698224743681317,0.19804428772236743,0.026688589220322273,0.23229866783451655,0.02092687372758871,0.23540476875711003,0.029599374236346343,11.204068096314971,0.02602690093101176,0.008432484996649961,0.0436942531838656,0.013671875,0.150390625,0.7818181818181819
scaling_diagnostics_r10_g30\scaling_diagnostics_extended_pairwise_metrics.csv,scale_montage_1000_nominal,NSGA-III,hv,max,10,0.5520099337975892,0.05277472883976683,0.5468978821350616,0.073644293574336,0.47526720865892996,0.03811025054699728,0.4673159224462463,0.040127790813279995,16.147279623015777,0.07674272513865912,0.04983636251624322,0.10697587154129258,0.0009765625,0.013671875,1.0
scaling_diagnostics_r10_g30\scaling_diagnostics_extended_pairwise_metrics.csv,scale_montage_1000_nominal,NSGA-III,igd,min,10,0.1328413199197005,0.015800722549558464,0.12799609309533988,0.01630938871101606,0.15409730812388622,0.01633566323332446,0.15512261188180132,0.017653007647231073,13.793873795054887,0.021255988204185727,0.00977396997667132,0.033256295859255436,0.0048828125,0.0634765625,0.8909090909090909
scaling_diagnostics_r10_g30\scaling_diagnostics_extended_pairwise_metrics.csv,scale_montage_1000_nominal,NSGA-III,peak_incremental_rss_mib,min,10,1246.515625,4.5660637302036475,1247.39453125,2.36328125,1242.83046875,2.924985926522708,1242.5546875,2.568359375,-0.2965131884565484,-3.68515625,-6.496484375,-0.5241503906250009,0.9814453125,1.0,-0.7090909090909091
scaling_diagnostics_r10_g30\scaling_diagnostics_extended_pairwise_metrics.csv,scale_montage_1000_nominal,NSGA-III,spacing,min,10,0.07014337189614421,0.01308757240278814,0.06771912967680362,0.009000804738784743,0.06694701976729173,0.011638354504783333,0.06740187489619887,0.0074904758309797675,-4.774450214457677,-0.0031963521288524968,-0.015805208235799336,0.008838627450946336,0.615234375,1.0,-0.09090909090909091
scaling_diagnostics_r10_g30\scaling_diagnostics_extended_pairwise_metrics.csv,scale_montage_1000_nominal,NSGA-III,time,min,10,15.485670830006711,0.23273604045949892,15.387098099978175,0.26378762506647035,15.482860170002095,0.1658420735114555,15.48129844997311,0.23073519999161363,-0.01815336426057844,-0.002810660004615784,-0.17245351771736747,0.15459351575846084,0.4609375,1.0,0.05454545454545454
scaling_diagnostics_r10_g30\scaling_diagnostics_extended_pairwise_metrics.csv,scale_montage_1000_nominal,QL-NSGA-III,coverage,max,10,0.14998079652667612,0.08707964322328486,0.15254237288135594,0.1152542372881356,0.214986362750828,0.16819557579633718,0.13333333333333333,0.25639246054938636,-30.237064989789225,-0.06500556622415185,-0.21375863460521555,0.07009776203000186,0.6875,1.0,-0.16363636363636364
scaling_diagnostics_r10_g30\scaling_diagnostics_extended_pairwise_metrics.csv,scale_montage_1000_nominal,QL-NSGA-III,epsilon,min,10,0.2062717669035048,0.029698224743681317,0.19804428772236743,0.026688589220322273,0.21744562778769697,0.017148555508178044,0.2172769482020685,0.017875712519604403,5.138691910191807,0.011173860884192177,-0.0029062705282295676,0.026080467817100075,0.1611328125,1.0,0.38181818181818183
scaling_diagnostics_r10_g30\scaling_diagnostics_extended_pairwise_metrics.csv,scale_montage_1000_nominal,QL-NSGA-III,hv,max,10,0.5520099337975892,0.05277472883976683,0.5468978821350616,0.073644293574336,0.5677706204498059,0.049536928827630285,0.554646405696261,0.04913972888526419,-2.775889784457414,-0.0157606866522166,-0.06049321705803732,0.021440451529035422,0.5771484375,1.0,-0.05454545454545454
scaling_diagnostics_r10_g30\scaling_diagnostics_extended_pairwise_metrics.csv,scale_montage_1000_nominal,QL-NSGA-III,igd,min,10,0.1328413199197005,0.015800722549558464,0.12799609309533988,0.01630938871101606,0.12579907461786083,0.010117683375947565,0.12783801728911576,0.014182894537958873,-5.5980104171925404,-0.007042245301839635,-0.020227300120289907,0.003802031300908834,0.615234375,1.0,-0.09090909090909091
scaling_diagnostics_r10_g30\scaling_diagnostics_extended_pairwise_metrics.csv,scale_montage_1000_nominal,QL-NSGA-III,peak_incremental_rss_mib,min,10,1246.515625,4.5660637302036475,1247.39453125,2.36328125,1242.88125,2.401915118152394,1243.03515625,3.01171875,-0.2924153051629101,-3.634375,-5.83673828125,-0.6978906250000022,0.9755859375,1.0,-0.6727272727272727
scaling_diagnostics_r10_g30\scaling_diagnostics_extended_pairwise_metrics.csv,scale_montage_1000_nominal,QL-NSGA-III,spacing,min,10,0.07014337189614421,0.01308757240278814,0.06771912967680362,0.009000804738784743,0.07114379728644675,0.01432479918304139,0.07214781884460993,0.014701076984819872,1.4062018453618943,0.0010004253903025417,-0.009136508408901244,0.010071809345336693,0.4228515625,1.0,0.09090909090909091
scaling_diagnostics_r10_g30\scaling_diagnostics_extended_pairwise_metrics.csv,scale_montage_1000_nominal,QL-NSGA-III,time,min,10,15.485670830006711,0.23273604045949892,15.387098099978175,0.26378762506647035,15.548748460004571,0.07478861710365342,15.554002549964935,0.09007834998192266,0.4056765736490754,0.06307762999786064,-0.06393537148978794,0.16847111747541926,0.1376953125,1.0,0.41818181818181815
scaling_diagnostics_r10_g30\scaling_diagnostics_extended_pairwise_metrics.csv,scale_montage_25_nominal,NSGA-III,coverage,max,10,0.10633471263835163,0.11497672950477174,0.07738095238095238,0.02164470538228576,0.12673705535882165,0.06309775225964337,0.13261142498430634,0.09091184239489325,-16.098166919458805,-0.020402342720470007,-0.10100724787634566,0.09326665052469052,0.9033203125,1.0,-0.45454545454545453
scaling_diagnostics_r10_g30\scaling_diagnostics_extended_pairwise_metrics.csv,scale_montage_25_nominal,NSGA-III,epsilon,min,10,0.13947561907685826,0.022140926599280894,0.1305014113805041,0.020159594634867287,0.16638168280330154,0.04244301012588257,0.15804723781899613,0.03512666169836348,16.17128957533862,0.02690606372644328,-0.0009721972203059756,0.05967534892970895,0.052734375,0.73828125,0.6
scaling_diagnostics_r10_g30\scaling_diagnostics_extended_pairwise_metrics.csv,scale_montage_25_nominal,NSGA-III,hv,max,10,0.8305263686081472,0.028541132568230786,0.831052553001674,0.030538326668357874,0.8196171419165527,0.02753009455586994,0.8213670677546132,0.044099314785441046,1.331014949990547,0.010909226691594498,-0.01723034268235575,0.03831668890453545,0.24609375,1.0,0.2727272727272727
scaling_diagnostics_r10_g30\scaling_diagnostics_extended_pairwise_metrics.csv,scale_montage_25_nominal,NSGA-III,igd,min,10,0.08304755056353104,0.006656056935021298,0.08253829057784878,0.01095831639342798,0.07955764163070293,0.008124323945661946,0.07674555856156245,0.013304302680444413,-4.386642013633142,-0.003489908932828098,-0.010531184412136366,0.0037088500609827432,0.8125,1.0,-0.3090909090909091
scaling_diagnostics_r10_g30\scaling_diagnostics_extended_pairwise_metrics.csv,scale_montage_25_nominal,NSGA-III,peak_incremental_rss_mib,min,10,1228.641015625,1.7737380913419878,1228.60546875,2.025390625,1227.376171875,1.7847711393956178,1226.736328125,1.66796875,-0.10305265647024232,-1.26484375,-2.618017578125,-0.029296875,0.947265625,1.0,-0.5636363636363636
scaling_diagnostics_r10_g30\scaling_diagnostics_extended_pairwise_metrics.csv,scale_montage_25_nominal,NSGA-III,spacing,min,10,0.06365092108315883,0.010036401321402611,0.06474694737284671,0.01281561044380361,0.06853620560886615,0.01299318836609404,0.06506003633285132,0.007100880633828854,7.12803471144505,0.004885284525707313,-0.0019467510858235764,0.011494240090929518,0.1875,1.0,0.34545454545454546
scaling_diagnostics_r10_g30\scaling_diagnostics_extended_pairwise_metrics.csv,scale_montage_25_nominal,NSGA-III,time,min,10,3.291773880040273,0.22025973995773523,3.22082255006535,0.20503167490824126,3.1848855000105685,0.14385658997011722,3.212739199923817,0.16806172506767325,-3.3561137450420118,-0.10688838002970442,-0.22672570705792167,0.00991044002585113,0.919921875,1.0,-0.4909090909090909
scaling_diagnostics_r10_g30\scaling_diagnostics_extended_pairwise_metrics.csv,scale_montage_25_nominal,QL-NSGA-III,coverage,max,10,0.13299339650065606,0.09868223858865295,0.09717868338557994,0.1575679500475326,0.14777811911959376,0.0750270553316189,0.14285714285714285,0.08544657097288678,-10.004676407454298,-0.014784722618937759,-0.11462639429420743,0.08754548838556724,0.615234375,1.0,-0.09090909090909091
scaling_diagnostics_r10_g30\scaling_diagnostics_extended_pairwise_metrics.csv,scale_montage_25_nominal,QL-NSGA-III,epsilon,min,10,0.13947561907685826,0.022140926599280894,0.1305014113805041,0.020159594634867287,0.14697569409635328,0.03382169670921108,0.1528066521354528,0.056651754674376956,5.102935601432279,0.0075000750194950064,-0.018400182239554745,0.03191622792539699,0.2783203125,1.0,0.23636363636363636
scaling_diagnostics_r10_g30\scaling_diagnostics_extended_pairwise_metrics.csv,scale_montage_25_nominal,QL-NSGA-III,hv,max,10,0.8305263686081472,0.028541132568230786,0.831052553001674,0.030538326668357874,0.8251818647089078,0.03270613792110922,0.8235673262844199,0.016575330011235123,0.6476758794408061,0.005344503899239428,-0.01698139564281931,0.026867615164557105,0.34765625,1.0,0.16363636363636364
scaling_diagnostics_r10_g30\scaling_diagnostics_extended_pairwise_metrics.csv,scale_montage_25_nominal,QL-NSGA-III,igd,min,10,0.08304755056353104,0.006656056935021298,0.08253829057784878,0.01095831639342798,0.07941934557210192,0.005221982621165802,0.07907596935387319,0.008031997172722433,-4.568414616480566,-0.003628204991429106,-0.007617319788836686,0.00028474640674078314,0.9345703125,1.0,-0.5272727272727272
scaling_diagnostics_r10_g30\scaling_diagnostics_extended_pairwise_metrics.csv,scale_montage_25_nominal,QL-NSGA-III,peak_incremental_rss_mib,min,10,1228.641015625,1.7737380913419878,1228.60546875,2.025390625,1227.947265625,1.618255704726205,1227.5078125,1.501953125,-0.056496725830225664,-0.69375,-2.0425878906249997,0.8887792968749985,0.8388671875,1.0,-0.34545454545454546
scaling_diagnostics_r10_g30\scaling_diagnostics_extended_pairwise_metrics.csv,scale_montage_25_nominal,QL-NSGA-III,spacing,min,10,0.06365092108315883,0.010036401321402611,0.06474694737284671,0.01281561044380361,0.0672526755788377,0.010874227073075384,0.06713582915261038,0.0014208716258291842,5.35555569303213,0.0036017544956788673,-0.004731612315783386,0.01226672859420084,0.3125,1.0,0.2
scaling_diagnostics_r10_g30\scaling_diagnostics_extended_pairwise_metrics.csv,scale_montage_25_nominal,QL-NSGA-III,time,min,10,3.291773880040273,0.22025973995773523,3.22082255006535,0.20503167490824126,3.23360152997775,0.2258831549250257,3.1412605499499477,0.22874962515197694,-1.7989956252563868,-0.05817235006252304,-0.1850481635998585,0.07179014143504901,0.8388671875,1.0,-0.34545454545454546
scaling_diagnostics_r10_g30\scaling_diagnostics_extended_pairwise_metrics.csv,scale_montage_3000_nominal,NSGA-III,coverage,max,10,0.3598862293079279,0.17019679046315284,0.41302408563782333,0.2586993125713173,0.06935979232732759,0.04986256472688083,0.07881773399014778,0.07704048719164563,418.8686661712129,0.2905264369806003,0.16759222610535918,0.4134468468328225,0.001953125,0.0234375,0.9636363636363636
scaling_diagnostics_r10_g30\scaling_diagnostics_extended_pairwise_metrics.csv,scale_montage_3000_nominal,NSGA-III,epsilon,min,10,0.1989513903612897,0.04855823879931207,0.2043756342628904,0.06353857018878753,0.24973801857595065,0.04730728645159021,0.24814640515618097,0.0560593546138351,20.33596186285736,0.050786628214660956,0.0028014817855497747,0.09342234201376613,0.052734375,0.474609375,0.6
scaling_diagnostics_r10_g30\scaling_diagnostics_extended_pairwise_metrics.csv,scale_montage_3000_nominal,NSGA-III,hv,max,10,0.614697833740341,0.06167574029035406,0.6160065056309827,0.059942363358919115,0.5292027652872671,0.0393516140523221,0.5438222882329957,0.07007936517174429,16.155446279020236,0.08549506845307417,0.03923225473108184,0.1317653967337914,0.009765625,0.09765625,0.8181818181818182
scaling_diagnostics_r10_g30\scaling_diagnostics_extended_pairwise_metrics.csv,scale_montage_3000_nominal,NSGA-III,igd,min,10,0.1213224376389277,0.012640830534853015,0.11869050161771563,0.015630696924461285,0.14649461989761867,0.016179930491812274,0.14546763111366207,0.021360153161705114,17.183008001442758,0.02517218225869098,0.013180975634338427,0.03729244684456908,0.0048828125,0.0537109375,0.8909090909090909
scaling_diagnostics_r10_g30\scaling_diagnostics_extended_pairwise_metrics.csv,scale_montage_3000_nominal,NSGA-III,peak_incremental_rss_mib,min,10,1278.421875,16.344716990261823,1289.3828125,24.0302734375,1282.23515625,10.841712223224087,1285.1015625,2.48046875,0.29739328479748545,3.81328125,-3.44142578125,12.732109374999999,0.5390625,1.0,-0.01818181818181818
scaling_diagnostics_r10_g30\scaling_diagnostics_extended_pairwise_metrics.csv,scale_montage_3000_nominal,NSGA-III,spacing,min,10,0.06711942334710319,0.013738582120979526,0.06696469955686057,0.017528168648189076,0.07178873031577357,0.015532181130033481,0.0693739438993585,0.013417681533674564,6.504233948882682,0.004669306968670378,-0.006080853750032455,0.01624696488255717,0.2783203125,1.0,0.23636363636363636
scaling_diagnostics_r10_g30\scaling_diagnostics_extended_pairwise_metrics.csv,scale_montage_3000_nominal,NSGA-III,time,min,10,17.557628190005197,0.07738823589211005,17.548439049976878,0.08333117500296794,18.277162549982314,0.22729124048736604,18.232346749980934,0.2966778500122018,3.9367946638840503,0.7195343599771149,0.5856763172170031,0.8853575187173555,0.0009765625,0.013671875,1.0
scaling_diagnostics_r10_g30\scaling_diagnostics_extended_pairwise_metrics.csv,scale_montage_3000_nominal,QL-NSGA-III,coverage,max,10,0.235524587330395,0.14799062505492827,0.23735632183908045,0.20711152882205514,0.15343077770128594,0.1221311135492879,0.13075060532687652,0.2237987392502296,53.50543799558738,0.08209380962910899,-0.07531956283610669,0.23188097673318303,0.2158203125,1.0,0.3090909090909091
scaling_diagnostics_r10_g30\scaling_diagnostics_extended_pairwise_metrics.csv,scale_montage_3000_nominal,QL-NSGA-III,epsilon,min,10,0.1989513903612897,0.04855823879931207,0.2043756342628904,0.06353857018878753,0.1930408290656111,0.019939089729702122,0.19180752555851716,0.02035444850756632,-3.0618192660526278,-0.005910561295678599,-0.042996099596770976,0.02777643440841376,0.5771484375,1.0,-0.05454545454545454
scaling_diagnostics_r10_g30\scaling_diagnostics_extended_pairwise_metrics.csv,scale_montage_3000_nominal,QL-NSGA-III,hv,max,10,0.614697833740341,0.06167574029035406,0.6160065056309827,0.059942363358919115,0.602349349625123,0.030246723309119088,0.5924592924483845,0.01325322862756484,2.0500535317093362,0.012348484115218172,-0.02691224270298389,0.05369786482786486,0.34765625,1.0,0.16363636363636364
scaling_diagnostics_r10_g30\scaling_diagnostics_extended_pairwise_metrics.csv,scale_montage_3000_nominal,QL-NSGA-III,igd,min,10,0.1213224376389277,0.012640830534853015,0.11869050161771563,0.015630696924461285,0.11447205986234729,0.005235455124877424,0.11455448751410646,0.006838978645545099,-5.9843229734993715,-0.006850377776580388,-0.01409597312080365,0.00042848895825933807,0.9345703125,1.0,-0.5272727272727272
scaling_diagnostics_r10_g30\scaling_diagnostics_extended_pairwise_metrics.csv,scale_montage_3000_nominal,QL-NSGA-III,peak_incremental_rss_mib,min,10,1278.421875,16.344716990261823,1289.3828125,24.0302734375,1280.269140625,11.492642681674567,1285.107421875,1.12890625,0.14428728822584094,1.847265625,-6.168085937499999,12.857861328124999,0.8125,1.0,-0.3090909090909091
scaling_diagnostics_r10_g30\scaling_diagnostics_extended_pairwise_metrics.csv,scale_montage_3000_nominal,QL-NSGA-III,spacing,min,10,0.06711942334710319,0.013738582120979526,0.06696469955686057,0.017528168648189076,0.06662848618599382,0.010025195319724246,0.06449986126784557,0.019262507802594357,-0.7368277282166049,-0.0004909371611093651,-0.008739881081179035,0.008350009814947119,0.615234375,1.0,-0.09090909090909091
scaling_diagnostics_r10_g30\scaling_diagnostics_extended_pairwise_metrics.csv,scale_montage_3000_nominal,QL-NSGA-III,time,min,10,17.557628190005197,0.07738823589211005,17.548439049976878,0.08333117500296794,18.516893060039727,0.12047957931591675,18.53853425005218,0.15475917514413595,5.18048501400414,0.9592648700345308,0.8949516305798898,1.025719261551276,0.0009765625,0.013671875,1.0
small_all_algorithms_r20_g70\CyberShake\reports\CyberShake_30_extended_pairwise_metrics.csv,CyberShake_30,MOEA/D,cost_best,min,20,1449.318095384616,222.07779595590335,1373.875364615385,84.52759615384639,7869.982305692307,1348.362330315713,7820.35901846154,1666.362517692307,81.58422676075989,6420.664210307691,5839.705288453845,7032.417326474998,9.5367431640625e-07,5.7220458984375e-05,1.0
small_all_algorithms_r20_g70\CyberShake\reports\CyberShake_30_extended_pairwise_metrics.csv,CyberShake_30,MOEA/D,coverage,max,20,0.05098325415228525,0.04676059120635242,0.035165484633569735,0.05912971799090398,0.008255419392637438,0.01715369102768473,0.0,0.002551020408163265,517.5731568253753,0.04272783475964782,0.018535956318950827,0.06667890903920791,0.0031051282952248745,0.09004872056152136,0.7157894736842105
small_all_algorithms_r20_g70\CyberShake\reports\CyberShake_30_extended_pairwise_metrics.csv,CyberShake_30,MOEA/D,energy_best,min,20,31487800.031923067,322459.73451923236,31451602.82692307,443974.75961538404,30716662.91346153,6099.418444919632,30713710.99999999,1281.2019230760634,-2.510484685898573,-771137.1184615444,-914343.783028852,-639033.0163846201,1.0,1.0,-1.0
small_all_algorithms_r20_g70\CyberShake\reports\CyberShake_30_extended_pairwise_metrics.csv,CyberShake_30,MOEA/D,epsilon,min,20,0.09879854676185698,0.016037897578915997,0.0951175765869793,0.02478358290250221,0.2890114898675865,0.05245880816287893,0.2910193160392591,0.04987431699456357,65.81501074330211,0.19021294310572956,0.1663121983455278,0.21505621532122782,9.5367431640625e-07,5.7220458984375e-05,1.0
small_all_algorithms_r20_g70\CyberShake\reports\CyberShake_30_extended_pairwise_metrics.csv,CyberShake_30,MOEA/D,hv,max,20,0.9612258100733418,0.01085400522730979,0.9585499554233059,0.018020917951549587,0.7017785197484823,0.03177859574188716,0.7021267423202107,0.05034539327175458,36.96996745039241,0.2594472903248596,0.2468851536534846,0.2723347652674149,9.5367431640625e-07,5.7220458984375e-05,1.0
small_all_algorithms_r20_g70\CyberShake\reports\CyberShake_30_extended_pairwise_metrics.csv,CyberShake_30,MOEA/D,igd,min,20,0.08909756779660563,0.005648172252837083,0.0898920120887422,0.009702782998471923,0.19652246416659963,0.023823293149186315,0.19034885111272515,0.02721939908018836,54.66290931449231,0.10742489636999401,0.09838821409212738,0.11704144735877517,9.5367431640625e-07,5.7220458984375e-05,1.0
small_all_algorithms_r20_g70\CyberShake\reports\CyberShake_30_extended_pairwise_metrics.csv,CyberShake_30,MOEA/D,latency_best,min,20,49787.14656245733,2033.456182635342,49419.082154667965,2294.9139255183254,52000.16716903831,2127.658105651283,51230.383051527955,3403.724626506919,4.255795177325203,2213.0206065809807,1189.1881545743433,3255.327054343159,0.00035381317138671875,0.013091087341308594,0.8095238095238095
small_all_algorithms_r20_g70\CyberShake\reports\CyberShake_30_extended_pairwise_metrics.csv,CyberShake_30,MOEA/D,makespan_best,min,20,11006.517516484375,279.1501104867014,10851.982605769232,373.1441631047164,12632.0711546567,1049.2843636181367,12794.481634230768,1818.2409546221443,12.868464864315454,1625.5536381723246,1164.0026494261374,2074.9518845574958,4.76837158203125e-06,0.0002002716064453125,0.9714285714285714
small_all_algorithms_r20_g70\CyberShake\reports\CyberShake_30_extended_pairwise_metrics.csv,CyberShake_30,MOEA/D,spacing,min,20,0.05159646278011628,0.006091081605393262,0.05210036062932234,0.006202893336782991,0.06901028630340938,0.03068058576778068,0.06312213694079855,0.019567428868792536,25.233663640709736,0.017413823523293105,0.006153529188433354,0.031072775462122896,0.0027904510498046875,0.08371353149414062,0.6857142857142857
small_all_algorithms_r20_g70\CyberShake\reports\CyberShake_30_extended_pairwise_metrics.csv,CyberShake_30,MOEA/D,time,min,20,4.4235276150080605,0.08523375623867421,4.410801000020001,0.10308547501335852,3.9760024900140705,0.1741071392008091,3.9382447999960277,0.07107407499279361,-11.255655048455623,-0.44752512499399016,-0.5175721717438136,-0.35738211673517073,0.9999990463256836,1.0,-0.9904761904761905
small_all_algorithms_r20_g70\CyberShake\reports\CyberShake_30_extended_pairwise_metrics.csv,CyberShake_30,NSGA-II,cost_best,min,20,1449.318095384616,222.07779595590335,1373.875364615385,84.52759615384639,1390.5352702307696,267.3653641952256,1295.8401723076927,118.43365384615345,-4.227352330595041,-58.78282515384615,-214.99036341730763,98.389196521154,0.9231767654418945,1.0,-0.3619047619047619
small_all_algorithms_r20_g70\CyberShake\reports\CyberShake_30_extended_pairwise_metrics.csv,CyberShake_30,NSGA-II,coverage,max,20,0.16875009055809964,0.06134690881694194,0.15894736842105261,0.06669790690409247,0.025141648976722476,0.02311144832167112,0.020835594139989148,0.030040519995877143,571.1973853200233,0.14360844158137717,0.11613837454502986,0.17263581540050688,9.5367431640625e-07,5.7220458984375e-05,1.0
small_all_algorithms_r20_g70\CyberShake\reports\CyberShake_30_extended_pairwise_metrics.csv,CyberShake_30,NSGA-II,energy_best,min,20,31487800.031923067,322459.73451923236,31451602.82692307,443974.75961538404,31286716.477307685,340321.4773156884,31267851.384615377,288623.55000000447,-0.642712234635515,-201083.5546153862,-429977.76375000237,24161.758903844995,0.947300910949707,1.0,-0.4095238095238095
small_all_algorithms_r20_g70\CyberShake\reports\CyberShake_30_extended_pairwise_metrics.csv,CyberShake_30,NSGA-II,epsilon,min,20,0.09879854676185698,0.016037897578915997,0.0951175765869793,0.02478358290250221,0.17901979282389782,0.022872928783022935,0.1848133687525012,0.02486317521237355,44.811383588715614,0.08022124606204085,0.06693052560628147,0.09303287601084605,9.5367431640625e-07,5.7220458984375e-05,1.0
small_all_algorithms_r20_g70\CyberShake\reports\CyberShake_30_extended_pairwise_metrics.csv,CyberShake_30,NSGA-II,hv,max,20,0.9612258100733418,0.01085400522730979,0.9585499554233059,0.018020917951549587,0.8769263753856844,0.017007153401249052,0.8764950438210692,0.01309544229110915,9.613057270695203,0.08429943468765749,0.07535006558633252,0.09378315519627527,9.5367431640625e-07,5.7220458984375e-05,1.0
small_all_algorithms_r20_g70\CyberShake\reports\CyberShake_30_extended_pairwise_metrics.csv,CyberShake_30,NSGA-II,igd,min,20,0.08909756779660563,0.005648172252837083,0.0898920120887422,0.009702782998471923,0.10704559536388605,0.008548131103725945,0.107100798137623,0.010496642519392224,16.766712825753075,0.01794802756728043,0.013502193316707208,0.022174454061517378,2.86102294921875e-06,0.00012302398681640625,0.9809523809523809
small_all_algorithms_r20_g70\CyberShake\reports\CyberShake_30_extended_pairwise_metrics.csv,CyberShake_30,NSGA-II,latency_best,min,20,49787.14656245733,2033.456182635342,49419.082154667965,2294.9139255183254,48400.87518055814,1673.0604821591655,48630.06802379507,2347.7290988671957,-2.864145279868893,-1386.2713818991929,-2703.637854088123,-113.55642710417796,0.9551525115966797,1.0,-0.42857142857142855
small_all_algorithms_r20_g70\CyberShake\reports\CyberShake_30_extended_pairwise_metrics.csv,CyberShake_30,NSGA-II,makespan_best,min,20,11006.517516484375,279.1501104867014,10851.982605769232,373.1441631047164,10907.71835946965,198.81967854213102,10837.650538461538,74.43822485351484,-0.9057729009747548,-98.799157014724,-257.19380159207896,61.75014182414288,0.8226896571022727,1.0,-0.24210526315789474
small_all_algorithms_r20_g70\CyberShake\reports\CyberShake_30_extended_pairwise_metrics.csv,CyberShake_30,NSGA-II,spacing,min,20,0.05159646278011628,0.006091081605393262,0.05210036062932234,0.006202893336782991,0.057232263402181974,0.006323184585552438,0.05934541788605972,0.010121289312249725,9.847243996732846,0.005635800622065697,0.002166013466520265,0.009008624722205545,0.004154205322265625,0.10800933837890625,0.6571428571428571
small_all_algorithms_r20_g70\CyberShake\reports\CyberShake_30_extended_pairwise_metrics.csv,CyberShake_30,NSGA-II,time,min,20,4.4235276150080605,0.08523375623867421,4.410801000020001,0.10308547501335852,4.292381194996414,0.18272490871118155,4.2518892499792855,0.0574924750108039,-3.055330224736847,-0.13114642001164611,-0.20627775012209892,-0.0331455848976475,0.9997072219848633,1.0,-0.8095238095238095
small_all_algorithms_r20_g70\CyberShake\reports\CyberShake_30_extended_pairwise_metrics.csv,CyberShake_30,NSGA-III,cost_best,min,20,1449.318095384616,222.07779595590335,1373.875364615385,84.52759615384639,1934.9234853076928,661.0797499175384,1780.0267284615388,783.4370192307688,25.09687817685749,485.60538992307664,220.59966042307667,782.2863478576918,0.0009927749633789062,0.03402102259826865,0.7523809523809524
small_all_algorithms_r20_g70\CyberShake\reports\CyberShake_30_extended_pairwise_metrics.csv,CyberShake_30,NSGA-III,coverage,max,20,0.0938734146414279,0.06049432145871802,0.08250930356193514,0.06614300732501355,0.08992243331113285,0.049523279694976,0.09326675257731959,0.0634020618556701,4.393766032358797,0.00395098133029503,-0.03784820519218777,0.04814126945165269,0.5508413314819336,1.0,-0.02857142857142857
small_all_algorithms_r20_g70\CyberShake\reports\CyberShake_30_extended_pairwise_metrics.csv,CyberShake_30,NSGA-III,energy_best,min,20,31487800.031923067,322459.73451923236,31451602.82692307,443974.75961538404,31458995.153461527,445939.4722668069,31330950.03846153,424641.51346153766,-0.09156325025966462,-28804.878461539185,-239992.06335576955,205087.0116057682,0.7270622253417969,1.0,-0.1523809523809524
small_all_algorithms_r20_g70\CyberShake\reports\CyberShake_30_extended_pairwise_metrics.csv,CyberShake_30,NSGA-III,epsilon,min,20,0.09879854676185698,0.016037897578915997,0.0951175765869793,0.02478358290250221,0.1094243598263532,0.01830208292640465,0.10780883072384537,0.015092776339871189,9.710646771302525,0.01062581306449624,0.0015476934722611485,0.01975276484886484,0.022027015686035156,0.4625673294067383,0.5142857142857142
small_all_algorithms_r20_g70\CyberShake\reports\CyberShake_30_extended_pairwise_metrics.csv,CyberShake_30,NSGA-III,hv,max,20,0.9612258100733418,0.01085400522730979,0.9585499554233059,0.018020917951549587,0.9507841762324369,0.013444992860674815,0.9506782893013646,0.01726096457692361,1.0982128333562269,0.010441633840904841,0.00344460023385032,0.017645418555558335,0.0133209228515625,0.3063812255859375,0.5619047619047619
small_all_algorithms_r20_g70\CyberShake\reports\CyberShake_30_extended_pairwise_metrics.csv,CyberShake_30,NSGA-III,igd,min,20,0.08909756779660563,0.005648172252837083,0.0898920120887422,0.009702782998471923,0.08497617402268237,0.009601461829505768,0.08413293941644578,0.011312079193398134,-4.8500580560654,-0.004121393773923255,-0.008477836341263612,-5.0977145820638194e-05,0.9336366653442383,1.0,-0.38095238095238093
small_all_algorithms_r20_g70\CyberShake\reports\CyberShake_30_extended_pairwise_metrics.csv,CyberShake_30,NSGA-III,latency_best,min,20,49787.14656245733,2033.456182635342,49419.082154667965,2294.9139255183254,52205.14449276983,1622.874195278932,52019.09119832181,2326.6872973662976,4.631723470562143,2417.9979303125,1296.701003729934,3508.4163706871273,0.0008449554443359375,0.03041839599609375,0.7619047619047619
small_all_algorithms_r20_g70\CyberShake\reports\CyberShake_30_extended_pairwise_metrics.csv,CyberShake_30,NSGA-III,makespan_best,min,20,11006.517516484375,279.1501104867014,10851.982605769232,373.1441631047164,11499.973977976864,438.389761573492,11503.290724615385,540.5454356618084,4.290935461571372,493.4564614924876,280.03097774216496,701.87603527032,3.147125244140625e-05,0.0012903213500976562,0.9142857142857143
small_all_algorithms_r20_g70\CyberShake\reports\CyberShake_30_extended_pairwise_metrics.csv,CyberShake_30,NSGA-III,spacing,min,20,0.05159646278011628,0.006091081605393262,0.05210036062932234,0.006202893336782991,0.05799221280049234,0.008865546118479839,0.05734334923945168,0.011952762377587953,11.028635934929804,0.006395750020376058,0.001934408182028515,0.010524299160163873,0.007656097412109375,0.19140243530273438,0.6095238095238096
small_all_algorithms_r20_g70\CyberShake\reports\CyberShake_30_extended_pairwise_metrics.csv,CyberShake_30,NSGA-III,time,min,20,4.4235276150080605,0.08523375623867421,4.410801000020001,0.10308547501335852,4.0476016599946885,0.09628494462128588,4.02973035001196,0.05925452502560802,-9.287622315429758,-0.375925955013372,-0.4157068457534478,-0.3349518602630997,1.0,1.0,-1.0
small_all_algorithms_r20_g70\CyberShake\reports\CyberShake_30_extended_pairwise_metrics.csv,CyberShake_30,OVEA-style,cost_best,min,20,1449.318095384616,222.07779595590335,1373.875364615385,84.52759615384639,12547.113001538462,3806.186942873899,13494.96066923077,1921.4911184615357,88.44899145160397,11097.794906153847,9335.986670963463,12547.756474788463,9.5367431640625e-07,5.7220458984375e-05,1.0
small_all_algorithms_r20_g70\CyberShake\reports\CyberShake_30_extended_pairwise_metrics.csv,CyberShake_30,OVEA-style,coverage,max,20,0.0626984126984127,0.0873049099390498,0.0,0.11458333333333333,0.0365121809129572,0.019149824164941525,0.031578947368421054,0.0202314296379246,71.7191664006099,0.02618623178545549,-0.011729167653700237,0.06924067044344757,0.28529834747314453,1.0,0.1523809523809524
small_all_algorithms_r20_g70\CyberShake\reports\CyberShake_30_extended_pairwise_metrics.csv,CyberShake_30,OVEA-style,energy_best,min,20,31487800.031923067,322459.73451923236,31451602.82692307,443974.75961538404,31834538.16961538,559186.7587175028,31837714.94230769,559618.5807692297,1.0891885280222455,346738.1376923073,121763.18682692277,586663.5199903833,0.009616851806640625,0.230804443359375,0.5904761904761905
small_all_algorithms_r20_g70\CyberShake\reports\CyberShake_30_extended_pairwise_metrics.csv,CyberShake_30,OVEA-style,epsilon,min,20,0.09879854676185698,0.016037897578915997,0.0951175765869793,0.02478358290250221,0.48987527732049274,0.1230682515298607,0.5151362950257132,0.08040347167510264,79.83189776339343,0.3910767305586358,0.3325411854169291,0.4404069626644203,9.5367431640625e-07,5.7220458984375e-05,1.0
small_all_algorithms_r20_g70\CyberShake\reports\CyberShake_30_extended_pairwise_metrics.csv,CyberShake_30,OVEA-style,hv,max,20,0.9612258100733418,0.01085400522730979,0.9585499554233059,0.018020917951549587,0.5853809857839625,0.06673368129956131,0.5856382247566514,0.07317018108776896,64.20516440007613,0.3758448242893792,0.34671377860569175,0.40302052888438156,9.5367431640625e-07,5.7220458984375e-05,1.0
small_all_algorithms_r20_g70\CyberShake\reports\CyberShake_30_extended_pairwise_metrics.csv,CyberShake_30,OVEA-style,igd,min,20,0.08909756779660563,0.005648172252837083,0.0898920120887422,0.009702782998471923,0.3132963064958074,0.024415740932961193,0.3128981577676807,0.019326599619831852,71.5612453931697,0.2241987386992018,0.21223538883529164,0.23612812534482747,9.5367431640625e-07,5.7220458984375e-05,1.0
small_all_algorithms_r20_g70\CyberShake\reports\CyberShake_30_extended_pairwise_metrics.csv,CyberShake_30,OVEA-style,latency_best,min,20,49787.14656245733,2033.456182635342,49419.082154667965,2294.9139255183254,54001.80619280182,8037.948866814846,51745.46478151442,4638.471944321653,7.804664190854941,4214.6596303444985,1474.041570838552,7740.170632947852,0.002429962158203125,0.07532882690429688,0.6952380952380952
small_all_algorithms_r20_g70\CyberShake\reports\CyberShake_30_extended_pairwise_metrics.csv,CyberShake_30,OVEA-style,makespan_best,min,20,11006.517516484375,279.1501104867014,10851.982605769232,373.1441631047164,13069.01354983218,1789.775046615892,12473.467418846154,694.8368740384631,15.78157391515054,2062.4960333478057,1419.6179546925805,2946.677608585135,4.4224575106059504e-05,0.0017689830042423801,1.0
small_all_algorithms_r20_g70\CyberShake\reports\CyberShake_30_extended_pairwise_metrics.csv,CyberShake_30,OVEA-style,spacing,min,20,0.05159646278011628,0.006091081605393262,0.05210036062932234,0.006202893336782991,0.05870397948923304,0.04434226820962201,0.04347720241765959,0.023272661144215542,12.10738483311912,0.007107516709116746,-0.008509456418467126,0.027723877103153084,0.7847833633422852,1.0,-0.2
small_all_algorithms_r20_g70\CyberShake\reports\CyberShake_30_extended_pairwise_metrics.csv,CyberShake_30,OVEA-style,time,min,20,4.4235276150080605,0.08523375623867421,4.410801000020001,0.10308547501335852,3.411868845007848,0.1468618635193434,3.3823551000095904,0.18634912501147483,-29.651162338213666,-1.0116587700002129,-1.090095146502208,-0.9345109053791384,1.0,1.0,-1.0
small_all_algorithms_r20_g70\CyberShake\reports\CyberShake_30_extended_pairwise_metrics.csv,CyberShake_30,QL-NSGA-III,cost_best,min,20,1449.318095384616,222.07779595590335,1373.875364615385,84.52759615384639,2057.668485307692,540.956301571897,2142.5519207692305,922.1933653846149,29.565034128036753,608.3503899230768,361.478279823077,847.4974088673073,8.392333984375e-05,0.00327301025390625,0.8761904761904762
small_all_algorithms_r20_g70\CyberShake\reports\CyberShake_30_extended_pairwise_metrics.csv,CyberShake_30,QL-NSGA-III,coverage,max,20,0.09485070849933555,0.056447859567126786,0.0824829931972789,0.07536139455782315,0.07269691068869336,0.033012136533932285,0.06316489361702127,0.04824561403508772,30.474194296247862,0.022153797810642202,-0.01255379951997954,0.05740289515668534,0.20454883575439453,1.0,0.21904761904761905
small_all_algorithms_r20_g70\CyberShake\reports\CyberShake_30_extended_pairwise_metrics.csv,CyberShake_30,QL-NSGA-III,energy_best,min,20,31487800.031923067,322459.73451923236,31451602.82692307,443974.75961538404,31442571.02692307,415380.15104698215,31429957.826923072,502170.5769230798,-0.1438463952622302,-45229.00500000156,-276702.73347115575,176724.25658653746,0.5652561187744141,1.0,-0.0380952380952381
small_all_algorithms_r20_g70\CyberShake\reports\CyberShake_30_extended_pairwise_metrics.csv,CyberShake_30,QL-NSGA-III,epsilon,min,20,0.09879854676185698,0.016037897578915997,0.0951175765869793,0.02478358290250221,0.10308345248288453,0.01405887799109247,0.10025784471663525,0.012082862821354734,4.156734779269247,0.00428490572102756,-0.0018916878576745936,0.010391767731083135,0.10808372497558594,1.0,0.3238095238095238
small_all_algorithms_r20_g70\CyberShake\reports\CyberShake_30_extended_pairwise_metrics.csv,CyberShake_30,QL-NSGA-III,hv,max,20,0.9612258100733418,0.01085400522730979,0.9585499554233059,0.018020917951549587,0.9489443728738503,0.012269198986517479,0.9473803508656865,0.01727511801183257,1.2942209839231802,0.01228143719949159,0.005937590074548335,0.018443147847488364,0.0013561248779296875,0.04475212097167969,0.7333333333333333
small_all_algorithms_r20_g70\CyberShake\reports\CyberShake_30_extended_pairwise_metrics.csv,CyberShake_30,QL-NSGA-III,igd,min,20,0.08909756779660563,0.005648172252837083,0.0898920120887422,0.009702782998471923,0.08396998170158163,0.008230490704505872,0.08332702246606835,0.011743240397875374,-6.106451366449952,-0.005127586095023989,-0.00941338974284335,-0.0009023241805593789,0.9734153747558594,1.0,-0.4857142857142857
small_all_algorithms_r20_g70\CyberShake\reports\CyberShake_30_extended_pairwise_metrics.csv,CyberShake_30,QL-NSGA-III,latency_best,min,20,49787.14656245733,2033.456182635342,49419.082154667965,2294.9139255183254,52897.214997672476,1869.8206095167898,53433.5162001923,2723.682452195768,5.879455913419997,3110.068435215143,1955.0080075355859,4214.413823716985,8.392333984375e-05,0.00327301025390625,0.8761904761904762
small_all_algorithms_r20_g70\CyberShake\reports\CyberShake_30_extended_pairwise_metrics.csv,CyberShake_30,QL-NSGA-III,makespan_best,min,20,11006.517516484375,279.1501104867014,10851.982605769232,373.1441631047164,11389.03131690039,510.1585997698658,11493.355473076923,691.0881151652629,3.358615757324289,382.51380041601516,174.46785505988157,583.8122727273695,0.0009720292170933899,0.03402102259826865,0.8105263157894737
small_all_algorithms_r20_g70\CyberShake\reports\CyberShake_30_extended_pairwise_metrics.csv,CyberShake_30,QL-NSGA-III,spacing,min,20,0.05159646278011628,0.006091081605393262,0.05210036062932234,0.006202893336782991,0.05609935958389863,0.008340389534834399,0.054932796493267336,0.008360956150364286,8.02664564654808,0.004502896803782348,0.0013762571074652774,0.007937966711874689,0.01811695098876953,0.3985729217529297,0.5333333333333333
small_all_algorithms_r20_g70\CyberShake\reports\CyberShake_30_extended_pairwise_metrics.csv,CyberShake_30,QL-NSGA-III,time,min,20,4.4235276150080605,0.08523375623867421,4.410801000020001,0.10308547501335852,4.124447460004012,0.1672284668237874,4.077298949996475,0.03964869996707421,-7.251399318437622,-0.2990801550040487,-0.3686162504981621,-0.21057940512153436,0.9999160766601562,1.0,-0.8666666666666667
small_all_algorithms_r20_g70\CyberShake\reports\CyberShake_30_extended_pairwise_metrics.csv,CyberShake_30,QMOEA/D-AWA-style,cost_best,min,20,1449.318095384616,222.07779595590335,1373.875364615385,84.52759615384639,20287.458207692296,775.6018348731785,20549.29347692307,1082.5101923076836,92.85608832537194,18838.140112307687,18436.742285865377,19187.133468557688,9.5367431640625e-07,5.7220458984375e-05,1.0
small_all_algorithms_r20_g70\CyberShake\reports\CyberShake_30_extended_pairwise_metrics.csv,CyberShake_30,QMOEA/D-AWA-style,coverage,max,20,0.041798245614035084,0.05175029719203988,0.0,0.08333333333333333,0.0005154639175257732,0.002305224719071948,0.0,0.0,8008.859649122806,0.041282781696509306,0.02044944836317598,0.06378278169650933,0.0036321914711260127,0.10170136119152835,1.0
small_all_algorithms_r20_g70\CyberShake\reports\CyberShake_30_extended_pairwise_metrics.csv,CyberShake_30,QMOEA/D-AWA-style,energy_best,min,20,31487800.031923067,322459.73451923236,31451602.82692307,443974.75961538404,30713710.99999999,0.0,30713710.99999999,0.0,-2.5203370309861883,-774089.0319230829,-914364.8128557757,-644840.7334615437,1.0,1.0,-1.0
small_all_algorithms_r20_g70\CyberShake\reports\CyberShake_30_extended_pairwise_metrics.csv,CyberShake_30,QMOEA/D-AWA-style,epsilon,min,20,0.09879854676185698,0.016037897578915997,0.0951175765869793,0.02478358290250221,0.7993636735390055,0.03245452428180539,0.8103199899387373,0.04529689299574213,87.64035068988709,0.7005651267771487,0.6839052692967446,0.7156256074709256,9.5367431640625e-07,5.7220458984375e-05,1.0
small_all_algorithms_r20_g70\CyberShake\reports\CyberShake_30_extended_pairwise_metrics.csv,CyberShake_30,QMOEA/D-AWA-style,hv,max,20,0.9612258100733418,0.01085400522730979,0.9585499554233059,0.018020917951549587,0.2902394975222927,0.0366278711282312,0.28066213290268216,0.04175963064814214,231.18366668875314,0.670986312551049,0.6541246059914698,0.6867427847059197,9.5367431640625e-07,5.7220458984375e-05,1.0
small_all_algorithms_r20_g70\CyberShake\reports\CyberShake_30_extended_pairwise_metrics.csv,CyberShake_30,QMOEA/D-AWA-style,igd,min,20,0.08909756779660563,0.005648172252837083,0.0898920120887422,0.009702782998471923,0.44639982363446623,0.02788636779452156,0.44555812230779124,0.04189207001703976,80.04085954353712,0.3573022558378605,0.3449436694148523,0.36914046717033505,9.5367431640625e-07,5.7220458984375e-05,1.0
small_all_algorithms_r20_g70\CyberShake\reports\CyberShake_30_extended_pairwise_metrics.csv,CyberShake_30,QMOEA/D-AWA-style,latency_best,min,20,49787.14656245733,2033.456182635342,49419.082154667965,2294.9139255183254,65967.43833677328,4364.270403547223,66106.29100340893,5243.8729539408305,24.52769454486504,16180.291774315958,14190.152270453482,18230.965395262665,9.5367431640625e-07,5.7220458984375e-05,1.0
small_all_algorithms_r20_g70\CyberShake\reports\CyberShake_30_extended_pairwise_metrics.csv,CyberShake_30,QMOEA/D-AWA-style,makespan_best,min,20,11006.517516484375,279.1501104867014,10851.982605769232,373.1441631047164,17334.52035329056,2329.043177366682,18051.29282530649,4282.2271842307655,36.505208727075974,6328.0028368061885,5361.4815084611155,7270.996984506892,9.5367431640625e-07,5.7220458984375e-05,1.0
small_all_algorithms_r20_g70\CyberShake\reports\CyberShake_30_extended_pairwise_metrics.csv,CyberShake_30,QMOEA/D-AWA-style,spacing,min,20,0.05159646278011628,0.006091081605393262,0.05210036062932234,0.006202893336782991,0.09019454585576486,0.06046519429605088,0.07076836057526283,0.062347782032070156,42.794254031028586,0.03859808307564857,0.014752988356178949,0.0637106099937672,0.001827239990234375,0.0584716796875,0.7142857142857143
small_all_algorithms_r20_g70\CyberShake\reports\CyberShake_30_extended_pairwise_metrics.csv,CyberShake_30,QMOEA/D-AWA-style,time,min,20,4.4235276150080605,0.08523375623867421,4.410801000020001,0.10308547501335852,4.568229825011803,0.17736916454158502,4.595443450001767,0.2186838749621529,3.1675772793101333,0.14470221000374295,0.05183894900692401,0.22945655437557433,0.0036478042602539062,0.10170136119152835,0.6666666666666666
small_all_algorithms_r20_g70\Epigenomics\reports\Epigenomics_24_extended_pairwise_metrics.csv,Epigenomics_24,MOEA/D,cost_best,min,20,27347.955227923077,347.69335467223635,27300.58968769231,484.1205280769209,107210.09101676925,42251.51006144916,113090.73843923077,52697.49187576922,74.49124894069399,79862.13578884615,61361.02953981347,97632.11845210577,1.9073486328125e-06,8.0108642578125e-05,0.9904761904761905
small_all_algorithms_r20_g70\Epigenomics\reports\Epigenomics_24_extended_pairwise_metrics.csv,Epigenomics_24,MOEA/D,coverage,max,20,0.010851956578981444,0.011305782565029066,0.014928698752228164,0.017097829319060363,0.029654042177645445,0.018360907285317307,0.030612244897959183,0.023085023833277908,-63.404798192530606,-0.018802085598664007,-0.02977056836642423,-0.008094394870270817,0.9971351176317506,1.0,-0.7047619047619048
small_all_algorithms_r20_g70\Epigenomics\reports\Epigenomics_24_extended_pairwise_metrics.csv,Epigenomics_24,MOEA/D,energy_best,min,20,716297478.4886153,306150.8145675436,716236393.7615384,245119.22769224644,715667885.5496153,41877.66528066311,715664329.6923077,74327.8846154213,-0.08797278063085066,-629592.9390000344,-776016.9508500585,-520335.0946154235,1.0,1.0,-1.0
small_all_algorithms_r20_g70\Epigenomics\reports\Epigenomics_24_extended_pairwise_metrics.csv,Epigenomics_24,MOEA/D,epsilon,min,20,0.038123274684248566,0.008357785458239392,0.035112946079793754,0.011997508611935,0.1516894222800988,0.03271566851072309,0.1558309094696681,0.037644457227937383,74.86754573179608,0.11356614759585022,0.10025973789783055,0.12602125522347937,9.5367431640625e-07,5.7220458984375e-05,1.0
small_all_algorithms_r20_g70\Epigenomics\reports\Epigenomics_24_extended_pairwise_metrics.csv,Epigenomics_24,MOEA/D,hv,max,20,1.1717487690584956,0.0030142461088957778,1.1726524641803513,0.004025585616092453,1.0453843468622264,0.033442459046450136,1.0431149106047592,0.03896659315335338,12.087843344465446,0.12636442219626912,0.11231089909867643,0.14027051332475,9.5367431640625e-07,5.7220458984375e-05,1.0
small_all_algorithms_r20_g70\Epigenomics\reports\Epigenomics_24_extended_pairwise_metrics.csv,Epigenomics_24,MOEA/D,igd,min,20,0.053358505958855815,0.006736218683377521,0.05175991873225376,0.011614139644794567,0.11165613298128736,0.011536557143805618,0.10969525140182484,0.015063380862451528,52.2117553831116,0.05829762702243154,0.05249678639814964,0.06409612148044426,9.5367431640625e-07,5.7220458984375e-05,1.0
small_all_algorithms_r20_g70\Epigenomics\reports\Epigenomics_24_extended_pairwise_metrics.csv,Epigenomics_24,MOEA/D,latency_best,min,20,858848.9189932797,16650.136761949427,860571.7577452449,8395.00469359965,928153.5596951147,20966.461151506555,924646.1207195027,24992.57084148738,7.466936906927408,69304.64070183523,56912.80796494322,81654.3186541579,9.5367431640625e-07,5.7220458984375e-05,1.0
small_all_algorithms_r20_g70\Epigenomics\reports\Epigenomics_24_extended_pairwise_metrics.csv,Epigenomics_24,MOEA/D,makespan_best,min,20,261774.11549307258,105.5620649394197,261770.36720326924,154.6950776584854,292711.7762981513,19922.98205341103,296311.0724333264,28881.14915304311,10.56932563367937,30937.660805078747,22580.55689010548,39596.89461175213,9.5367431640625e-07,5.7220458984375e-05,1.0
small_all_algorithms_r20_g70\Epigenomics\reports\Epigenomics_24_extended_pairwise_metrics.csv,Epigenomics_24,MOEA/D,spacing,min,20,0.05434896927661621,0.007502417305708349,0.05607770716532488,0.010286902305740274,0.06899082919375357,0.011384953592582918,0.06850433063510342,0.01612749934625972,21.222907578074206,0.014641859917137364,0.010407979522309672,0.018805213555401563,1.9073486328125e-06,8.0108642578125e-05,0.9904761904761905
small_all_algorithms_r20_g70\Epigenomics\reports\Epigenomics_24_extended_pairwise_metrics.csv,Epigenomics_24,MOEA/D,time,min,20,4.427701430008165,0.08032517798145059,4.399735100014368,0.051994050038047135,3.9902751250134316,0.06454485927989204,3.9906096500344574,0.08798247503000312,-10.962309396980764,-0.43742630499473306,-0.48545839148646336,-0.3920159273574973,1.0,1.0,-1.0
small_all_algorithms_r20_g70\Epigenomics\reports\Epigenomics_24_extended_pairwise_metrics.csv,Epigenomics_24,NSGA-II,cost_best,min,20,27347.955227923077,347.69335467223635,27300.58968769231,484.1205280769209,27017.914551076923,231.21178734023593,27010.728421538464,362.32107538461787,-1.221562368265759,-330.0406768461529,-528.7552945423066,-135.06084813653965,0.9952821731567383,1.0,-0.638095238095238
small_all_algorithms_r20_g70\Epigenomics\reports\Epigenomics_24_extended_pairwise_metrics.csv,Epigenomics_24,NSGA-II,coverage,max,20,0.11652422163945216,0.03803716309064054,0.11215245235863792,0.057424931053131914,0.009410553155145706,0.009494944496117192,0.010309278350515464,0.01321915530428999,1138.22924878477,0.10711366848430641,0.09092490471651743,0.12381723922418807,4.4224575106059504e-05,0.0015478601287120827,1.0
small_all_algorithms_r20_g70\Epigenomics\reports\Epigenomics_24_extended_pairwise_metrics.csv,Epigenomics_24,NSGA-II,energy_best,min,20,716297478.4886153,306150.8145675436,716236393.7615384,245119.22769224644,716116232.0751538,193060.689483605,716081252.8807691,294405.7788462639,-0.025309636249444156,-181246.4134615183,-351438.8391807639,-27907.59048742072,0.9880247116088867,1.0,-0.5619047619047619
small_all_algorithms_r20_g70\Epigenomics\reports\Epigenomics_24_extended_pairwise_metrics.csv,Epigenomics_24,NSGA-II,epsilon,min,20,0.038123274684248566,0.008357785458239392,0.035112946079793754,0.011997508611935,0.11638962374182112,0.017474004584057908,0.11260997098612155,0.017291145504944705,67.24512593251892,0.07826634905757254,0.06911217280394939,0.08759995589789664,9.5367431640625e-07,5.7220458984375e-05,1.0
small_all_algorithms_r20_g70\Epigenomics\reports\Epigenomics_24_extended_pairwise_metrics.csv,Epigenomics_24,NSGA-II,hv,max,20,1.1717487690584956,0.0030142461088957778,1.1726524641803513,0.004025585616092453,1.103984651549747,0.020983748464095432,1.1028604611942134,0.025339040776139354,6.138139458154879,0.06776411750874871,0.05916433732743873,0.07731530314852073,9.5367431640625e-07,5.7220458984375e-05,1.0
small_all_algorithms_r20_g70\Epigenomics\reports\Epigenomics_24_extended_pairwise_metrics.csv,Epigenomics_24,NSGA-II,igd,min,20,0.053358505958855815,0.006736218683377521,0.05175991873225376,0.011614139644794567,0.08616433998935757,0.012427856300353734,0.08561272482394132,0.011202647235773383,38.07356272276177,0.032805834030501746,0.026839097413308456,0.03869029176930204,1.9073486328125e-06,8.0108642578125e-05,0.9904761904761905
small_all_algorithms_r20_g70\Epigenomics\reports\Epigenomics_24_extended_pairwise_metrics.csv,Epigenomics_24,NSGA-II,latency_best,min,20,858848.9189932797,16650.136761949427,860571.7577452449,8395.00469359965,845214.7078358255,14792.906440034294,834309.3413950149,27093.893046172685,-1.6131062357356052,-13634.211157454014,-23045.400236612717,-4173.6143637496,0.9975700378417969,1.0,-0.6857142857142857
small_all_algorithms_r20_g70\Epigenomics\reports\Epigenomics_24_extended_pairwise_metrics.csv,Epigenomics_24,NSGA-II,makespan_best,min,20,261774.11549307258,105.5620649394197,261770.36720326924,154.6950776584854,261839.78004139592,369.0323773734204,261701.69905807692,141.12963418569416,0.025078140652639903,65.66454832332238,-74.17243469539582,247.81937656980267,0.7509956359863281,1.0,-0.17142857142857143
small_all_algorithms_r20_g70\Epigenomics\reports\Epigenomics_24_extended_pairwise_metrics.csv,Epigenomics_24,NSGA-II,spacing,min,20,0.05434896927661621,0.007502417305708349,0.05607770716532488,0.010286902305740274,0.059912044095213515,0.005727893935302182,0.059614582733093335,0.006438253460397267,9.285403131557894,0.0055630748185973135,0.0012014344980624276,0.01013545363004929,0.019994735717773438,0.5398578643798828,0.5238095238095238
small_all_algorithms_r20_g70\Epigenomics\reports\Epigenomics_24_extended_pairwise_metrics.csv,Epigenomics_24,NSGA-II,time,min,20,4.427701430008165,0.08032517798145059,4.399735100014368,0.051994050038047135,4.244322259997716,0.10017855167850874,4.222730900015449,0.04605400004948024,-4.320576025500652,-0.18337917001044843,-0.23684808551006425,-0.11926483126269886,0.9998950958251953,1.0,-0.8571428571428571
small_all_algorithms_r20_g70\Epigenomics\reports\Epigenomics_24_extended_pairwise_metrics.csv,Epigenomics_24,NSGA-III,cost_best,min,20,27347.955227923077,347.69335467223635,27300.58968769231,484.1205280769209,28947.997583846154,1513.6302369578923,28853.758282307692,2687.0907957692216,5.5272989134694,1600.0423559230778,939.5981659769244,2289.2609865423083,0.00024127960205078125,0.008203506469726562,0.8285714285714286
small_all_algorithms_r20_g70\Epigenomics\reports\Epigenomics_24_extended_pairwise_metrics.csv,Epigenomics_24,NSGA-III,coverage,max,20,0.04982986047192073,0.030964702931303933,0.05263157894736842,0.05231267345050878,0.049428457872698846,0.02214791925496575,0.04701558042571868,0.040684830633284236,0.8120880490661472,0.00040140259922187284,-0.016762660762825763,0.018009831963667667,0.4636392593383789,1.0,0.02857142857142857
small_all_algorithms_r20_g70\Epigenomics\reports\Epigenomics_24_extended_pairwise_metrics.csv,Epigenomics_24,NSGA-III,energy_best,min,20,716297478.4886153,306150.8145675436,716236393.7615384,245119.22769224644,716491467.595577,537635.5073346865,716389521.7576923,389859.7038462162,0.02707486630827879,193989.10696154833,-65297.960221171794,479128.1229230647,0.1558971405029297,1.0,0.26666666666666666
small_all_algorithms_r20_g70\Epigenomics\reports\Epigenomics_24_extended_pairwise_metrics.csv,Epigenomics_24,NSGA-III,epsilon,min,20,0.038123274684248566,0.008357785458239392,0.035112946079793754,0.011997508611935,0.04140135799035781,0.011302911106952982,0.03794240190705245,0.008973683743200483,7.91781590080377,0.0032780833061092363,-0.0030543511224641463,0.010132739548342899,0.3371114730834961,1.0,0.11428571428571428
small_all_algorithms_r20_g70\Epigenomics\reports\Epigenomics_24_extended_pairwise_metrics.csv,Epigenomics_24,NSGA-III,hv,max,20,1.1717487690584956,0.0030142461088957778,1.1726524641803513,0.004025585616092453,1.1675943477216362,0.0049402067957196386,1.1691180174803018,0.006072015740953507,0.35581033301214987,0.00415442133685937,0.001331589310933461,0.007012857445651862,0.0027904510498046875,0.08371353149414062,0.6857142857142857
small_all_algorithms_r20_g70\Epigenomics\reports\Epigenomics_24_extended_pairwise_metrics.csv,Epigenomics_24,NSGA-III,igd,min,20,0.053358505958855815,0.006736218683377521,0.05175991873225376,0.011614139644794567,0.04308940114765851,0.004617344991602718,0.04277255257435924,0.0047870106210055954,-23.832089882166603,-0.010269104811197315,-0.014151554198807582,-0.006553395193310797,0.9999933242797852,1.0,-0.9523809523809523
small_all_algorithms_r20_g70\Epigenomics\reports\Epigenomics_24_extended_pairwise_metrics.csv,Epigenomics_24,NSGA-III,latency_best,min,20,858848.9189932797,16650.136761949427,860571.7577452449,8395.00469359965,874129.2124227646,26296.366694483033,862528.885733191,22209.052696017898,1.7480588924758147,15280.293429485126,1944.8352446338852,28837.62121751645,0.04484748840332031,1.0,0.4380952380952381
small_all_algorithms_r20_g70\Epigenomics\reports\Epigenomics_24_extended_pairwise_metrics.csv,Epigenomics_24,NSGA-III,makespan_best,min,20,261774.11549307258,105.5620649394197,261770.36720326924,154.6950776584854,265927.72049596306,7609.195691649614,262098.42502940656,1568.6715835577052,1.5619300594702539,4153.605002890484,1244.4203956955407,7801.080543301709,0.0007162094116210938,0.022202491760253906,0.7714285714285715
small_all_algorithms_r20_g70\Epigenomics\reports\Epigenomics_24_extended_pairwise_metrics.csv,Epigenomics_24,NSGA-III,spacing,min,20,0.05434896927661621,0.007502417305708349,0.05607770716532488,0.010286902305740274,0.07252580199628039,0.011444769325464076,0.07258606352593186,0.016490680179344575,25.062573896937266,0.018176832719664197,0.012710770706721905,0.02356300643408902,2.86102294921875e-06,0.0001087188720703125,0.9809523809523809
small_all_algorithms_r20_g70\Epigenomics\reports\Epigenomics_24_extended_pairwise_metrics.csv,Epigenomics_24,NSGA-III,time,min,20,4.427701430008165,0.08032517798145059,4.399735100014368,0.051994050038047135,4.042706459999318,0.09737503500174999,4.012955400015926,0.059514925043913536,-9.523198723879455,-0.3849949700088473,-0.4390497826444334,-0.323363489880503,0.9999990463256836,1.0,-0.9904761904761905
small_all_algorithms_r20_g70\Epigenomics\reports\Epigenomics_24_extended_pairwise_metrics.csv,Epigenomics_24,OVEA-style,cost_best,min,20,27347.955227923077,347.69335467223635,27300.58968769231,484.1205280769209,26580.421402307693,0.4797743856760051,26580.22496,0.0,-2.8875908850291885,-767.533825615386,-915.7070241942317,-622.8752825115398,1.0,1.0,-1.0
small_all_algorithms_r20_g70\Epigenomics\reports\Epigenomics_24_extended_pairwise_metrics.csv,Epigenomics_24,OVEA-style,coverage,max,20,0.03416137566137566,0.07723508666683487,0.0,0.03425925925925926,0.009383907336920887,0.01001822328370951,0.010309278350515464,0.020460761624237322,264.04212482968666,0.02477746832445477,-0.002641017374306942,0.06253059109842111,0.16520826630537627,1.0,0.29523809523809524
small_all_algorithms_r20_g70\Epigenomics\reports\Epigenomics_24_extended_pairwise_metrics.csv,Epigenomics_24,OVEA-style,energy_best,min,20,716297478.4886153,306150.8145675436,716236393.7615384,245119.22769224644,716345979.0269616,589676.7065617553,716189197.4153845,625719.6461539268,0.006770546602658483,48500.5383461833,-244968.9220326535,378028.0471587147,0.43474388122558594,1.0,0.047619047619047616
small_all_algorithms_r20_g70\Epigenomics\reports\Epigenomics_24_extended_pairwise_metrics.csv,Epigenomics_24,OVEA-style,epsilon,min,20,0.038123274684248566,0.008357785458239392,0.035112946079793754,0.011997508611935,0.20173632216810863,0.024847616108798636,0.19570823884325256,0.0003633785389142996,81.10242405803348,0.16361304748386007,0.15583035056244984,0.17534456439048055,9.5367431640625e-07,5.7220458984375e-05,1.0
small_all_algorithms_r20_g70\Epigenomics\reports\Epigenomics_24_extended_pairwise_metrics.csv,Epigenomics_24,OVEA-style,hv,max,20,1.1717487690584956,0.0030142461088957778,1.1726524641803513,0.004025585616092453,0.9632515414965346,0.053500206503684124,0.9723102286046817,0.08851222302956652,21.645148601375073,0.20849722756196085,0.18649455876370413,0.23089895075479094,9.5367431640625e-07,5.7220458984375e-05,1.0
small_all_algorithms_r20_g70\Epigenomics\reports\Epigenomics_24_extended_pairwise_metrics.csv,Epigenomics_24,OVEA-style,igd,min,20,0.053358505958855815,0.006736218683377521,0.05175991873225376,0.011614139644794567,0.26750515497844185,0.035901414325065564,0.2577206077946081,0.031972818623220906,80.05327936085719,0.21414664901958608,0.20067576252083602,0.23106763676272138,9.5367431640625e-07,5.7220458984375e-05,1.0
small_all_algorithms_r20_g70\Epigenomics\reports\Epigenomics_24_extended_pairwise_metrics.csv,Epigenomics_24,OVEA-style,latency_best,min,20,858848.9189932797,16650.136761949427,860571.7577452449,8395.00469359965,1117303.9217760689,106003.59625070113,1095346.3661981882,163730.2895029476,23.132023234282443,258455.00278278944,214929.24602870597,304854.6210657897,9.5367431640625e-07,5.7220458984375e-05,1.0
small_all_algorithms_r20_g70\Epigenomics\reports\Epigenomics_24_extended_pairwise_metrics.csv,Epigenomics_24,OVEA-style,makespan_best,min,20,261774.11549307258,105.5620649394197,261770.36720326924,154.6950776584854,365656.40677604993,45961.88092021053,356651.39388481376,96979.75848070998,28.409810236581233,103882.29128297737,84111.71777531283,123479.57193728857,9.5367431640625e-07,5.7220458984375e-05,1.0
small_all_algorithms_r20_g70\Epigenomics\reports\Epigenomics_24_extended_pairwise_metrics.csv,Epigenomics_24,OVEA-style,spacing,min,20,0.05434896927661621,0.007502417305708349,0.05607770716532488,0.010286902305740274,0.17261040529775912,0.14409463334274736,0.20318808354380224,0.22887604182343843,68.51350346877275,0.11826143602114296,0.06007014960475777,0.1795757269060563,0.004154205322265625,0.12047195434570312,0.6571428571428571
small_all_algorithms_r20_g70\Epigenomics\reports\Epigenomics_24_extended_pairwise_metrics.csv,Epigenomics_24,OVEA-style,time,min,20,4.427701430008165,0.08032517798145059,4.399735100014368,0.051994050038047135,3.4134208899980876,0.10666904468631787,3.41129015001934,0.15433815008145757,-29.714487978382465,-1.014280540010077,-1.0728075401382375,-0.9568446956224943,1.0,1.0,-1.0
small_all_algorithms_r20_g70\Epigenomics\reports\Epigenomics_24_extended_pairwise_metrics.csv,Epigenomics_24,QL-NSGA-III,cost_best,min,20,27347.955227923077,347.69335467223635,27300.58968769231,484.1205280769209,28893.28403884616,1477.3913429784448,28612.76885923077,1098.536281153847,5.3484014099796795,1545.3288109230775,945.7506270057701,2184.23793626923,2.384185791015625e-05,0.0008821487426757812,0.9238095238095239
small_all_algorithms_r20_g70\Epigenomics\reports\Epigenomics_24_extended_pairwise_metrics.csv,Epigenomics_24,QL-NSGA-III,coverage,max,20,0.05933168615092309,0.043007380275536126,0.05319148936170213,0.05460531506417,0.03969535078514316,0.020412843615043506,0.04102671996633705,0.03124828635665717,49.467595013996565,0.01963633536577993,-0.0030501506254200987,0.04175653894098183,0.06154632568359375,1.0,0.4
small_all_algorithms_r20_g70\Epigenomics\reports\Epigenomics_24_extended_pairwise_metrics.csv,Epigenomics_24,QL-NSGA-III,energy_best,min,20,716297478.4886153,306150.8145675436,716236393.7615384,245119.22769224644,716897773.3824999,1110900.3097480973,716699781.0965385,813923.0596154928,0.08373507579083694,600294.8938846231,167856.5719845738,1122962.3246163833,0.0085906982421875,0.24053955078125,0.6
small_all_algorithms_r20_g70\Epigenomics\reports\Epigenomics_24_extended_pairwise_metrics.csv,Epigenomics_24,QL-NSGA-III,epsilon,min,20,0.038123274684248566,0.008357785458239392,0.035112946079793754,0.011997508611935,0.04523871075998271,0.018869397457341345,0.03669568298735954,0.01106423907188199,15.728644685489845,0.007115436075734135,-0.000980819864040534,0.01716800363061096,0.17440509796142578,1.0,0.24761904761904763
small_all_algorithms_r20_g70\Epigenomics\reports\Epigenomics_24_extended_pairwise_metrics.csv,Epigenomics_24,QL-NSGA-III,hv,max,20,1.1717487690584956,0.0030142461088957778,1.1726524641803513,0.004025585616092453,1.1661670194383589,0.007601810497221313,1.1688704426712542,0.005830297274369567,0.4786406687118396,0.0055817496201366005,0.002407320003758696,0.00961919812898683,0.0005083084106445312,0.016265869140625,0.7904761904761904
small_all_algorithms_r20_g70\Epigenomics\reports\Epigenomics_24_extended_pairwise_metrics.csv,Epigenomics_24,QL-NSGA-III,igd,min,20,0.053358505958855815,0.006736218683377521,0.05175991873225376,0.011614139644794567,0.045243310461393196,0.005413030939656807,0.043945322664328254,0.00481526072254497,-17.93678538264223,-0.008115195497462627,-0.011843000162079287,-0.004288334518447811,0.9998693466186523,1.0,-0.8476190476190476
small_all_algorithms_r20_g70\Epigenomics\reports\Epigenomics_24_extended_pairwise_metrics.csv,Epigenomics_24,QL-NSGA-III,latency_best,min,20,858848.9189932797,16650.136761949427,860571.7577452449,8395.00469359965,865323.009794214,19612.90778593759,862968.3886366256,13149.727610691101,0.7481704204854074,6474.090800934326,-3369.715682450969,16205.879457365998,0.11525630950927734,1.0,0.3142857142857143
small_all_algorithms_r20_g70\Epigenomics\reports\Epigenomics_24_extended_pairwise_metrics.csv,Epigenomics_24,QL-NSGA-III,makespan_best,min,20,261774.11549307258,105.5620649394197,261770.36720326924,154.6950776584854,265824.6449745457,6058.7925979920365,263081.689583421,3437.704247457208,1.5237599515503837,4050.5294814731255,1712.886966437872,6749.549089441135,1.9073486328125e-06,8.0108642578125e-05,0.9904761904761905
small_all_algorithms_r20_g70\Epigenomics\reports\Epigenomics_24_extended_pairwise_metrics.csv,Epigenomics_24,QL-NSGA-III,spacing,min,20,0.05434896927661621,0.007502417305708349,0.05607770716532488,0.010286902305740274,0.06923861862757251,0.009468109759428368,0.06972068440912349,0.008121385547880555,21.504833062956102,0.014889649350956307,0.008182288493519076,0.02167813403511852,0.00029277801513671875,0.009661674499511719,0.819047619047619
small_all_algorithms_r20_g70\Epigenomics\reports\Epigenomics_24_extended_pairwise_metrics.csv,Epigenomics_24,QL-NSGA-III,time,min,20,4.427701430008165,0.08032517798145059,4.399735100014368,0.051994050038047135,4.098864900012268,0.048279643413028324,4.1008244499971624,0.05215229996247217,-8.022624263486037,-0.32883652999589685,-0.37206806560810946,-0.2888074433628208,1.0,1.0,-1.0
small_all_algorithms_r20_g70\Epigenomics\reports\Epigenomics_24_extended_pairwise_metrics.csv,Epigenomics_24,QMOEA/D-AWA-style,cost_best,min,20,27347.955227923077,347.69335467223635,27300.58968769231,484.1205280769209,367767.7077542309,90108.51532091925,382395.3907646154,117818.77038461535,92.5637964804134,340419.7525263077,301457.3448277924,377999.0034140808,9.5367431640625e-07,5.7220458984375e-05,1.0
small_all_algorithms_r20_g70\Epigenomics\reports\Epigenomics_24_extended_pairwise_metrics.csv,Epigenomics_24,QMOEA/D-AWA-style,coverage,max,20,0.0,0.0,0.0,0.0,0.0026713709677419354,0.007684521410124214,0.0,0.0,-100.0,-0.0026713709677419354,-0.006434811827956989,0.0,0.9455952849797271,1.0,-1.0
small_all_algorithms_r20_g70\Epigenomics\reports\Epigenomics_24_extended_pairwise_metrics.csv,Epigenomics_24,QMOEA/D-AWA-style,energy_best,min,20,716297478.4886153,306150.8145675436,716236393.7615384,245119.22769224644,715621471.5192308,135.4541178575234,715621441.2307692,0.0,-0.09446432175229465,-676006.9693846523,-821864.5850250212,-565986.1918846657,1.0,1.0,-1.0
small_all_algorithms_r20_g70\Epigenomics\reports\Epigenomics_24_extended_pairwise_metrics.csv,Epigenomics_24,QMOEA/D-AWA-style,epsilon,min,20,0.038123274684248566,0.008357785458239392,0.035112946079793754,0.011997508611935,0.44370027681963065,0.11554564842950976,0.46213024044872497,0.1530221921937796,91.40787674113935,0.40557700213538206,0.3556456873838733,0.453682680519389,9.5367431640625e-07,5.7220458984375e-05,1.0
small_all_algorithms_r20_g70\Epigenomics\reports\Epigenomics_24_extended_pairwise_metrics.csv,Epigenomics_24,QMOEA/D-AWA-style,hv,max,20,1.1717487690584956,0.0030142461088957778,1.1726524641803513,0.004025585616092453,0.7277927399394737,0.10481396616334032,0.7275204263424809,0.12442981156105537,61.00033769998079,0.4439560291190219,0.40084564274602164,0.48951518019894225,9.5367431640625e-07,5.7220458984375e-05,1.0
small_all_algorithms_r20_g70\Epigenomics\reports\Epigenomics_24_extended_pairwise_metrics.csv,Epigenomics_24,QMOEA/D-AWA-style,igd,min,20,0.053358505958855815,0.006736218683377521,0.05175991873225376,0.011614139644794567,0.28019039203818347,0.033621079872263086,0.27656349318920453,0.0457187495843957,80.95633987635654,0.22683188607932764,0.2138066976760975,0.2411615460699571,9.5367431640625e-07,5.7220458984375e-05,1.0
small_all_algorithms_r20_g70\Epigenomics\reports\Epigenomics_24_extended_pairwise_metrics.csv,Epigenomics_24,QMOEA/D-AWA-style,latency_best,min,20,858848.9189932797,16650.136761949427,860571.7577452449,8395.00469359965,1028162.2961338352,32067.569935532476,1022861.1797450692,718.3466496972833,16.46757304534693,169313.37714055573,156071.44306139907,186654.16037196835,9.5367431640625e-07,5.7220458984375e-05,1.0
small_all_algorithms_r20_g70\Epigenomics\reports\Epigenomics_24_extended_pairwise_metrics.csv,Epigenomics_24,QMOEA/D-AWA-style,makespan_best,min,20,261774.11549307258,105.5620649394197,261770.36720326924,154.6950776584854,328241.46636430424,31533.48076487144,321984.1765569231,48.09303493768675,20.249528984696216,66467.3508712317,58048.65123239455,81167.23842246342,9.5367431640625e-07,5.7220458984375e-05,1.0
small_all_algorithms_r20_g70\Epigenomics\reports\Epigenomics_24_extended_pairwise_metrics.csv,Epigenomics_24,QMOEA/D-AWA-style,spacing,min,20,0.05434896927661621,0.007502417305708349,0.05607770716532488,0.010286902305740274,0.08407437447518244,0.06976603944663566,0.05923325516226681,0.07554118658666123,35.356082497337816,0.029725405198566257,0.002641289725316657,0.061297219919489346,0.05699348449707031,1.0,0.4095238095238095
small_all_algorithms_r20_g70\Epigenomics\reports\Epigenomics_24_extended_pairwise_metrics.csv,Epigenomics_24,QMOEA/D-AWA-style,time,min,20,4.427701430008165,0.08032517798145059,4.399735100014368,0.051994050038047135,4.5908940749999605,0.11707999381115494,4.583559199993033,0.19353070000943262,3.5547029037431432,0.16319264499179553,0.10027059361760625,0.2246749216123862,4.100799560546875e-05,0.001476287841796875,0.9047619047619048
small_all_algorithms_r20_g70\Montage\reports\Montage_25_extended_pairwise_metrics.csv,Montage_25,MOEA/D,cost_best,min,20,741.497629076923,268.8525930030632,696.3649376923076,391.4447369230769,2864.099821230769,333.0552530533408,2763.364987692308,538.2233076923076,74.11062199786443,2122.602192153846,1928.168324526923,2311.459608532692,9.5367431640625e-07,5.7220458984375e-05,1.0
small_all_algorithms_r20_g70\Montage\reports\Montage_25_extended_pairwise_metrics.csv,Montage_25,MOEA/D,coverage,max,20,0.1298001178836419,0.11755546532962763,0.09808612440191387,0.135988439478142,0.009275867683853122,0.01138307386899117,0.010695493022191718,0.011111111111111112,1299.3312788364826,0.12052425019978881,0.07277789401956046,0.1741415919681018,0.00017077814066081263,0.005977234923128442,0.9368421052631579
small_all_algorithms_r20_g70\Montage\reports\Montage_25_extended_pairwise_metrics.csv,Montage_25,MOEA/D,energy_best,min,20,9476157.370769233,134796.95601946558,9467645.923076924,142802.30769230798,9197594.0,0.0,9197594.0,0.0,-3.028654784819079,-278563.3707692319,-337668.9032019239,-222469.01278846274,1.0,1.0,-1.0
small_all_algorithms_r20_g70\Montage\reports\Montage_25_extended_pairwise_metrics.csv,Montage_25,MOEA/D,epsilon,min,20,0.09057881072164484,0.020591344073980774,0.08469917262178431,0.021362571262453403,0.3096562634965275,0.04088549905811444,0.29729016536716857,0.06607170533408402,70.74859403815658,0.2190774527748826,0.19983055512823605,0.23803024915516274,9.5367431640625e-07,5.7220458984375e-05,1.0
small_all_algorithms_r20_g70\Montage\reports\Montage_25_extended_pairwise_metrics.csv,Montage_25,MOEA/D,hv,max,20,1.0556913404821606,0.01843239379194023,1.0549816877447582,0.026815417147618703,0.8323858577788602,0.03599651546305792,0.8352572899222355,0.04303540861982136,26.827159617916756,0.2233054827033004,0.2080880033835994,0.24117567275123308,9.5367431640625e-07,5.7220458984375e-05,1.0
small_all_algorithms_r20_g70\Montage\reports\Montage_25_extended_pairwise_metrics.csv,Montage_25,MOEA/D,igd,min,20,0.06810796881050026,0.008187100679683408,0.068709504159904,0.011301316162703787,0.18069528429310835,0.024906996885417428,0.18001584319793118,0.013816145278379238,62.307832726823484,0.1125873154826081,0.1019784764055306,0.1257213135273514,9.5367431640625e-07,5.7220458984375e-05,1.0
small_all_algorithms_r20_g70\Montage\reports\Montage_25_extended_pairwise_metrics.csv,Montage_25,MOEA/D,latency_best,min,20,12627.521158726415,242.5555708526069,12637.229874544775,308.638482994289,13089.70710339243,361.4557589402834,13111.902914972958,297.0243461523405,3.5309112802549336,462.1859446660154,281.50280280498436,650.6757712636244,0.00013065338134765625,0.0049648284912109375,0.8571428571428571
small_all_algorithms_r20_g70\Montage\reports\Montage_25_extended_pairwise_metrics.csv,Montage_25,MOEA/D,makespan_best,min,20,2796.514813716346,79.24670772541687,2793.2915424399034,55.30013011869005,2899.6275616804387,105.23064193976299,2869.4964029041475,129.26723136418195,3.556068694019971,103.11274796409343,43.88788269575671,162.71895553551002,0.004154205322265625,0.12878036499023438,0.6571428571428571
small_all_algorithms_r20_g70\Montage\reports\Montage_25_extended_pairwise_metrics.csv,Montage_25,MOEA/D,spacing,min,20,0.0367475930050125,0.005106249687363575,0.03591162326139149,0.005331584786149056,0.06428195412317746,0.015714908093526988,0.06263187236675279,0.01740807712198915,42.83373381183069,0.027534361118164968,0.021245511925267704,0.03445288945552654,9.5367431640625e-07,5.7220458984375e-05,1.0
small_all_algorithms_r20_g70\Montage\reports\Montage_25_extended_pairwise_metrics.csv,Montage_25,MOEA/D,time,min,20,4.383636569991358,0.130305648034979,4.334730749978917,0.07640977496339474,3.561237220000476,0.06118974076069992,3.573928400001023,0.06361354999535251,-23.093079713200698,-0.8223993499908829,-0.8813809984854015,-0.7696246046407031,1.0,1.0,-1.0
small_all_algorithms_r20_g70\Montage\reports\Montage_25_extended_pairwise_metrics.csv,Montage_25,NSGA-II,cost_best,min,20,741.497629076923,268.8525930030632,696.3649376923076,391.4447369230769,659.9619113846154,231.1320781444792,659.3029969230769,281.38433576923086,-12.354609604854884,-81.53571769230767,-235.37280405576914,64.04105318076923,0.7847833633422852,1.0,-0.2
small_all_algorithms_r20_g70\Montage\reports\Montage_25_extended_pairwise_metrics.csv,Montage_25,NSGA-II,coverage,max,20,0.15113300510367894,0.05233273126918447,0.13543136190992947,0.051849428110199935,0.004334417823324143,0.006395243043304036,0.0,0.010899426660296226,3386.8120994337437,0.14679858728035478,0.12348624861166926,0.17180674771201157,4.4161929315406386e-05,0.0017664771726162555,1.0
small_all_algorithms_r20_g70\Montage\reports\Montage_25_extended_pairwise_metrics.csv,Montage_25,NSGA-II,energy_best,min,20,9476157.370769233,134796.95601946558,9467645.923076924,142802.30769230798,9515312.96346154,94916.01961023764,9529066.273076925,62886.51346153952,0.41150083914910834,39155.59269230794,-29515.868105769317,107660.89448076884,0.13054943084716797,1.0,0.29523809523809524
small_all_algorithms_r20_g70\Montage\reports\Montage_25_extended_pairwise_metrics.csv,Montage_25,NSGA-II,epsilon,min,20,0.09057881072164484,0.020591344073980774,0.08469917262178431,0.021362571262453403,0.15351365695936087,0.020292154542786843,0.16124784614350057,0.026508149150358984,40.996252375367845,0.06293484623771603,0.0509052802375523,0.07531859590946278,9.5367431640625e-07,5.7220458984375e-05,1.0
small_all_algorithms_r20_g70\Montage\reports\Montage_25_extended_pairwise_metrics.csv,Montage_25,NSGA-II,hv,max,20,1.0556913404821606,0.01843239379194023,1.0549816877447582,0.026815417147618703,0.9778368116548968,0.019406842378771574,0.9783605279367175,0.030947770993666524,7.961914288694285,0.07785452882726404,0.06810865118841512,0.08737362123060387,9.5367431640625e-07,5.7220458984375e-05,1.0
small_all_algorithms_r20_g70\Montage\reports\Montage_25_extended_pairwise_metrics.csv,Montage_25,NSGA-II,igd,min,20,0.06810796881050026,0.008187100679683408,0.068709504159904,0.011301316162703787,0.0706610157567072,0.007125756939821125,0.07024410064837058,0.008645043598864699,3.613091205760953,0.002553046946206945,-0.0021968748890531767,0.007441166427763923,0.2608366012573242,1.0,0.17142857142857143
small_all_algorithms_r20_g70\Montage\reports\Montage_25_extended_pairwise_metrics.csv,Montage_25,NSGA-II,latency_best,min,20,12627.521158726415,242.5555708526069,12637.229874544775,308.638482994289,12242.26846492428,240.9838400605586,12282.582542409857,320.6328330551387,-3.1469061057265213,-385.2526938021339,-509.7951587580537,-263.3901339860393,0.9999904632568359,1.0,-0.9428571428571428
small_all_algorithms_r20_g70\Montage\reports\Montage_25_extended_pairwise_metrics.csv,Montage_25,NSGA-II,makespan_best,min,20,2796.514813716346,79.24670772541687,2793.2915424399034,55.30013011869005,2727.230715492037,90.04590128351529,2754.889448372896,118.31703506685653,-2.5404560688885187,-69.28409822430879,-129.2319803200007,-11.954231045485235,0.9757795333862305,1.0,-0.49523809523809526
small_all_algorithms_r20_g70\Montage\reports\Montage_25_extended_pairwise_metrics.csv,Montage_25,NSGA-II,spacing,min,20,0.0367475930050125,0.005106249687363575,0.03591162326139149,0.005331584786149056,0.04077315703529924,0.005852257408171214,0.03905183635102852,0.006741850170033495,9.873074157101989,0.0040255640302867355,0.0009023961534543436,0.007350083521050438,0.022027015686035156,0.5286483764648438,0.5142857142857142
small_all_algorithms_r20_g70\Montage\reports\Montage_25_extended_pairwise_metrics.csv,Montage_25,NSGA-II,time,min,20,4.383636569991358,0.130305648034979,4.334730749978917,0.07640977496339474,4.193451700007427,0.042534634531096495,4.191532150027342,0.039648124933592044,-4.5352822350045106,-0.190184869983932,-0.2441505062708893,-0.14783601585128053,1.0,1.0,-1.0
small_all_algorithms_r20_g70\Montage\reports\Montage_25_extended_pairwise_metrics.csv,Montage_25,NSGA-III,cost_best,min,20,741.497629076923,268.8525930030632,696.3649376923076,391.4447369230769,1117.0954239999999,220.91090829713585,1114.2974730769233,296.8309880769232,33.62271358861792,375.597794923077,229.6879682596155,520.8570052423079,8.392333984375e-05,0.00327301025390625,0.8761904761904762
small_all_algorithms_r20_g70\Montage\reports\Montage_25_extended_pairwise_metrics.csv,Montage_25,NSGA-III,coverage,max,20,0.06581160111091103,0.038098604679164025,0.06134432783608196,0.05152535143355218,0.060898927407628346,0.04247525393020709,0.053763440860215055,0.06967915128829204,8.066929767743837,0.004912673703282659,-0.02047213776836622,0.028988347669756383,0.35059070587158203,1.0,0.10476190476190476
small_all_algorithms_r20_g70\Montage\reports\Montage_25_extended_pairwise_metrics.csv,Montage_25,NSGA-III,energy_best,min,20,9476157.370769233,134796.95601946558,9467645.923076924,142802.30769230798,9507416.579692308,130653.09780345934,9458983.423076924,207659.0728846155,0.32878762238991954,31259.20892307693,-41419.48389519251,108895.59288461537,0.36425304412841797,1.0,0.09523809523809523
small_all_algorithms_r20_g70\Montage\reports\Montage_25_extended_pairwise_metrics.csv,Montage_25,NSGA-III,epsilon,min,20,0.09057881072164484,0.020591344073980774,0.08469917262178431,0.021362571262453403,0.1086448568514717,0.019719407798202308,0.10951022120901716,0.021663480596738352,16.628533235148847,0.018066046129826867,0.00682780140606894,0.02785818887417001,0.0021104812622070312,0.06964588165283203,0.7047619047619048
small_all_algorithms_r20_g70\Montage\reports\Montage_25_extended_pairwise_metrics.csv,Montage_25,NSGA-III,hv,max,20,1.0556913404821606,0.01843239379194023,1.0549816877447582,0.026815417147618703,1.0279794003564717,0.01917808013512663,1.0305080050219946,0.020122481428214156,2.695768039328341,0.02771194012568921,0.016766407963064053,0.03832030832738818,0.00013065338134765625,0.0049648284912109375,0.8571428571428571
small_all_algorithms_r20_g70\Montage\reports\Montage_25_extended_pairwise_metrics.csv,Montage_25,NSGA-III,igd,min,20,0.06810796881050026,0.008187100679683408,0.068709504159904,0.011301316162703787,0.062293584124351875,0.007432983835757912,0.06251671831797398,0.010987639660348214,-9.333841948380387,-0.005814384686148393,-0.011296922610382449,-0.00044370256715769356,0.9681386947631836,1.0,-0.4666666666666667
small_all_algorithms_r20_g70\Montage\reports\Montage_25_extended_pairwise_metrics.csv,Montage_25,NSGA-III,latency_best,min,20,12627.521158726415,242.5555708526069,12637.229874544775,308.638482994289,12649.303791814305,509.0518371824893,12659.264304567308,647.2117915256931,0.17220420543608694,21.78263308789037,-222.83636771853998,276.49702533287905,0.4927177429199219,1.0,0.009523809523809525
small_all_algorithms_r20_g70\Montage\reports\Montage_25_extended_pairwise_metrics.csv,Montage_25,NSGA-III,makespan_best,min,20,2796.514813716346,79.24670772541687,2793.2915424399034,55.30013011869005,2818.459166426232,126.94200202662768,2817.049380090144,144.96194899489274,0.7785939555658422,21.944352709886196,-44.36611557269364,81.83975124776933,0.19418811798095703,1.0,0.22857142857142856
small_all_algorithms_r20_g70\Montage\reports\Montage_25_extended_pairwise_metrics.csv,Montage_25,NSGA-III,spacing,min,20,0.0367475930050125,0.005106249687363575,0.03591162326139149,0.005331584786149056,0.04354382388836317,0.0073715836945680065,0.04261206938987201,0.009316075845367054,15.607795265695357,0.006796230883350661,0.002857068617351375,0.010782952544717034,0.0031948089599609375,0.10223388671875,0.6761904761904762
small_all_algorithms_r20_g70\Montage\reports\Montage_25_extended_pairwise_metrics.csv,Montage_25,NSGA-III,time,min,20,4.383636569991358,0.130305648034979,4.334730749978917,0.07640977496339474,3.9770744300127263,0.10084580918460385,3.965562350000255,0.0477477250242373,-10.222643481613968,-0.40656213997863233,-0.45310525547312863,-0.3698695071011753,1.0,1.0,-1.0
small_all_algorithms_r20_g70\Montage\reports\Montage_25_extended_pairwise_metrics.csv,Montage_25,OVEA-style,cost_best,min,20,741.497629076923,268.8525930030632,696.3649376923076,391.4447369230769,1577.6599414615384,150.33274017896792,1488.9784346153847,277.9659526923076,53.00016121408253,836.1623123846155,707.5191117230769,968.5500092884615,9.5367431640625e-07,5.7220458984375e-05,1.0
small_all_algorithms_r20_g70\Montage\reports\Montage_25_extended_pairwise_metrics.csv,Montage_25,OVEA-style,coverage,max,20,0.15166666666666667,0.18863157568400166,0.0,0.2708333333333333,0.016522748707648124,0.013568283764856857,0.016320116054158607,0.03208834412580944,817.9263653417577,0.13514391795901853,0.05691045963761886,0.21837097728091648,0.019303525921215037,0.4825881480303759,0.5882352941176471
small_all_algorithms_r20_g70\Montage\reports\Montage_25_extended_pairwise_metrics.csv,Montage_25,OVEA-style,energy_best,min,20,9476157.370769233,134796.95601946558,9467645.923076924,142802.30769230798,9920949.70169231,227336.46832404632,9968859.223076925,353974.5121153854,4.483364438862182,444792.3309230766,326542.6575663459,555751.8697211536,4.76837158203125e-06,0.00019550323486328125,0.9714285714285714
small_all_algorithms_r20_g70\Montage\reports\Montage_25_extended_pairwise_metrics.csv,Montage_25,OVEA-style,epsilon,min,20,0.09057881072164484,0.020591344073980774,0.08469917262178431,0.021362571262453403,0.1723365816204799,0.017367270367505398,0.17042992761001022,0.01916387271638001,47.44075235220939,0.08175777089883507,0.06916844280231677,0.09335271267719837,9.5367431640625e-07,5.7220458984375e-05,1.0
small_all_algorithms_r20_g70\Montage\reports\Montage_25_extended_pairwise_metrics.csv,Montage_25,OVEA-style,hv,max,20,1.0556913404821606,0.01843239379194023,1.0549816877447582,0.026815417147618703,0.8441944653976734,0.017806351392491114,0.8425490372894449,0.01591744828893238,25.053098990036343,0.21149687508448728,0.20056778655236776,0.22272943928762765,9.5367431640625e-07,5.7220458984375e-05,1.0
small_all_algorithms_r20_g70\Montage\reports\Montage_25_extended_pairwise_metrics.csv,Montage_25,OVEA-style,igd,min,20,0.06810796881050026,0.008187100679683408,0.068709504159904,0.011301316162703787,0.22530710663129536,0.013016532663799962,0.221177094571814,0.01967707089781634,69.7710516863741,0.1571991378207951,0.15048363300039622,0.16373956985799565,9.5367431640625e-07,5.7220458984375e-05,1.0
small_all_algorithms_r20_g70\Montage\reports\Montage_25_extended_pairwise_metrics.csv,Montage_25,OVEA-style,latency_best,min,20,12627.521158726415,242.5555708526069,12637.229874544775,308.638482994289,15964.304904272834,456.4237838592839,16118.26609145282,684.8782611823917,20.90152853854183,3336.7837455464214,3085.2057530385,3564.2035287750214,9.5367431640625e-07,5.7220458984375e-05,1.0
small_all_algorithms_r20_g70\Montage\reports\Montage_25_extended_pairwise_metrics.csv,Montage_25,OVEA-style,makespan_best,min,20,2796.514813716346,79.24670772541687,2793.2915424399034,55.30013011869005,3455.9901040896934,29.601862174937406,3467.6336059570312,23.637060384615324,19.08209429167486,659.4752903733477,624.6688248524941,694.5448518775356,9.5367431640625e-07,5.7220458984375e-05,1.0
small_all_algorithms_r20_g70\Montage\reports\Montage_25_extended_pairwise_metrics.csv,Montage_25,OVEA-style,spacing,min,20,0.0367475930050125,0.005106249687363575,0.03591162326139149,0.005331584786149056,0.18553947963749912,0.12827410480717188,0.21857856980478063,0.24431396023339225,80.19419205184323,0.14879188663248663,0.09214014376528348,0.20137572405255866,0.0005083084106445312,0.017282485961914062,0.7904761904761904
small_all_algorithms_r20_g70\Montage\reports\Montage_25_extended_pairwise_metrics.csv,Montage_25,OVEA-style,time,min,20,4.383636569991358,0.130305648034979,4.334730749978917,0.07640977496339474,3.2578439349948893,0.11607400254412616,3.234585199999856,0.08896172494860366,-34.55637094532077,-1.125792634996469,-1.2007296556015352,-1.0518164462577988,1.0,1.0,-1.0
small_all_algorithms_r20_g70\Montage\reports\Montage_25_extended_pairwise_metrics.csv,Montage_25,QL-NSGA-III,cost_best,min,20,741.497629076923,268.8525930030632,696.3649376923076,391.4447369230769,974.7044350000002,229.7749563046605,944.0478223076922,312.89327653846146,23.925899744477636,233.20680592307698,87.00349019423086,381.5483666019232,0.004717826843261719,0.14153480529785156,0.6476190476190476
small_all_algorithms_r20_g70\Montage\reports\Montage_25_extended_pairwise_metrics.csv,Montage_25,QL-NSGA-III,coverage,max,20,0.0803675025276521,0.041891899494535575,0.07777777777777778,0.06111865662427459,0.04593895553619742,0.03877495227789384,0.039348884901307356,0.03888888888888889,74.94412223701262,0.03442854699145469,0.0053642379941077605,0.06278080021571995,0.01811695098876953,0.4710407257080078,0.5333333333333333
small_all_algorithms_r20_g70\Montage\reports\Montage_25_extended_pairwise_metrics.csv,Montage_25,QL-NSGA-III,energy_best,min,20,9476157.370769233,134796.95601946558,9467645.923076924,142802.30769230798,9488859.258500002,168721.88684588697,9490604.496153846,256119.23076923005,0.13386106153267707,12701.887730769162,-70011.83293557672,96402.15465288394,0.43474388122558594,1.0,0.047619047619047616
small_all_algorithms_r20_g70\Montage\reports\Montage_25_extended_pairwise_metrics.csv,Montage_25,QL-NSGA-III,epsilon,min,20,0.09057881072164484,0.020591344073980774,0.08469917262178431,0.021362571262453403,0.0982394699958671,0.019951521056433167,0.09475768801369142,0.026057290245955683,7.797944425539502,0.00766065927422227,-0.005200142582919398,0.020114902894046317,0.13867759704589844,1.0,0.2857142857142857
small_all_algorithms_r20_g70\Montage\reports\Montage_25_extended_pairwise_metrics.csv,Montage_25,QL-NSGA-III,hv,max,20,1.0556913404821606,0.01843239379194023,1.0549816877447582,0.026815417147618703,1.0359876741957277,0.014600628388392005,1.0372730731225588,0.023047001887925633,1.90192091828984,0.01970366628643322,0.010696365799222096,0.029062874665435712,0.00016117095947265625,0.005802154541015625,0.8476190476190476
small_all_algorithms_r20_g70\Montage\reports\Montage_25_extended_pairwise_metrics.csv,Montage_25,QL-NSGA-III,igd,min,20,0.06810796881050026,0.008187100679683408,0.068709504159904,0.011301316162703787,0.05971298614195121,0.005340537786209496,0.05928942775103148,0.008823348898138038,-14.058889382273199,-0.008394982668549064,-0.01278192331587205,-0.0040654247215156985,0.9968051910400391,1.0,-0.6666666666666666
small_all_algorithms_r20_g70\Montage\reports\Montage_25_extended_pairwise_metrics.csv,Montage_25,QL-NSGA-III,latency_best,min,20,12627.521158726415,242.5555708526069,12637.229874544775,308.638482994289,12687.249671961239,360.00855827447543,12629.205489954931,446.12824526592885,0.47077589532130043,59.72851323482537,-114.59717460560077,240.5153811370562,0.2729377746582031,1.0,0.1619047619047619
small_all_algorithms_r20_g70\Montage\reports\Montage_25_extended_pairwise_metrics.csv,Montage_25,QL-NSGA-III,makespan_best,min,20,2796.514813716346,79.24670772541687,2793.2915424399034,55.30013011869005,2857.417734952073,115.53686368884945,2832.735819364483,151.0762790902936,2.1313971874241315,60.90292123572756,15.814395611966964,105.7441668461351,0.005344390869140625,0.15498733520507812,0.638095238095238
small_all_algorithms_r20_g70\Montage\reports\Montage_25_extended_pairwise_metrics.csv,Montage_25,QL-NSGA-III,spacing,min,20,0.0367475930050125,0.005106249687363575,0.03591162326139149,0.005331584786149056,0.04322182803350987,0.008756853580030293,0.04001879187237596,0.01386878268849618,14.979086547375783,0.006474235028497363,0.0021487625612325945,0.010985109473139017,0.0133209228515625,0.3596649169921875,0.5619047619047619
small_all_algorithms_r20_g70\Montage\reports\Montage_25_extended_pairwise_metrics.csv,Montage_25,QL-NSGA-III,time,min,20,4.383636569991358,0.130305648034979,4.334730749978917,0.07640977496339474,4.075530594988959,0.08604664824006188,4.046997450001072,0.0878912749903975,-7.559898467729054,-0.30810597500239967,-0.37711404814028354,-0.2442154924930219,1.0,1.0,-1.0
small_all_algorithms_r20_g70\Montage\reports\Montage_25_extended_pairwise_metrics.csv,Montage_25,QMOEA/D-AWA-style,cost_best,min,20,741.497629076923,268.8525930030632,696.3649376923076,391.4447369230769,5348.154146846153,473.3019075648156,5239.767316153845,600.5035665384603,86.13544769433787,4606.65651776923,4382.304538078845,4834.435684267306,9.5367431640625e-07,5.7220458984375e-05,1.0
small_all_algorithms_r20_g70\Montage\reports\Montage_25_extended_pairwise_metrics.csv,Montage_25,QMOEA/D-AWA-style,coverage,max,20,0.16666666666666666,0.24182541670333724,0.0,0.375,0.0,0.0,0.0,0.0,nan,0.16666666666666666,0.06666666666666667,0.275,0.0078820576498062,0.2206976141945736,1.0
small_all_algorithms_r20_g70\Montage\reports\Montage_25_extended_pairwise_metrics.csv,Montage_25,QMOEA/D-AWA-style,energy_best,min,20,9476157.370769233,134796.95601946558,9467645.923076924,142802.30769230798,9197594.0,0.0,9197594.0,0.0,-3.028654784819079,-278563.3707692319,-337265.653038463,-222341.83208653977,1.0,1.0,-1.0
small_all_algorithms_r20_g70\Montage\reports\Montage_25_extended_pairwise_metrics.csv,Montage_25,QMOEA/D-AWA-style,epsilon,min,20,0.09057881072164484,0.020591344073980774,0.08469917262178431,0.021362571262453403,0.6145960590985116,0.05810202517011744,0.6012906101570634,0.07371716187935484,85.2620580004197,0.5240172483768667,0.5009611412752257,0.5479816085231218,9.5367431640625e-07,5.7220458984375e-05,1.0
small_all_algorithms_r20_g70\Montage\reports\Montage_25_extended_pairwise_metrics.csv,Montage_25,QMOEA/D-AWA-style,hv,max,20,1.0556913404821606,0.01843239379194023,1.0549816877447582,0.026815417147618703,0.5344441546914815,0.05075648452839691,0.5503039771090098,0.06362579076446451,97.53071134094064,0.5212471857906792,0.49961631817691976,0.5433313251964355,9.5367431640625e-07,5.7220458984375e-05,1.0
small_all_algorithms_r20_g70\Montage\reports\Montage_25_extended_pairwise_metrics.csv,Montage_25,QMOEA/D-AWA-style,igd,min,20,0.06810796881050026,0.008187100679683408,0.068709504159904,0.011301316162703787,0.3618638154589786,0.05495901280262527,0.34468199536207944,0.07294300393878395,81.17856334319752,0.29375584664847837,0.2697500761397692,0.3182610192152518,9.5367431640625e-07,5.7220458984375e-05,1.0
small_all_algorithms_r20_g70\Montage\reports\Montage_25_extended_pairwise_metrics.csv,Montage_25,QMOEA/D-AWA-style,latency_best,min,20,12627.521158726415,242.5555708526069,12637.229874544775,308.638482994289,15342.606364918422,449.39713888090563,15326.571174615385,532.2287664558262,17.69637531990767,2715.0852061920064,2472.1155496105093,2955.361753674665,9.5367431640625e-07,5.7220458984375e-05,1.0
small_all_algorithms_r20_g70\Montage\reports\Montage_25_extended_pairwise_metrics.csv,Montage_25,QMOEA/D-AWA-style,makespan_best,min,20,2796.514813716346,79.24670772541687,2793.2915424399034,55.30013011869005,3461.8141120369596,209.70749012241387,3441.660321923078,214.63778458759043,19.218227114140053,665.2992983206143,569.1796155029799,774.1957201958287,9.5367431640625e-07,5.7220458984375e-05,1.0
small_all_algorithms_r20_g70\Montage\reports\Montage_25_extended_pairwise_metrics.csv,Montage_25,QMOEA/D-AWA-style,spacing,min,20,0.0367475930050125,0.005106249687363575,0.03591162326139149,0.005331584786149056,0.02987569025159134,0.05064102216973016,0.0,0.04129262942555624,-23.001653503403567,-0.006871902753421167,-0.02727974931591768,0.017078330634315693,0.8528738021850586,1.0,-0.26666666666666666
small_all_algorithms_r20_g70\Montage\reports\Montage_25_extended_pairwise_metrics.csv,Montage_25,QMOEA/D-AWA-style,time,min,20,4.383636569991358,0.130305648034979,4.334730749978917,0.07640977496339474,4.055994400000782,0.18847751728356973,4.004380400001537,0.18232547499064822,-8.077973923990454,-0.3276421699905768,-0.42002588074319647,-0.2261273109848844,0.9999904632568359,1.0,-0.9428571428571428
