benchmark,algorithm,source_run,point,makespan,latency,cost,energy
CyberShake_30,ADARE,1,1,10853.291500000001,53990.4254378756,20704.028056923078,44571630.45384616
CyberShake_30,ADARE,1,2,11232.347154203726,61890.478755483775,19940.866133846157,44875276.607692316
CyberShake_30,ADARE,1,3,11330.87958,63932.559963440515,20644.78959538462,44560891.03076924
CyberShake_30,ADARE,1,4,11567.608291430288,62452.23832811298,18297.42805692308,41116035.453846164
CyberShake_30,ADARE,1,5,11618.628216153846,53887.54140173076,19207.609595384612,42808906.03076923
CyberShake_30,ADARE,1,6,12186.58844433594,54861.78516652043,19185.346133846153,42819204.10769231
CyberShake_30,ADARE,1,7,12665.744239257814,74101.89731634612,17923.460749230773,41246388.33846154
CyberShake_30,ADARE,1,8,12770.284432992788,77635.5327521965,17409.833056923082,41559352.95384616
CyberShake_30,ADARE,1,9,12802.607578461537,64614.13939069411,16145.844210769232,36755890.26153846
CyberShake_30,ADARE,1,10,13018.20565625,68862.78875921876,15927.623056923077,43132507.95384616
CyberShake_30,ADARE,1,11,13031.340969032452,65555.26872458534,14699.813056923078,35985292.95384616
CyberShake_30,ADARE,1,12,13031.340969032452,65778.65258588342,14687.178441538463,35958381.223076925
CyberShake_30,ADARE,1,13,13033.309719032452,72308.95532084134,14679.156903076924,35958950.646153845
CyberShake_30,ADARE,1,14,13069.879430570913,62179.29600097657,15851.09998,38290859.3
CyberShake_30,ADARE,1,15,13069.879430570913,64508.15409897236,15827.561518461538,38240722.37692308
CyberShake_30,ADARE,1,16,13306.86729,76155.51050095554,16151.319210769228,35181970.26153847
CyberShake_30,ADARE,1,17,13319.619858437498,64662.02510040263,14820.503056923078,35207490.45384616
CyberShake_30,ADARE,1,18,13415.124897460937,72728.10690322716,14286.07728769231,43302206.41538462
CyberShake_30,ADARE,1,19,13437.819608999398,66456.72163069711,13642.589980000004,41393091.8
CyberShake_30,ADARE,1,20,13733.938893846154,59154.57747898737,15661.35344153846,42511708.72307693
CyberShake_30,ADARE,1,21,13812.309155384617,69416.40275113282,12877.903826153846,36412519.49230769
CyberShake_30,ADARE,1,22,13812.309155384617,74068.09334273738,12808.619980000001,36433349.300000004
CyberShake_30,ADARE,1,23,13841.94857846154,72777.70645788462,12173.980364615385,36726905.06923077
CyberShake_30,ADARE,1,24,13863.859325411659,69369.3340319441,17076.668056923074,34608562.95384616
CyberShake_30,ADARE,1,25,13864.61653695012,66619.25446117489,16217.108056923074,34832505.45384616
CyberShake_30,ADARE,1,26,13908.885112872596,74095.45036656849,17061.956518461535,34577227.37692308
CyberShake_30,ADARE,1,27,13964.578026559497,74103.68210945313,11019.623056923081,37126245.45384615
CyberShake_30,ADARE,1,28,14163.484966153845,76830.1866794171,12229.408826153849,36577421.992307685
CyberShake_30,ADARE,1,29,14205.167658461536,78255.06852240989,11006.988441538466,37099333.72307692
CyberShake_30,ADARE,1,30,14218.835863846152,79545.16324378605,12342.079595384621,35035583.53076922
CyberShake_30,ADARE,1,31,14307.105094615383,84685.96906679988,13630.408826153849,34332866.99230769
CyberShake_30,ADARE,1,32,14354.401515625,62579.137426066714,15086.435749230768,44992030.83846153
CyberShake_30,ADARE,1,33,14411.392506234979,62684.20835351561,14554.533441538459,45703378.723076925
CyberShake_30,ADARE,1,34,14430.029170606971,81376.37515523136,11277.314980000003,35414571.800000004
CyberShake_30,ADARE,1,35,14516.02300353065,60995.916341105774,15072.335749230768,45036693.33846153
CyberShake_30,ADARE,1,36,14565.495189999998,72867.65002954626,11678.71728769231,35240118.91538461
CyberShake_30,ADARE,1,37,14565.495189999998,73576.09712675482,11644.78728769231,35220813.91538461
CyberShake_30,ADARE,1,38,14593.816103846153,89678.96408311298,12446.015749230774,34873983.33846154
CyberShake_30,ADARE,1,39,14666.744062307693,69833.4734336088,14671.351133846156,33833874.1076923
CyberShake_30,ADARE,1,40,14707.288135742187,84179.39836590146,12156.861903076924,35106898.146153845
CyberShake_30,ADARE,1,41,14708.171141538462,68618.94025910759,12841.917672307694,34702074.68461538
CyberShake_30,ADARE,1,42,14726.326597280648,84078.771731866,11052.659980000002,35420219.3
CyberShake_30,ADARE,1,43,14747.221622307692,66395.89093503308,17724.378441538454,34978438.72307692
CyberShake_30,ADARE,1,44,14956.022543076922,86551.51057372295,16493.76770769231,33054623.115384605
CyberShake_30,ADARE,1,45,15000.734081538461,93989.81162064604,17328.33886153846,32669485.423076916
CyberShake_30,ADARE,1,46,15098.884604615387,87163.3399520343,14119.341903076924,34154720.64615384
CyberShake_30,ADARE,1,47,15181.384604615387,95936.98138423078,14058.36921076923,34064912.76153846
CyberShake_30,ADARE,1,48,15196.573135634015,78325.50409449518,10860.506518461536,35505959.87692309
CyberShake_30,ADARE,1,49,15212.272654864784,80302.84028204627,10773.529595384616,37079438.53076923
CyberShake_30,ADARE,1,50,15498.998602322716,82106.91789416468,10149.673826153848,35903411.9923077
CyberShake_30,ADARE,1,51,15647.633476977162,74898.75573515624,13374.471903076925,34436893.14615385
CyberShake_30,ADARE,1,52,15648.898813317306,80923.29868131311,9914.28921076923,37744765.26153847
CyberShake_30,ADARE,1,53,15717.788842388823,65753.87541680889,12857.759979999999,39394101.8
CyberShake_30,ADARE,1,54,15719.757592388823,70266.37688288762,12262.064980000001,38700426.800000004
CyberShake_30,ADARE,1,55,15782.270877521034,78824.84891313704,13818.612672307694,34204082.18461538
CyberShake_30,ADARE,1,56,16074.050523061898,84633.30050823919,8227.81151846154,38893694.87692307
CyberShake_30,ADARE,1,57,16177.82562748197,78422.2906795643,12055.427287692306,35148881.41538462
CyberShake_30,ADARE,1,58,16384.57140099159,89539.53539142729,8187.548056923077,38865652.95384615
CyberShake_30,ADARE,1,59,16463.575627481972,98563.28955088639,10107.78228769231,35969006.41538462
CyberShake_30,ADARE,1,60,16584.12944404447,67087.93239958832,10709.540749230768,37208650.83846154
CyberShake_30,ADARE,1,61,16651.93288634315,63341.90429223557,14191.810364615383,42981905.06923076
CyberShake_30,ADARE,1,62,16688.30568359375,92835.66604458235,8845.675364615385,36701772.56923077
CyberShake_30,ADARE,1,63,16905.977468924277,103433.28240444712,6935.1669030769235,37393888.146153845
CyberShake_30,ADARE,1,64,16935.941596616583,91837.39319066709,8021.84998,38454996.79999999
CyberShake_30,ADARE,1,65,17157.33266913762,90961.41209023737,8324.601903076922,36821645.64615385
CyberShake_30,ADARE,1,66,17157.33266913762,90977.96257100659,8298.121133846153,36765241.607692316
CyberShake_30,ADARE,1,67,17230.36611538462,90880.84758794174,16198.596903076925,33237373.14615384
CyberShake_30,ADARE,1,68,17305.073577716346,111412.75174917368,14586.50998,33841259.3
CyberShake_30,ADARE,1,69,17419.835662301684,93319.2922113011,9893.397672307696,36055607.18461538
CyberShake_30,ADARE,1,70,17529.05315388822,80281.59115416167,10655.281133846158,37449579.107692294
CyberShake_30,ADARE,1,71,17699.86935333233,75520.4222713041,10189.495364615384,35984157.569230765
CyberShake_30,ADARE,1,72,17714.897632770433,121875.12756675482,10001.755364615385,36028370.069230765
CyberShake_30,ADARE,1,73,17765.823650769227,91651.39617456129,13071.43498,34447386.80000002
CyberShake_30,ADARE,1,74,17902.09887823918,116426.52605554386,12325.50344153846,34835946.223076925
CyberShake_30,ADARE,1,75,18028.079222496992,90831.89473772835,11037.476518461537,35501279.876923084
CyberShake_30,ADARE,1,76,18263.674717385817,89307.29117410758,7875.342672307691,37123682.18461538
CyberShake_30,ADARE,1,77,18306.705967385817,97344.09971560998,6884.144980000001,37351079.3
CyberShake_30,ADARE,1,78,18473.533332674284,128684.73435520737,5660.169210769231,38021785.26153847
CyberShake_30,ADARE,1,79,18495.82673888221,97761.92927192911,6375.13151846154,37614794.87692308
CyberShake_30,ADARE,1,80,18966.83382286659,85373.43032974761,6639.99574923077,37678495.83846153
CyberShake_30,ADARE,1,81,19003.113065621994,106379.93627894833,14748.249210769232,33702280.26153846
CyberShake_30,ADARE,1,82,19040.340453725963,107819.98513041169,9953.686133846159,35912401.607692294
CyberShake_30,ADARE,1,83,19040.340453725963,124017.37542143028,10582.039246153852,35621753.69230768
CyberShake_30,ADARE,1,84,19319.14985314002,96775.56842351262,5418.6634415384615,39690523.72307693
CyberShake_30,ADARE,1,85,19335.08735314002,93089.52317464846,6557.740364615384,39094985.06923077
CyberShake_30,ADARE,1,86,19525.5042574369,134538.49214402045,7879.596903076924,37077740.646153845
CyberShake_30,ADARE,1,87,20161.301396484374,103569.83354661358,4766.106903076923,38393608.14615385
CyberShake_30,ADARE,1,88,20172.191773873194,84791.04185035457,14970.604595384613,33731798.53076923
CyberShake_30,ADARE,1,89,20221.61120567909,115859.59580974764,4848.188056923076,38377627.95384614
CyberShake_30,ADARE,1,90,20292.1012496244,151607.82719899042,9328.772287692309,36344148.91538461
CyberShake_30,ADARE,1,91,20357.617355621995,96194.43739277043,7142.346903076924,37374785.64615384
CyberShake_30,ADARE,1,92,20379.866724233772,132585.78523120793,2445.6622876923075,39512261.41538461
CyberShake_30,ADARE,1,93,20569.33400892428,98102.88844903246,8918.12074923077,36368523.33846154
CyberShake_30,ADARE,1,94,20669.404629591343,77013.86967122299,10146.86767230769,36010157.184615396
CyberShake_30,ADARE,1,95,20693.53128912259,103705.48031560093,12811.423826153847,34748486.99230769
CyberShake_30,ADARE,1,96,20938.77659443509,81867.88252866585,14102.954980000002,34001661.79999999
CyberShake_30,ADARE,1,97,21024.86200646034,129677.07716179392,10139.27305692308,35835082.95384614
CyberShake_30,ADARE,1,98,21281.841822265626,121861.484627497,4639.0822876923085,40970981.41538462
CyberShake_30,ADARE,1,99,21572.761760769226,84857.69276546873,16327.846133846158,32964001.6076923
CyberShake_30,ADARE,1,100,22095.916610462744,108281.67953598857,11655.967707692313,35163143.115384616
CyberShake_30,ADARE,1,101,22231.62886290565,120853.8648871785,7950.783441538462,37035838.72307692
CyberShake_30,ADARE,1,102,22686.85963341346,142660.05036597358,2414.3572876923076,39515523.91538461
CyberShake_30,ADARE,1,103,22695.85963341346,117812.26349378008,3717.9669030769223,40536868.146153845
CyberShake_30,ADARE,1,104,22695.85963341346,131101.6799789033,3039.062287692307,40850898.91538461
CyberShake_30,ADARE,1,105,23032.293745718147,77606.32909968754,7520.906518461538,37125194.87692307
CyberShake_30,ADARE,1,106,23240.039150015025,94796.90387202523,5120.978056923077,38290485.45384616
CyberShake_30,ADARE,1,107,23240.039150015025,100027.69090662859,7481.428826153845,37198646.992307685
CyberShake_30,ADARE,1,108,23858.87554296875,130607.90337019233,6061.640749230771,37827108.33846154
CyberShake_30,ADARE,1,109,24244.0692743089,82215.15834732578,9777.190364615388,36262370.06923076
CyberShake_30,ADARE,1,110,24944.008149038462,77206.86776816408,5571.05074923077,39507858.33846153
CyberShake_30,ADARE,1,111,25273.372314077522,101358.99534516528,7918.684595384616,36863573.53076924
CyberShake_30,ADARE,1,112,25574.39474571815,153590.82471041166,1482.9772876923078,39940953.91538462
CyberShake_30,ADARE,1,113,26401.304649038462,104563.9541083714,3618.2676723076925,38849612.18461539
CyberShake_30,ADARE,1,114,27081.84930198317,82235.28494441407,5469.516903076924,38305610.64615384
CyberShake_30,ADARE,1,115,27081.84930198317,84866.39280783656,8013.13151846154,37029434.87692307
CyberShake_30,ADARE,1,116,28994.4168355619,105366.50526454629,2583.621903076924,39368128.146153845
CyberShake_30,NSGA-III,2,1,10830.683326923077,55478.9391067458,23196.80190307692,45975343.146153845
CyberShake_30,NSGA-III,2,2,11512.843070769231,66573.18161629209,19257.026169230765,43855327.538461536
CyberShake_30,NSGA-III,2,3,11512.843070769231,66575.23690475362,19253.737707692304,43848323.115384616
CyberShake_30,NSGA-III,2,4,12135.868124615383,56986.43679728666,19751.937323076916,39919149.84615384
CyberShake_30,NSGA-III,2,5,12180.868124615383,55421.938276646644,20726.74786153846,40964698.39307691
CyberShake_30,NSGA-III,2,6,12180.868124615383,66781.72104979871,19125.923056923068,40112242.95384614
CyberShake_30,NSGA-III,2,7,12224.137355384613,62509.559798335344,16810.743441538456,38852533.72307692
CyberShake_30,NSGA-III,2,8,12425.299374999999,52999.10520620493,17833.25305692308,43661797.95384616
CyberShake_30,NSGA-III,2,9,12787.24700153846,55137.197570904464,15758.98578461539,36883231.76923076
CyberShake_30,NSGA-III,2,10,12787.24700153846,57111.47244184196,13708.83078461539,35716764.26923076
CyberShake_30,NSGA-III,2,11,13247.545936153845,54079.259201382214,19974.398861538455,35843357.92307691
CyberShake_30,NSGA-III,2,12,13821.526069335936,66652.16894985278,13378.12324615385,36858694.162307695
CyberShake_30,NSGA-III,2,13,13916.582718302283,73640.60313298376,12314.903056923076,39893340.45384615
CyberShake_30,NSGA-III,2,14,14048.280453846151,71184.4686003245,14121.44651846154,35475202.37692308
CyberShake_30,NSGA-III,2,15,14073.491114615385,64416.256803527634,13715.21501538462,34488380.230769224
CyberShake_30,NSGA-III,2,16,14073.491114615385,72087.68571121394,13049.886903076926,34757990.64615384
CyberShake_30,NSGA-III,2,17,14361.816489257812,86990.27609710637,11344.52593846154,37832549.54692308
CyberShake_30,NSGA-III,2,18,14496.029916583535,65697.69173429687,12533.8554,36511533.50000001
CyberShake_30,NSGA-III,2,19,14496.029916583535,67824.64797089543,10945.206553846156,35590625.80769231
CyberShake_30,NSGA-III,2,20,14498.698686153844,90383.49100724458,14898.241133846153,33811936.6076923
CyberShake_30,NSGA-III,2,21,14522.237147692305,82178.02981987677,14921.028441538461,33801396.22307692
CyberShake_30,NSGA-III,2,22,14522.237147692305,92923.29935222055,14862.619595384616,33828413.53076922
CyberShake_30,NSGA-III,2,23,14524.205897692305,93770.27982171872,16267.544630769235,33136379.461538453
CyberShake_30,NSGA-III,2,24,14920.946129999998,66143.04802410156,13005.305749230765,34616178.33846155
CyberShake_30,NSGA-III,2,25,15406.367065384613,64085.946329230756,19937.26924615384,35714701.19230768
CyberShake_30,NSGA-III,2,26,15529.381548461539,79552.14931887019,17195.48270769231,32825168.115384616
CyberShake_30,NSGA-III,2,27,15586.772509230774,71167.89759994294,12304.398441538458,34915258.723076925
CyberShake_30,NSGA-III,2,28,15661.596635594951,81512.63615050181,10482.51193846154,35845031.57692308
CyberShake_30,NSGA-III,2,29,15719.642176153844,76878.68421557092,14507.095015384617,33969530.230769224
CyberShake_30,NSGA-III,2,30,16009.774543076921,77375.85130093148,13011.14847692308,34538989.65384616
CyberShake_30,NSGA-III,2,31,16208.567655489784,93127.9435857151,8460.145364615384,36823115.06923077
CyberShake_30,NSGA-III,2,32,16386.30968123197,82994.89039547779,11629.01074923077,35220483.33846153
CyberShake_30,NSGA-III,2,33,16598.11818359375,72955.11249800479,7880.853092307692,40097436.38461539
CyberShake_30,NSGA-III,2,34,16598.11818359375,74269.70975554084,7845.2315538461535,40113913.30769231
CyberShake_30,NSGA-III,2,35,16807.568077115386,87389.11683212742,14258.606518461538,34113187.37692308
CyberShake_30,NSGA-III,2,36,16953.109833846152,81982.26479348558,17231.10424615385,32808691.192307692
CyberShake_30,NSGA-III,2,37,17003.859046090744,88617.35246916168,9671.36270769231,36187028.115384616
CyberShake_30,NSGA-III,2,38,17018.570584552283,72391.32777712742,11442.96921076923,35277820.261538476
CyberShake_30,NSGA-III,2,39,17214.026580153248,107229.14263594055,7805.826903076924,40751810.64615384
CyberShake_30,NSGA-III,2,40,17217.00817846154,88115.37639251802,14014.398441538457,34177686.22307693
CyberShake_30,NSGA-III,2,41,17248.146905847356,84762.28643728666,8160.799246153845,38276303.69230769
CyberShake_30,NSGA-III,2,42,17363.327641601565,103346.19102746996,10117.602672307692,36028629.68461537
CyberShake_30,NSGA-III,2,43,17816.49032738582,92387.92694727468,9412.209210769233,36415937.76153846
CyberShake_30,NSGA-III,2,44,17831.20186584736,85161.63482294173,8881.003476923077,36618124.65384615
CyberShake_30,NSGA-III,2,45,18261.805824786657,89752.23476483775,10309.593092307694,35863093.884615384
CyberShake_30,NSGA-III,2,46,18261.805824786657,100897.81538977765,13998.896169230773,34148062.53846154
CyberShake_30,NSGA-III,2,47,18317.346960000003,95224.71096758117,13313.49113384615,34476766.60769231
CyberShake_30,NSGA-III,2,48,18360.81095138822,87233.46837426683,11281.182323076924,35405154.84615385
CyberShake_30,NSGA-III,2,49,18433.312780769233,104976.95501,18124.99232307692,32309514.84615384
CyberShake_30,NSGA-III,2,50,18908.02196230769,75856.00839536957,16409.630400000005,33111040.999999993
CyberShake_30,NSGA-III,2,51,19012.0230576923,80128.60508221452,16415.943092307698,33074916.384615377
CyberShake_30,NSGA-III,2,52,19050.076513671873,106459.68057416168,8077.3969384615375,38245331.57692308
CyberShake_30,NSGA-III,2,53,19373.516710591943,72343.6609882031,14362.493056923076,33991545.45384615
CyberShake_30,NSGA-III,2,54,19453.53748046875,131153.50632858774,8290.183826153845,36868526.992307685
CyberShake_30,NSGA-III,2,55,20525.862870769226,109099.15114491284,17126.63847692308,32743039.653846152
CyberShake_30,NSGA-III,2,56,20705.818481445316,136820.64986413164,7158.876903076924,37384190.646153845
CyberShake_30,NSGA-III,2,57,20927.23813289663,76896.9013266286,15021.967707692309,33674835.61538461
CyberShake_30,NSGA-III,2,58,21538.60282714844,112490.44446451025,6119.212707692308,37917143.115384616
CyberShake_30,NSGA-III,2,59,21551.346405201322,134166.74380126805,9819.08421076923,36145172.76153846
CyberShake_30,NSGA-III,2,60,21653.35282714844,123612.52712433296,8753.111169230771,36596962.538461536
CyberShake_30,NSGA-III,2,61,22387.598603515624,114520.21349610276,6090.0034415384625,37919436.223076925
CyberShake_30,NSGA-III,2,62,22416.263580006005,89237.44648267125,12842.754210769232,34788737.76153846
CyberShake_30,NSGA-III,2,63,22451.348603515624,123087.22790910456,3329.858056923077,39196155.453846164
CyberShake_30,NSGA-III,2,64,22533.86134765625,91403.30104553187,6006.6954,37911753.50000001
CyberShake_30,NSGA-III,2,65,22893.855595249395,85496.42771023439,7834.514400000002,40698156.46999999
CyberShake_30,NSGA-III,2,66,23260.15603969351,140547.77133610877,12950.013092307698,34674958.88461538
CyberShake_30,NSGA-III,2,67,23293.249799804686,92272.62288975963,8562.522323076922,36734927.34615384
CyberShake_30,NSGA-III,2,68,24285.604019906852,154618.38835475658,5686.083441538462,38065438.72307692
CyberShake_30,NSGA-III,2,69,24602.022372671276,91366.91564881013,7128.658246153847,40991449.16230769
CyberShake_30,NSGA-III,2,70,24990.983188476563,92593.81395112081,8030.311938461537,36950591.57692307
CyberShake_30,NSGA-III,2,71,25077.798948710933,86266.567623128,10239.947287692308,35938833.915384606
CyberShake_30,NSGA-III,2,72,25077.798948710933,86647.29277429388,5823.331133846154,38001954.10769231
CyberShake_30,NSGA-III,2,73,28693.309018554686,84052.36336024039,6661.178861538461,37678120.42307692
CyberShake_30,NSGA-II,5,1,10806.649,56211.89688247295,21546.60655384615,42763963.307692304
CyberShake_30,NSGA-II,5,2,10937.24108653846,54953.73027119591,23979.19324615385,48457376.662307695
CyberShake_30,NSGA-II,5,3,10938.452625,54930.19180965745,24014.814784615384,48440899.739230774
CyberShake_30,NSGA-II,5,4,10971.403211538462,51941.01455996394,22077.520015384616,46186602.73076924
CyberShake_30,NSGA-II,5,5,11504.298056265023,55523.03256561598,18723.49116923077,42522652.53846153
CyberShake_30,NSGA-II,5,6,11506.331745384616,55464.867703810094,21411.34693846154,44767654.07692309
CyberShake_30,NSGA-II,5,7,11662.407665940504,54686.93980696515,21954.076133846156,45655441.6076923
CyberShake_30,NSGA-II,5,8,11962.20267,63778.4136261298,21997.165015384617,41827745.23076923
CyberShake_30,NSGA-II,5,9,12160.445047692307,67947.23227283053,18423.0654,41541183.50000001
CyberShake_30,NSGA-II,5,10,12278.08673009315,55481.99225549578,18208.753826153843,46062814.49230769
CyberShake_30,NSGA-II,5,11,12557.462989257814,60258.234929438106,19070.37886153846,42230725.42307693
CyberShake_30,NSGA-II,5,12,12598.150489257814,61456.77861463942,20570.031553846155,42208325.807692304
CyberShake_30,NSGA-II,5,13,12653.828795898438,57465.136953272224,18670.876133846155,43836586.6076923
CyberShake_30,NSGA-II,5,14,12661.09279695012,76871.09418226861,16934.62209230769,41013661.85461538
CyberShake_30,NSGA-II,5,15,12699.400489257814,59312.75159223257,17795.51132307692,44577575.31615385
CyberShake_30,NSGA-II,5,16,12909.73520076923,63237.54180056191,20248.75578461538,41358999.269230776
CyberShake_30,NSGA-II,5,17,13143.8189453125,64985.471427013224,18156.938630769226,44341742.43153846
CyberShake_30,NSGA-II,5,18,13199.3189453125,68743.2811827524,18124.748630769227,44323427.43153846
CyberShake_30,NSGA-II,5,19,13383.60200923077,51747.88786106972,20741.68498,44877284.3
CyberShake_30,NSGA-II,5,20,13383.60200923077,59043.88519740084,17288.31344153846,42910543.72307692
CyberShake_30,NSGA-II,5,21,13624.756437692307,66263.74030623797,21006.14386153846,39482597.92307692
CyberShake_30,NSGA-II,5,22,13624.756437692307,73184.53367889725,19737.100015384614,40000947.73076924
CyberShake_30,NSGA-II,5,23,13888.626393846154,72498.92656929386,17497.87693846154,42347846.57692308
CyberShake_30,NSGA-II,5,24,13960.05403695012,69720.60970067608,12690.149630769234,36766349.461538464
CyberShake_30,NSGA-II,5,25,14171.294061523437,63123.52822264422,16590.14132307692,45135125.31615385
CyberShake_30,NSGA-II,5,26,14215.374325384615,75452.97179618687,17539.173092307687,35529868.88461539
CyberShake_30,NSGA-II,5,27,14325.591266923075,64101.29169202223,15979.038092307694,40539403.88461538
CyberShake_30,NSGA-II,5,28,14368.285239257812,61746.72028990685,16226.500364615384,43496817.56923077
CyberShake_30,NSGA-II,5,29,14562.79540775541,66121.17761426681,13950.458056923075,36890107.95384616
CyberShake_30,NSGA-II,5,30,14860.951636721755,83518.73946512019,11740.327707692311,37206143.115384616
CyberShake_30,NSGA-II,5,31,14977.522530000002,76957.28998777644,13240.550749230768,34521723.33846155
CyberShake_30,NSGA-II,5,32,15181.292724615383,84379.12872029745,18036.111553846153,33675223.307692304
CyberShake_30,NSGA-II,5,33,15592.307286923076,72431.76482709435,16109.164246153847,34815128.69230769
CyberShake_30,NSGA-II,5,34,15778.447749230765,89501.32815399038,16879.52386153846,34191362.92307693
CyberShake_30,NSGA-II,5,35,16343.601750528847,93609.89118990683,14334.82693846154,34103059.07692308
CyberShake_30,NSGA-II,5,36,16439.115103076925,83716.8178369291,13949.810400000004,34303586.00000001
CyberShake_30,NSGA-II,5,37,16541.796630859375,81186.00111315807,8367.828441538459,38224963.723076925
CyberShake_30,NSGA-II,5,38,16692.622803335336,87656.00649985878,6605.691903076924,40212980.646153845
CyberShake_30,NSGA-II,5,39,16705.997428461542,94644.35307157453,12376.546133846152,34923616.607692316
CyberShake_30,NSGA-II,5,40,17316.082862307692,87103.3718582452,16832.383476923074,33014659.653846152
CyberShake_30,NSGA-II,5,41,17707.763128461538,85798.75998382512,15755.137707692307,33347370.61538461
CyberShake_30,NSGA-II,5,42,17922.836539747597,91086.55551176082,10208.005364615383,37146732.569230765
CyberShake_30,NSGA-II,5,43,17923.979352307695,79828.24728835639,12120.085015384619,35027885.23076923
CyberShake_30,NSGA-II,5,44,18327.424717385817,95171.69194668572,11317.060015384619,35670350.23076922
CyberShake_30,NSGA-II,5,45,18547.84356366887,97143.81026234975,10987.139630769232,35512896.961538464
CyberShake_30,NSGA-II,5,46,18548.626296427283,101524.0144830078,8895.688476923076,36478962.15384616
CyberShake_30,NSGA-II,5,47,18684.436697692312,111235.90505370797,18840.80963076923,31983794.461538453
CyberShake_30,NSGA-II,5,48,18857.8174609375,106317.24657540867,6054.518056923077,39067500.45384616
CyberShake_30,NSGA-II,5,49,18962.326611328128,120533.25379716646,11360.873861538466,35399702.92307693
CyberShake_30,NSGA-II,5,50,18983.526359029445,77827.12012461838,15852.680400000003,33296418.499999993
CyberShake_30,NSGA-II,5,51,19185.109365234377,111868.14558770435,9379.879246153849,36311086.1923077
CyberShake_30,NSGA-II,5,52,19298.830140462745,119233.1864168029,13192.227323076928,34479909.84615384
CyberShake_30,NSGA-II,5,53,19298.830140462745,130272.9105620493,14751.052707692312,33952710.61538461
CyberShake_30,NSGA-II,5,54,19632.927604308894,106208.3353361809,6717.721133846155,37636261.60769231
CyberShake_30,NSGA-II,5,55,19637.227030769227,77765.5181227584,18083.863476923067,33807492.15384614
CyberShake_30,NSGA-II,5,56,20222.3745074369,122621.11195353669,10354.055749230773,35861373.338461526
CyberShake_30,NSGA-II,5,57,20423.82646484375,113739.27994203128,4203.666903076923,38705818.146153845
CyberShake_30,NSGA-II,5,58,20792.194725078123,105724.6535342999,9839.505784615387,36061689.26923076
CyberShake_30,NSGA-II,5,59,20897.810415039065,129498.65906322119,3302.138056923076,39247117.95384616
CyberShake_30,NSGA-II,5,60,21142.806345943507,92617.94715990985,12040.395784615386,35185449.269230776
CyberShake_30,NSGA-II,5,61,21291.09744140625,135819.20424770133,10619.404246153848,35681648.6923077
CyberShake_30,NSGA-II,5,62,21686.35520996094,98859.62207460337,8217.867323076924,36756594.84615386
CyberShake_30,NSGA-II,5,63,22580.386328125,109870.63168746996,4879.947092307693,39412921.8546154
CyberShake_30,NSGA-II,5,64,22702.85839179387,105075.88495547173,8698.108476923077,36647532.15384615
CyberShake_30,NSGA-II,5,65,23351.007011343147,95952.39503041765,7157.684980000002,37299486.800000004
CyberShake_30,NSGA-II,5,66,23525.38866173377,100025.73797808893,6152.682672307693,40846554.68461538
CyberShake_30,NSGA-II,5,67,24181.24362969351,151751.3244980739,12846.498092307693,34637136.38461539
CyberShake_30,NSGA-II,5,68,25009.691721871994,102075.54966125899,9682.033476923078,36227412.15384615
CyberShake_30,NSGA-II,5,69,25193.042782827524,102398.82931111177,7857.640364615386,36947450.069230765
CyberShake_30,NSGA-II,5,70,25437.124086538464,141549.5715474129,4520.044246153846,38515951.19230769
CyberShake_30,NSGA-II,5,71,26039.816962890625,133217.27087848258,5131.131553846154,38278160.80769231
CyberShake_30,NSGA-II,5,72,26046.098212890625,139344.53269111176,4392.706938461539,38561839.07692309
CyberShake_30,NSGA-II,5,73,26085.098212890625,150548.54822822113,4365.301938461539,38546246.57692309
CyberShake_30,NSGA-II,5,74,27732.25294921875,96165.17600852164,4641.595364615385,38658057.569230765
CyberShake_30,NSGA-II,5,75,30163.023779296873,107011.82560422475,4582.435364615385,38624397.569230765
CyberShake_30,NSGA-II,5,76,30367.30062988281,133951.3477145823,5369.895784615384,38021439.26923077
CyberShake_30,NSGA-II,5,77,32781.302377929685,117923.5547740024,3309.7511338461527,39213084.10769231
CyberShake_30,NSGA-II,5,78,32781.302377929685,127371.14231455227,3904.174246153845,38903131.192307696
CyberShake_30,MOEA/D,5,1,14445.192679230768,69705.72185214242,12134.225400000001,35149676.00000001
CyberShake_30,MOEA/D,5,2,16670.59414513221,92952.81980268328,7434.2304,37210158.5
CyberShake_30,MOEA/D,5,3,17655.63324307692,101068.89261384617,21124.555015384605,30941795.230769224
CyberShake_30,MOEA/D,5,4,18968.0674609375,116132.82320378907,4385.544210769232,39839492.76153846
CyberShake_30,MOEA/D,5,5,19359.08735314002,83258.58784183595,11850.868476923082,38680182.153846145
CyberShake_30,MOEA/D,5,6,19359.08735314002,85824.75643770132,9096.400364615389,39928250.06923076
CyberShake_30,MOEA/D,5,7,19595.868857692305,80048.50903307693,20241.140399999986,31157028.499999993
CyberShake_30,MOEA/D,5,8,19631.457799999996,89997.20566384614,20281.214630769216,31138491.961538453
CyberShake_30,MOEA/D,5,9,19631.457799999996,90014.92441384614,20253.809630769218,31122899.461538453
CyberShake_30,MOEA/D,5,10,20456.694099230765,79956.68179615383,20992.13732307691,30867534.84615384
CyberShake_30,MOEA/D,5,11,21158.04040153846,87570.92399923076,20987.07078461537,30845199.26923076
CyberShake_30,MOEA/D,5,12,21158.04040153846,93525.73474230769,20974.26309230768,30817918.884615377
CyberShake_30,QL-NSGA-III,5,1,10887.885250000001,62159.67136767731,23531.719246153847,45869783.6923077
CyberShake_30,QL-NSGA-III,5,2,12399.003276153846,72331.6629630769,23431.997287692302,40929828.915384606
CyberShake_30,QL-NSGA-III,5,3,12557.462989257814,69710.76493287864,20606.862323076923,42653462.34615385
CyberShake_30,QL-NSGA-III,5,4,12590.577112905648,54874.5927238191,19980.398056923077,47001382.95384614
CyberShake_30,QL-NSGA-III,5,5,12599.369239257814,54369.56964830227,23323.98655384615,43834940.807692304
CyberShake_30,QL-NSGA-III,5,6,13126.252143554688,69028.50096755108,13362.552672307691,38886444.68461538
CyberShake_30,QL-NSGA-III,5,7,13171.009693076921,67450.61668841945,13287.78805692308,36383115.45384615
CyberShake_30,QL-NSGA-III,5,8,13298.243051538462,59182.30896564602,16762.35655384615,38039863.307692304
CyberShake_30,QL-NSGA-III,5,9,14053.80403695012,72866.74527241287,13049.218476923079,34774902.153846145
CyberShake_30,QL-NSGA-III,5,10,14120.546825411659,75267.04924839843,13029.598826153844,37858099.49230769
CyberShake_30,QL-NSGA-III,5,11,14385.310420606971,60735.8560720733,15894.343476923079,38441367.15384615
CyberShake_30,QL-NSGA-III,5,12,14395.175805222356,73981.4987548768,13143.23074923077,34736800.83846154
CyberShake_30,QL-NSGA-III,5,13,14471.76415775541,66909.69588926985,13585.234246153848,37572818.692307696
CyberShake_30,QL-NSGA-III,5,14,14594.57665775541,79676.3390103215,11489.351518461539,36548654.87692307
CyberShake_30,QL-NSGA-III,5,15,14917.629098461539,88633.82651485575,16768.10767230769,33100479.68461538
CyberShake_30,QL-NSGA-III,5,16,14944.651494615384,81451.95550090143,11045.998826153844,36729499.49230769
CyberShake_30,QL-NSGA-III,5,17,14944.651494615384,83629.85904066404,10610.300749230766,35743743.33846153
CyberShake_30,QL-NSGA-III,5,18,14946.620244615384,82580.43875562196,10727.038826153845,35789359.49230769
CyberShake_30,QL-NSGA-III,5,19,14968.189956153845,74507.73869728965,12722.856903076921,36022513.14615384
CyberShake_30,QL-NSGA-III,5,20,15022.499199999998,69845.16632458533,18479.67886153846,35112332.92307691
CyberShake_30,QL-NSGA-III,5,21,15047.833334615383,69020.59356597354,13828.938441538461,36000433.72307692
CyberShake_30,QL-NSGA-III,5,22,15069.820883076924,96675.27294893932,18425.706553846147,32239070.807692297
CyberShake_30,QL-NSGA-III,5,23,15072.29487307692,77922.41475676684,20201.706553846147,34120610.807692304
CyberShake_30,QL-NSGA-III,5,24,16086.82421634916,81636.74182720552,12174.235364615382,35150015.06923077
CyberShake_30,QL-NSGA-III,5,25,16350.02121969351,67242.90955059795,13173.563056923078,39524880.45384616
CyberShake_30,QL-NSGA-III,5,26,16350.02121969351,69784.65688444409,12497.524595384615,38084918.53076923
CyberShake_30,QL-NSGA-III,5,27,16385.96232923077,87057.39843354266,16105.962323076927,33229517.34615384
CyberShake_30,QL-NSGA-III,5,28,16470.636672028246,80931.74061658955,13838.22886153846,34304942.92307692
CyberShake_30,QL-NSGA-III,5,29,16489.585092397836,90601.8032270463,8185.6023230769215,40707167.34615384
CyberShake_30,QL-NSGA-III,5,30,16536.05146931791,82895.74404436295,11117.72651846154,35638259.876923084
CyberShake_30,QL-NSGA-III,5,31,16600.054194335935,72615.62951390928,7524.940015384615,38391387.73076923
CyberShake_30,QL-NSGA-III,5,32,16663.804194335935,69730.06978665866,10715.346553846157,41725835.807692304
CyberShake_30,QL-NSGA-III,5,33,16675.095143076924,69628.11789501502,16413.025364615383,34920470.069230765
CyberShake_30,QL-NSGA-III,5,34,16790.58318119291,70367.75307250902,13282.966133846156,35881891.60769231
CyberShake_30,QL-NSGA-III,5,35,16794.69446360878,77575.32291426684,12069.874595384614,36759803.53076923
CyberShake_30,QL-NSGA-III,5,36,16814.048359375003,93321.6026126112,6902.213630769231,38489627.43153847
CyberShake_30,QL-NSGA-III,5,37,17227.33563277043,92993.21540281852,9828.241938461544,36143629.07692307
CyberShake_30,QL-NSGA-III,5,38,17291.195226923075,98320.14327621093,14684.836938461538,33764816.57692307
CyberShake_30,QL-NSGA-III,5,39,17560.85498945012,75871.38335117788,9502.043056923076,36248745.45384616
CyberShake_30,QL-NSGA-III,5,40,17573.337235952527,77706.71395914664,7531.750015384616,38388237.73076923
CyberShake_30,QL-NSGA-III,5,41,18200.54214123197,90729.24148970551,9198.670015384618,36382790.23076923
CyberShake_30,QL-NSGA-III,5,42,18276.956091538457,59589.38317064002,19933.248441538457,33502618.723076917
CyberShake_30,QL-NSGA-III,5,43,18429.416114308893,121431.94810169173,10267.996938461542,36046114.07692307
CyberShake_30,QL-NSGA-III,5,44,18515.298817983774,111174.83375214244,5391.715364615385,38217305.06923076
CyberShake_30,QL-NSGA-III,5,45,18709.205695465746,81079.25244595553,11885.940784615384,35157279.269230776
CyberShake_30,QL-NSGA-III,5,46,18821.081831054693,119305.63659023741,6200.290015384617,37634195.23076923
CyberShake_30,QL-NSGA-III,5,47,18822.293369516232,90473.09798633718,5741.268092307692,38114398.884615384
CyberShake_30,QL-NSGA-III,5,48,18884.505041700715,56985.15342408653,19508.24732307692,35070467.34615385
CyberShake_30,QL-NSGA-III,5,49,18900.716580162254,69194.76780899942,16761.29767230769,33103629.68461538
CyberShake_30,QL-NSGA-III,5,50,19020.61887169471,97268.64757195316,4902.328476923078,38502454.65384615
CyberShake_30,QL-NSGA-III,5,51,19024.264750976563,102368.43621470552,12646.475400000003,34882668.49999999
CyberShake_30,QL-NSGA-III,5,52,19074.109945913464,97503.80342671878,7809.925015384615,37109967.73076924
CyberShake_30,QL-NSGA-III,5,53,19074.109945913464,111232.46303466949,5744.39998,38065386.800000004
CyberShake_30,QL-NSGA-III,5,54,19359.08735314002,65214.47508923976,11988.933092307696,38479911.38461538
CyberShake_30,QL-NSGA-III,5,55,19526.80954589844,77994.95780732273,8929.864246153846,36553793.69230769
CyberShake_30,QL-NSGA-III,5,56,19540.146349230767,100045.2318428726,11847.465784615388,35166999.26923076
CyberShake_30,QL-NSGA-III,5,57,19726.238253076917,69263.33536478665,19613.032707692302,31706918.115384612
CyberShake_30,QL-NSGA-III,5,58,20361.591132307687,124718.52215260518,17774.121553846147,32440850.807692297
CyberShake_30,QL-NSGA-III,5,59,20685.32937988281,82542.46860965145,6695.892672307693,40091387.18461538
CyberShake_30,QL-NSGA-III,5,60,20748.349341129804,68524.57059210938,16853.091553846152,34681018.307692304
CyberShake_30,QL-NSGA-III,5,61,20748.349341129804,76150.48181022838,16229.91193846154,33256541.57692307
CyberShake_30,QL-NSGA-III,5,62,20766.98559532753,133113.46790851865,8566.313861538463,36696827.92307692
CyberShake_30,QL-NSGA-III,5,63,21008.44561974159,115639.46758284557,9322.57809230769,36320091.38461538
CyberShake_30,QL-NSGA-III,5,64,21224.384491811903,115221.70891759018,7058.991553846154,37457315.80769231
CyberShake_30,QL-NSGA-III,5,65,21379.31043945313,122436.90117075422,3405.0207492307686,40284513.33846154
CyberShake_30,QL-NSGA-III,5,66,22638.598447265627,109763.81511054086,4419.665400000002,38733341.0
CyberShake_30,QL-NSGA-III,5,67,22638.598447265627,115575.76510367187,5350.540015384617,38302760.23076923
CyberShake_30,QL-NSGA-III,5,68,22708.04648692307,126455.58109095853,13100.163092307694,34560186.384615384
CyberShake_30,QL-NSGA-III,5,69,23506.12773812199,99714.35586508716,8166.608861538461,36859277.92307692
CyberShake_30,QL-NSGA-III,5,70,23604.144106069714,140108.0522362771,4825.266553846155,38427268.30769231
CyberShake_30,QL-NSGA-III,5,71,25375.358432241588,104783.6928750992,5084.145784615385,38431366.76923076
CyberShake_30,QL-NSGA-III,5,72,26472.037002557085,85906.40975336538,8859.86386153846,36554762.92307691
CyberShake_30,QL-NSGA-III,5,73,28835.102304687498,175138.8465504507,7650.500400000001,37133005.99999999
CyberShake_30,QL-NSGA-III,5,74,30389.163759390023,107622.5348297536,8041.398441538463,37073346.22307692
CyberShake_30,OVEA-style,1,1,11169.541733398439,53318.430960679085,20208.157476923065,46470652.62384615
CyberShake_30,OVEA-style,1,2,11445.048056265023,55962.619087737374,18044.26844153846,45679866.22307692
CyberShake_30,OVEA-style,1,3,11445.048056265023,55967.954107268626,18036.00344153846,45675163.72307692
CyberShake_30,OVEA-style,1,4,12159.687836153846,60101.20074413158,16548.410169230767,40341100.50846154
CyberShake_30,OVEA-style,1,5,12159.687836153846,61955.97690419768,15463.543826153844,39717094.4923077
CyberShake_30,OVEA-style,1,6,12160.445047692307,60266.64907151741,15358.817287692305,39880406.415384606
CyberShake_30,OVEA-style,1,7,12752.009453500603,61499.41186830225,14484.770169230767,39166960.50846154
CyberShake_30,OVEA-style,1,8,12787.179951538461,56782.39532064603,15214.794210769232,37950707.76153846
CyberShake_30,OVEA-style,1,9,12787.179951538461,59840.44170097354,14082.06574923077,37251918.33846153
CyberShake_30,OVEA-style,1,10,12787.179951538461,62725.93758839242,14725.348826153846,36954364.492307685
CyberShake_30,OVEA-style,1,11,12787.179951538461,65101.40849819712,14696.681518461539,36951022.37692308
CyberShake_30,OVEA-style,1,12,12787.179951538461,65216.848731042664,14684.046903076924,36924110.646153845
CyberShake_30,OVEA-style,1,13,12787.179951538461,65310.07328024338,13392.531903076924,36189283.146153845
CyberShake_30,OVEA-style,1,14,12803.117451538461,56763.31400219651,15202.159595384617,37923796.03076923
CyberShake_30,OVEA-style,1,15,12803.117451538461,57934.57744352163,15095.97228769231,37851761.41538461
CyberShake_30,OVEA-style,1,16,12804.32899,58837.17149445311,14542.17574923077,38261830.83846154
CyberShake_30,OVEA-style,1,17,12973.123767692308,65762.46124068208,14346.235364615382,35532312.569230765
CyberShake_30,OVEA-style,1,18,13018.599300555888,66377.63958964843,14339.831518461537,35518672.37692308
CyberShake_30,OVEA-style,1,19,13019.810839017427,62352.880042106364,13997.301903076921,37007540.646153845
CyberShake_30,OVEA-style,1,20,13019.810839017427,63367.03887614483,14313.23190307692,35522450.64615385
CyberShake_30,OVEA-style,1,21,13769.276221763823,65496.972453067916,13481.472672307691,35926479.68461538
CyberShake_30,OVEA-style,1,22,13934.378646923074,67779.27372534554,13422.073826153844,34562051.99230769
CyberShake_30,OVEA-style,1,23,13937.761208912261,62673.98563529447,14128.244979999996,36748641.800000004
CyberShake_30,OVEA-style,1,24,13937.761208912261,62871.451420015015,14126.553441538459,36784423.723076925
CyberShake_30,OVEA-style,1,25,13937.761208912261,64845.98925971754,12975.543441538459,36129538.723076925
CyberShake_30,OVEA-style,1,26,13980.792458912261,71655.18676539965,12137.57651846154,35087549.87692308
CyberShake_30,OVEA-style,1,27,13981.549670450722,71655.94397693811,12136.364980000002,35084969.3
CyberShake_30,OVEA-style,1,28,14076.015575411659,66895.08956676381,12056.231518461538,35041267.37692308
CyberShake_30,OVEA-style,1,29,14076.015575411659,68666.96362346155,11363.183056923077,35361840.45384615
CyberShake_30,OVEA-style,1,30,14215.567534615384,88724.04532616585,17303.66536461538,32645450.06923076
CyberShake_30,OVEA-style,1,31,16465.377404615385,87384.76373337439,16171.849595384614,33182438.530769225
CyberShake_30,OVEA-style,1,32,18325.878210000003,102321.57002133716,17365.857672307688,32608157.18461538
CyberShake_30,OVEA-style,1,33,19664.702802307693,109351.65711133715,17971.94732307692,32327807.34615384
CyberShake_30,QMOEA/D-AWA-style,2,1,15541.265207692308,76159.55658024037,21375.08155384615,37893118.3076923
CyberShake_30,QMOEA/D-AWA-style,2,2,15632.555363076921,87021.37052923074,19472.55539999999,31517028.499999996
CyberShake_30,QMOEA/D-AWA-style,2,3,16842.504640000003,105274.45687538461,19474.388861538453,31516180.42307692
CyberShake_30,QMOEA/D-AWA-style,2,4,18289.071469230767,101079.31972153849,19453.399246153836,31561786.19230769
CyberShake_30,QMOEA/D-AWA-style,2,5,18289.071469230767,101137.6330646154,19469.90039999999,31554153.499999996
CyberShake_30,QMOEA/D-AWA-style,2,6,18291.040219230767,101139.6018146154,19466.85539999999,31552420.999999996
CyberShake_30,QMOEA/D-AWA-style,2,7,18353.982526923075,109008.46284384618,19512.62963076922,31498491.961538456
CyberShake_30,QMOEA/D-AWA-style,2,8,18374.126433076923,102345.94180846156,19561.147707692297,31508805.615384612
CyberShake_30,QMOEA/D-AWA-style,2,9,18374.126433076923,105581.57218307693,19577.38693846153,31501294.076923072
Epigenomics_24,ADARE,4,1,261939.12359271935,858368.434151136,753964.918456923,1278069161.4538462
Epigenomics_24,ADARE,4,2,263122.5367658234,924904.7744533113,647572.3482261538,1051433973.4623077
Epigenomics_24,ADARE,4,3,264845.34679400845,861270.2141553516,749624.2911492307,1275377136.8384614
Epigenomics_24,ADARE,4,4,276802.50545733474,938536.0400100811,625997.4501492308,1005197634.8084615
Epigenomics_24,ADARE,4,5,276997.3227103576,938500.2613008805,625535.5620723076,1004987251.1546153
Epigenomics_24,ADARE,4,6,281615.4755629147,964281.3881494441,584924.5597646154,917994184.0392308
Epigenomics_24,ADARE,4,7,283230.0463834345,966324.5212833715,582451.6309184615,919833103.8469231
Epigenomics_24,ADARE,4,8,284583.80226094055,978536.8849866617,566073.0584569231,1070544011.4538462
Epigenomics_24,ADARE,4,9,284755.345628729,1055045.2660741406,447030.06053384615,981226965.5776923
Epigenomics_24,ADARE,4,10,286375.4631499219,1014101.8361596816,508329.49841538456,953582909.6707693
Epigenomics_24,ADARE,4,11,287067.4918132572,1016362.2845481911,507673.5876523077,952349468.9846153
Epigenomics_24,ADARE,4,12,301165.7803395343,1030362.9044540625,484483.3528415385,902777037.693077
Epigenomics_24,ADARE,4,13,306983.75142606674,1007644.482935637,514620.23130307696,768540672.1161538
Epigenomics_24,ADARE,4,14,307442.11122902646,1008665.2051339784,513933.34807230765,768257120.6846154
Epigenomics_24,ADARE,4,15,307672.4901294321,1065071.871241887,431399.77864615375,949680982.6623077
Epigenomics_24,ADARE,4,16,309729.03277073917,1010653.9199596305,511250.4732261539,768758620.9623078
Epigenomics_24,ADARE,4,17,312112.2710147777,1154228.5132100182,293364.15399538464,870873022.5007693
Epigenomics_24,ADARE,4,18,312185.3095597717,1154933.830017969,292452.9414984615,870041706.676923
Epigenomics_24,ADARE,4,19,312250.36044844356,1004055.1560635817,531264.823456923,1213651616.4538462
Epigenomics_24,ADARE,4,20,312291.2020889303,1006014.0373577432,531193.1846107692,1213825648.7615385
Epigenomics_24,ADARE,4,21,312493.78600171575,1068860.402927416,426025.5642261538,990105855.4923078
Epigenomics_24,ADARE,4,22,312493.78600171575,1110969.0183591885,362501.09845692303,1019489418.9538462
Epigenomics_24,ADARE,4,23,312510.49101657455,1064498.4335972897,430297.77191846154,806498058.3769232
Epigenomics_24,ADARE,4,24,314089.47020529746,1066115.7488244623,427469.56230307696,807362934.1461538
Epigenomics_24,ADARE,4,25,314304.03780313703,1157021.1238432722,289937.23518461536,871822785.7392308
Epigenomics_24,ADARE,4,26,320774.06246658356,1032978.3446009858,478527.24803076923,854570108.9015385
Epigenomics_24,ADARE,4,27,320914.44943584135,993869.0290937321,540842.2516876922,988511132.8853844
Epigenomics_24,ADARE,4,28,321974.9139678546,1033816.6426177314,476337.5422676923,851160918.2153847
Epigenomics_24,ADARE,4,29,323591.1365844111,968484.3375222837,578801.6897999999,912239357.4699999
Epigenomics_24,ADARE,4,30,323655.8646492308,1035611.3975314694,473974.0291907692,853096404.5615385
Epigenomics_24,ADARE,4,31,323680.56818800786,1047551.2444620493,455290.6830723077,842214148.1846153
Epigenomics_24,ADARE,4,32,323747.5668809315,1035899.890693756,474116.5519184615,852815995.876923
Epigenomics_24,ADARE,4,33,323977.6316937891,1024271.0101446816,487790.0884153846,718400264.6707692
Epigenomics_24,ADARE,4,34,323977.6316937891,1073261.0612523046,413651.7138,752693345.44
Epigenomics_24,ADARE,4,35,324033.65102227766,990334.3674589694,543084.7718830769,836820319.9461539
Epigenomics_24,ADARE,4,36,324081.0619087891,1024497.314331238,487528.7203384615,718079181.0169232
Epigenomics_24,ADARE,4,37,324118.0186630469,1073282.5310403905,413618.21938,752674288.27
Epigenomics_24,ADARE,4,38,324130.2695876623,1073497.8514451531,413578.2386107692,752589129.2315384
Epigenomics_24,ADARE,4,39,324666.97983338044,1037496.0773006158,472855.1641907692,852294729.5615383
Epigenomics_24,ADARE,4,40,327007.74699906853,1087567.1131418871,395790.34345692315,923636448.9538461
Epigenomics_24,ADARE,4,41,327240.1956269231,1127487.371894871,333140.7188769231,790452825.6538461
Epigenomics_24,ADARE,4,42,327516.3037677975,1172451.6447896722,268422.0019184616,819183108.376923
Epigenomics_24,ADARE,4,43,327607.75915762625,1039860.8974643751,469135.79245692305,889505526.9238461
Epigenomics_24,ADARE,4,44,327783.37236057397,1170317.7506862408,268493.6407646154,819009076.0692307
Epigenomics_24,ADARE,4,45,328962.9260026653,1129570.4695881612,330064.89595384616,791689347.2776922
Epigenomics_24,ADARE,4,46,329078.97439376806,1103507.9835846454,372728.97710769234,881082832.0853846
Epigenomics_24,ADARE,4,47,344184.9085657393,1217081.715468654,198121.73764615387,914706220.6323076
Epigenomics_24,ADARE,4,48,345403.9211527765,1116576.2075187978,355278.8488415384,841289529.7230768
Epigenomics_24,ADARE,4,49,345879.87303991296,1132317.2296496364,329412.5030307693,1035566498.9015385
Epigenomics_24,ADARE,4,50,346192.397266196,1176783.7343578367,258915.63688307695,886362237.4461538
Epigenomics_24,ADARE,4,51,346375.27955308004,1220095.0448651924,195055.78495384616,915758692.7476922
Epigenomics_24,ADARE,4,52,347448.35488591046,1047868.6286332181,452236.0338,735280325.44
Epigenomics_24,ADARE,4,53,347696.5776962229,1048841.550046806,451314.0795753846,734989740.3307693
Epigenomics_24,ADARE,4,54,348167.5461886298,978837.5980774099,563988.1251492307,972968679.8084614
Epigenomics_24,ADARE,4,55,348266.52225148736,1098032.2590348676,377447.4011076923,769438487.5553846
Epigenomics_24,ADARE,4,56,349546.79205150844,1125844.5484060277,340250.05114923074,900443369.3384616
Epigenomics_24,ADARE,4,57,350748.7793461238,1125774.6980553186,338278.4142261538,896329342.9923077
Epigenomics_24,ADARE,4,58,351231.66774001805,1107235.8239884046,367283.5603446154,957255379.3692307
Epigenomics_24,ADARE,4,59,351333.96388938103,1152193.7182127736,296633.2444153846,806837434.2007692
Epigenomics_24,ADARE,4,60,352781.97256364784,1003113.5761493661,529375.6132615384,1117239451.893077
Epigenomics_24,ADARE,4,61,353080.1795171094,1004146.913200787,528152.8132615384,1117439364.393077
Epigenomics_24,ADARE,4,62,353114.28288039065,1152167.3799546123,300259.88996,987722653.6
Epigenomics_24,ADARE,4,63,360882.5101338883,1092014.3325557392,389105.84268769226,946706827.4153847
Epigenomics_24,ADARE,4,64,360882.566754982,1043932.4335371605,463481.16745692305,912686894.4238461
Epigenomics_24,ADARE,4,65,361068.45305542677,1142248.2313446272,309264.7361138462,801558255.9076923
Epigenomics_24,ADARE,4,66,376283.2963363162,1181498.6639110516,251895.8205692308,893764356.5084616
Epigenomics_24,ADARE,4,67,376654.2434479448,1078371.6351912469,409113.96110769233,820878977.5553846
Epigenomics_24,ADARE,4,68,377513.6352862231,1244924.6839541406,155648.30822615384,934093165.9623077
Epigenomics_24,ADARE,4,69,378598.68698715157,1226606.0395828397,185701.27033846153,919632921.0169231
Epigenomics_24,ADARE,4,70,379136.01473722066,1080212.774073257,405433.94441538467,818149714.2007693
Epigenomics_24,ADARE,4,71,379136.01473722066,1246575.4590851832,152673.74303076923,935008238.9015385
Epigenomics_24,ADARE,4,72,379136.01473722066,1246822.913311175,152290.40649230767,934819853.3246154
Epigenomics_24,ADARE,4,73,379297.52267437504,1184953.4181086267,247020.0434569231,891637556.4538462
Epigenomics_24,ADARE,4,74,379792.6372539454,1185299.8384710127,246016.52038,891034705.3000001
Epigenomics_24,ADARE,4,75,380561.3036946185,1250471.6619548858,151886.2591846154,935006793.7092308
Epigenomics_24,ADARE,4,76,382746.0537165806,1212746.444325622,208115.14495999998,1029921088.5999999
Epigenomics_24,ADARE,4,77,382804.67537324526,1212695.7198928695,207910.56572923076,1029231370.1384615
Epigenomics_24,ADARE,4,78,383167.56005986186,1214284.5224465504,201395.8153446154,850360061.8692307
Epigenomics_24,ADARE,4,79,384870.273716202,1215449.2377878425,199094.43226769232,852327385.7153845
Epigenomics_24,ADARE,4,80,384959.22445329634,1216076.6223851803,198379.45265230772,851440748.9846153
Epigenomics_24,ADARE,4,81,385257.4314067579,1162535.0414104296,281791.06091846153,813004566.3469231
Epigenomics_24,ADARE,4,82,385257.4314067579,1259833.7396567098,134545.50284153846,881113745.1930768
Epigenomics_24,ADARE,4,83,391498.04502747004,1092417.1921541975,385958.25918461545,769672968.7092308
Epigenomics_24,ADARE,4,84,392179.79946023744,1180485.3031731462,254136.4899953846,953255509.5307692
Epigenomics_24,ADARE,4,85,392365.3193817759,1302805.658073882,67185.32268769231,911948017.4153845
Epigenomics_24,ADARE,4,86,392459.432803684,1250807.6440921484,392958.66018461535,762594825.7392308
Epigenomics_24,ADARE,4,87,392853.3849843841,1157163.1448076472,288599.9788415385,809814234.7230769
Epigenomics_24,ADARE,4,88,393814.29968029755,1185730.7100879839,244209.17649230768,831592598.3246154
Epigenomics_24,ADARE,4,89,393925.8399237591,1158005.2120170493,287357.9378769231,812197053.623846
Epigenomics_24,ADARE,4,90,393971.4666773438,1182461.8956100033,251383.29342153843,954794203.023077
Epigenomics_24,ADARE,4,91,393999.81960183603,1094834.8854547837,381549.7499538462,767381632.7476923
Epigenomics_24,ADARE,4,92,394012.0705264514,1157013.920996286,286927.12264615385,811312690.6323076
Epigenomics_24,ADARE,4,93,394504.66749590455,1151071.0534906161,297256.9317230769,806687596.3161539
Epigenomics_24,ADARE,4,94,414842.92966205534,1157831.5507959886,286255.44284153846,816468117.693077
Epigenomics_24,ADARE,4,95,414909.3006030469,1213452.925511301,202410.72284153846,855250917.693077
Epigenomics_24,ADARE,4,96,415400.20322355477,1194163.4444903908,233630.5788,949714527.94
Epigenomics_24,ADARE,4,97,415404.47694972664,1213936.0881333712,201663.39284153844,854825712.693077
Epigenomics_24,ADARE,4,98,415478.49106928194,1213969.7189546695,201537.7441907692,854658579.5615385
Epigenomics_24,ADARE,4,99,416150.3577928877,1283552.7686878215,95689.70245692307,900039306.9238461
Epigenomics_24,ADARE,4,100,416795.24767401454,1160069.6839922445,284482.9467230769,812264221.3161539
Epigenomics_24,ADARE,4,101,417785.5319346094,1206263.587847269,215363.97342153842,971457365.523077
Epigenomics_24,ADARE,4,102,417792.3655965776,1083870.440792365,401625.6870723077,903251318.6546154
Epigenomics_24,ADARE,4,103,418160.05582587444,1120003.2355777163,344609.7965338462,783801162.6076922
Epigenomics_24,ADARE,4,104,482459.52090397547,1321660.308476226,317486.6682261539,796713250.9623077
Epigenomics_24,ADARE,4,105,483282.6872145734,1446111.1896761928,172065.91749230772,865076352.8546153
Epigenomics_24,ADARE,4,106,483323.46506205236,1519444.312025099,64726.66749230769,914175200.3546153
Epigenomics_24,ADARE,4,107,483323.46626322425,1517489.3623616647,65130.81480000001,913988259.9699999
Epigenomics_24,ADARE,4,108,483323.527596232,1447964.408604453,171299.75810769235,864473194.1153845
Epigenomics_24,ADARE,4,109,483609.42010457045,1384760.2070873016,265993.7805692308,821075834.0084615
Epigenomics_24,ADARE,4,110,504525.55526692915,1370544.1929349217,454380.91899538465,733499812.5007693
Epigenomics_24,ADARE,4,111,505000.53610584437,1412951.5433683714,221813.98726769228,842048080.7153845
Epigenomics_24,ADARE,4,112,506155.0234353125,1351655.0249908685,271551.2984569231,818826453.9538462
Epigenomics_24,ADARE,4,113,564632.0736813222,1507839.8012704446,31163.827687692312,928609942.4153845
Epigenomics_24,ADARE,4,114,566564.792563705,1509478.9994290385,28496.017687692314,930109139.9153845
Epigenomics_24,ADARE,4,115,566599.8424197417,1405188.0748067098,186588.56072307692,857247371.7861538
Epigenomics_24,ADARE,4,116,597703.9101734736,1444970.8350223254,126722.5476523077,885627023.9846154
Epigenomics_24,ADARE,4,117,663875.3464634464,1764913.0533044413,141705.9330723077,878725100.6846154
Epigenomics_24,NSGA-III,1,1,265308.7357089243,901197.358178137,686223.0509538461,1141645099.7776923
Epigenomics_24,NSGA-III,1,2,278248.5734932693,941509.5804576563,622912.4745692307,1000551744.4784615
Epigenomics_24,NSGA-III,1,3,287244.16458156257,989966.4620686629,548672.6018830768,1042443139.9461539
Epigenomics_24,NSGA-III,1,4,306531.45076307695,1050062.9377685129,452849.4238415385,800959427.2230768
Epigenomics_24,NSGA-III,1,5,306786.5195782692,1023084.3993906312,497069.81499538454,923562349.5307693
Epigenomics_24,NSGA-III,1,6,307896.2287154207,1101549.6671468238,376197.2174569231,831087741.923846
Epigenomics_24,NSGA-III,1,7,309727.4039300691,985045.7786241256,553240.4059184615,858248106.3469231
Epigenomics_24,NSGA-III,1,8,314347.58120014425,1117041.8718099007,352777.11018461536,1004534310.7392309
Epigenomics_24,NSGA-III,1,9,314347.58120014425,1117488.039942984,352465.6836461538,1004678362.6623077
Epigenomics_24,NSGA-III,1,10,320575.9135727284,948984.4143691706,614675.0953446153,1077339071.8692307
Epigenomics_24,NSGA-III,1,11,320599.5072496154,1021006.5336924519,493451.9659184615,722155281.346923
Epigenomics_24,NSGA-III,1,12,320641.1211847116,947421.6945583322,614838.6146107691,1077265678.7615385
Epigenomics_24,NSGA-III,1,13,321162.2301438462,1116337.8480672897,354195.54399538465,783831007.5007693
Epigenomics_24,NSGA-III,1,14,321772.644435,996665.3056838943,532231.8870723076,806831011.1546153
Epigenomics_24,NSGA-III,1,15,322119.8153761509,984073.0801644683,552734.4411492308,850949624.3384616
Epigenomics_24,NSGA-III,1,16,322327.0321067969,1065483.3926772748,426316.15091846156,746269521.346923
Epigenomics_24,NSGA-III,1,17,322327.0321067969,1065887.8207675181,426499.7589953846,746184592.5007693
Epigenomics_24,NSGA-III,1,18,323530.39080205234,1013770.5731654717,512460.0342261538,1051362982.9923077
Epigenomics_24,NSGA-III,1,19,323635.26521156554,1014543.0168810938,512391.37495384616,1051353907.7476923
Epigenomics_24,NSGA-III,1,20,324238.654361229,956306.5247384706,598733.1755338461,956287830.5776924
Epigenomics_24,NSGA-III,1,21,324503.0745237891,955827.4326550692,599418.1655338461,956386043.0776924
Epigenomics_24,NSGA-III,1,22,327316.2938330439,1051805.3368665806,448406.1065338462,845123135.1076921
Epigenomics_24,NSGA-III,1,23,327602.24767439003,1102347.2264665593,373738.53076461534,879160238.5692308
Epigenomics_24,NSGA-III,1,24,327729.70020344655,1102685.3748320732,373893.3273030769,879088636.6461539
Epigenomics_24,NSGA-III,1,25,346409.8986000181,1163809.0584008116,278864.1005338462,876635558.0776923
Epigenomics_24,NSGA-III,1,26,358037.1607338913,1230611.6965534615,176065.63033846155,867155631.0169231
Epigenomics_24,NSGA-III,1,27,360954.6200742038,1142477.8369828905,308893.1448,800688677.4699999
Epigenomics_24,NSGA-III,1,28,361285.0953992038,1178249.87689695,255228.9873030769,826289371.6461538
Epigenomics_24,NSGA-III,1,29,361358.3333391858,1193826.7817129386,233629.9294153846,835238216.7007693
Epigenomics_24,NSGA-III,1,30,376447.8266338823,1042839.4911985487,464802.9184153846,938940314.6707692
Epigenomics_24,NSGA-III,1,31,376712.2108282393,1042805.5580884254,465487.9084153846,939038527.1707692
Epigenomics_24,NSGA-III,1,32,379297.52267437504,1129656.5903579178,330531.92245692306,852964739.4238462
Epigenomics_24,NSGA-III,1,33,379780.38632933004,1193401.0112088704,234886.90091846156,896432698.8469232
Epigenomics_24,NSGA-III,1,34,381525.57478175784,1154513.4840353937,294991.6816876923,995270312.8853846
Epigenomics_24,NSGA-III,1,35,383283.0007419292,1187762.8119766107,243021.62384153844,939523494.7230769
Epigenomics_24,NSGA-III,1,36,385208.64644941414,1141034.8728015686,315110.0857646154,907405388.5692308
Epigenomics_24,NSGA-III,1,37,391008.8209798228,1237783.5163566044,164868.82864615385,872902837.6623076
Epigenomics_24,NSGA-III,1,38,391098.0623789664,1310395.6826203126,302272.8890307693,809345893.4315383
Epigenomics_24,NSGA-III,1,39,391581.1086186689,1093044.0842910036,386091.0769184616,769579675.876923
Epigenomics_24,NSGA-III,1,40,394298.88761077233,1060154.4295277914,437101.17514923075,886226319.8084615
Epigenomics_24,NSGA-III,1,41,394406.7741379899,1078965.6915457363,411449.96384153847,1024711059.7230769
Epigenomics_24,NSGA-III,1,42,394484.564232446,1213089.9039440595,202492.69114923076,850226024.3384615
Epigenomics_24,NSGA-III,1,43,415110.0534748799,1324635.9588802406,33852.074380000005,933159793.27
Epigenomics_24,NSGA-III,1,44,415621.44928898447,1276611.435753636,107378.38438,898804318.27
Epigenomics_24,NSGA-III,1,45,415974.34336613584,1214415.3793788971,201112.09230307693,851629231.6461538
Epigenomics_24,NSGA-III,1,46,416337.64280747605,1236273.2341548197,171449.5871076923,1009038847.0853847
Epigenomics_24,NSGA-III,1,47,416426.88420661964,1237281.8402593208,171314.4348,1009101362.47
Epigenomics_24,NSGA-III,1,48,416435.0379190415,1159901.4852970794,285085.5126523077,813242791.4846154
Epigenomics_24,NSGA-III,1,49,416493.91583431204,1398355.3895861178,168944.15268769232,865142797.4153847
Epigenomics_24,NSGA-III,1,50,416523.33964589256,1100931.6893463552,378332.78014923073,1040252589.8084615
Epigenomics_24,NSGA-III,1,51,416523.33964589256,1326105.273206833,31916.744380000004,929593003.2700001
Epigenomics_24,NSGA-III,1,52,416918.7647940416,1236560.9962791377,168991.53653384617,865713627.6076924
Epigenomics_24,NSGA-III,1,53,416918.7647940416,1278701.4787226412,105433.55880615384,895006796.2923077
Epigenomics_24,NSGA-III,1,54,418112.47726684203,1260762.6520064273,135004.30864615383,991033710.1623076
Epigenomics_24,NSGA-III,1,55,418286.37804415874,1118897.0543842579,345088.22038,784452160.3000001
Epigenomics_24,NSGA-III,1,56,418622.3017997777,1261681.8568551592,134763.43922615383,990861540.4923077
Epigenomics_24,NSGA-III,1,57,438923.0731744863,1340650.5017722775,222967.00842153846,840256558.0230769
Epigenomics_24,NSGA-III,1,58,438994.94727110886,1222009.7924948197,402769.0778769231,757139801.1238462
Epigenomics_24,NSGA-III,1,59,458194.51637865085,1184708.3465192849,492240.5834569231,721439028.9538461
Epigenomics_24,NSGA-III,1,60,459494.9962324971,1186009.7982831309,490150.67961076926,716987533.7615384
Epigenomics_24,NSGA-III,1,61,460525.78694287874,1315986.6222838012,262934.03880615387,821383713.7923077
Epigenomics_24,NSGA-III,1,62,506268.0344996455,1510719.158412566,352013.4097646154,780628759.0392307
Epigenomics_24,NSGA-III,1,63,507942.5900766737,1413356.4455603876,423986.5974923077,747451617.8546153
Epigenomics_24,NSGA-III,1,64,508004.31229107577,1478134.6921369922,164610.04864615382,873022537.6623076
Epigenomics_24,NSGA-III,1,65,511543.1464119201,1482419.716205535,158757.68903076922,870189335.9315385
Epigenomics_24,NSGA-III,1,66,529765.3449132543,1272531.9383617064,391860.4314984615,764219211.6769232
Epigenomics_24,NSGA-III,1,67,529907.7895593841,1273374.241077422,391382.4841907692,763760042.0615386
Epigenomics_24,NSGA-III,1,68,530374.6995923077,1449365.383136379,406874.2314984615,756046379.1769232
Epigenomics_24,NSGA-III,1,69,533400.1657464213,1503874.7353226864,125911.59076461538,885377978.5692308
Epigenomics_24,NSGA-III,1,70,597709.9109229658,1445183.81310384,126693.9772676923,885799083.2153846
Epigenomics_24,NSGA-III,1,71,604481.3437552825,1551177.3817973167,225023.0407646154,839349503.5692308
Epigenomics_24,NSGA-III,1,72,605822.522731334,1698285.3846329893,65598.85287692308,914388296.1238462
Epigenomics_24,NSGA-III,1,73,623333.6113751985,1568241.0356457243,370255.0069184615,772634343.3769232
Epigenomics_24,NSGA-III,1,74,623638.1912898138,1568869.704669324,370088.11496,772292443.6
Epigenomics_24,NSGA-III,1,75,628127.8242057061,1573433.5759077796,189523.35307230768,856084610.6846154
Epigenomics_24,NSGA-III,1,76,687686.4163347535,1614383.578136773,253281.93191846155,826809933.3769231
Epigenomics_24,NSGA-III,1,77,687766.1965620042,1500292.7793740418,179365.11053384616,861494115.5776924
Epigenomics_24,NSGA-III,1,78,687873.2040804657,1500521.4182248109,179106.36053384616,860942978.0776924
Epigenomics_24,NSGA-III,1,79,776925.9308404085,1862092.5877808293,138483.20672307693,880095533.8161538
Epigenomics_24,NSGA-III,1,80,777076.6815086087,1862363.359607437,138381.15653384617,879859152.6076922
Epigenomics_24,NSGA-II,5,1,277663.34171369893,908536.1670364302,673870.3723384615,1108485675.0769231
Epigenomics_24,NSGA-II,5,2,279613.3963132843,885348.93340439,711629.1184215384,1196009233.023077
Epigenomics_24,NSGA-II,5,3,279946.53348113585,886645.330741256,711188.228036923,1195725419.7538462
Epigenomics_24,NSGA-II,5,4,280221.35334201326,911286.6870468871,669135.8728415384,1105754622.6930768
Epigenomics_24,NSGA-II,5,5,280378.4283932663,916267.4125840475,662225.7234923076,1091306267.3846154
Epigenomics_24,NSGA-II,5,6,298044.653175625,923085.0115718059,649764.1250307692,1062539852.9615384
Epigenomics_24,NSGA-II,5,7,301187.4683042849,966826.2516158985,587927.8103799999,1125681220.3
Epigenomics_24,NSGA-II,5,8,303599.86944555293,908457.0845271904,675903.6942261538,1211919922.9923077
Epigenomics_24,NSGA-II,5,9,306034.40781733475,903418.851639928,683535.5298,1127843379.97
Epigenomics_24,NSGA-II,5,10,306069.29572256614,933244.4353326983,634253.2273384616,1023467602.5769233
Epigenomics_24,NSGA-II,5,11,307370.9802911268,1057134.4935657182,440000.8407292308,802150750.1384616
Epigenomics_24,NSGA-II,5,12,312693.12796748197,992040.7614439813,548570.9405338462,1223857538.0776923
Epigenomics_24,NSGA-II,5,13,319424.06524897844,946030.0491749849,616167.5613030768,1080740074.6161537
Epigenomics_24,NSGA-II,5,14,322976.04313027044,986492.7155280287,555531.4273384614,1141249207.5769231
Epigenomics_24,NSGA-II,5,15,323893.01325301983,973358.4500038251,573651.6221076923,1094083244.5853846
Epigenomics_24,NSGA-II,5,16,324069.440049955,1074337.6301095583,412909.5997646154,752170601.5392307
Epigenomics_24,NSGA-II,5,17,326062.28834344354,1119935.3136554118,344967.8880723077,788741413.1846153
Epigenomics_24,NSGA-II,5,18,328913.1833412981,998188.1049178937,536282.0973030769,1039839166.6461538
Epigenomics_24,NSGA-II,5,19,329354.2680157242,1016375.1886497175,507959.17264615383,980456575.6323076
Epigenomics_24,NSGA-II,5,20,343366.35918410163,1039602.4825438132,470492.05322615383,920854705.9623077
Epigenomics_24,NSGA-II,5,21,345394.53114989784,950212.4556875931,609437.8366876922,1065328787.8853846
Epigenomics_24,NSGA-II,5,22,360751.7426373258,1099243.3151520493,379288.1531076923,951383111.6153846
Epigenomics_24,NSGA-II,5,23,378123.11377340154,980996.9220609406,567341.8314984615,1158237074.176923
Epigenomics_24,NSGA-II,5,24,378171.7306844382,1009046.0066696695,519141.8046461538,1054809124.6923077
Epigenomics_24,NSGA-II,5,25,385048.6778776714,1161656.4137953005,281344.31938,812825765.77
Epigenomics_24,NSGA-II,5,26,391921.12533674587,1022794.3964719772,497131.61233846156,1007927415.076923
Epigenomics_24,NSGA-II,5,27,393784.300059958,1153278.919163074,297209.4511846154,969830082.7692307
Epigenomics_24,NSGA-II,5,28,394998.7003075061,1170380.0033241194,271676.57822615386,945608463.4623076
Epigenomics_24,NSGA-II,5,29,414816.7130045914,1146752.3733412498,307612.7961492308,915483359.3384615
Epigenomics_24,NSGA-II,5,30,415012.177971196,1182590.8073202705,255176.5680723077,994235803.1846155
Epigenomics_24,NSGA-II,5,31,418503.61608304095,1280619.6137915114,102013.14156923076,895661441.0384616
Epigenomics_24,NSGA-II,5,32,436757.54348130117,1188689.9756764302,487612.39899538463,718105987.5007693
Epigenomics_24,NSGA-II,5,33,437032.0420652855,1189163.6460266584,487453.3711846154,717605645.2692307
Epigenomics_24,NSGA-II,5,34,437261.5443797386,1189822.512327644,487222.6395753846,717884227.8307692
Epigenomics_24,NSGA-II,5,35,458292.43138,1240603.2870548856,408856.5682615385,759631809.3930768
Epigenomics_24,NSGA-II,5,36,458419.46151353064,1384566.952209204,189955.34072923075,856728370.1384616
Epigenomics_24,NSGA-II,5,37,458852.8850613282,1210425.3800459283,454327.6707292308,733547327.6384615
Epigenomics_24,NSGA-II,5,38,459073.3041931281,1210221.9599123376,454658.88538000005,734192380.3000001
Epigenomics_24,NSGA-II,5,39,461863.4846147897,1301230.3516029266,317823.89118461544,796494447.7692307
Epigenomics_24,NSGA-II,5,40,461863.4846147897,1356504.962091379,234102.7988769231,835220063.153846
Epigenomics_24,NSGA-II,5,41,462918.5648633474,1248697.2185736687,403345.65999538463,757076367.0307692
Epigenomics_24,NSGA-II,5,42,464136.58284753317,1393490.6125650692,392341.98018461536,762352838.2392308
Epigenomics_24,NSGA-II,5,43,483145.6736215445,1264937.0070553846,370949.2769538462,772644354.3076924
Epigenomics_24,NSGA-II,5,44,487515.0419197567,1414398.7637183806,357287.2884923077,778630832.3846153
Epigenomics_24,NSGA-II,5,45,503696.39254180295,1301246.4186845163,349407.2854153846,786643973.7307693
Epigenomics_24,NSGA-II,5,46,506614.86237950425,1304153.3303592096,344905.0308,784083697.0
Epigenomics_24,NSGA-II,5,47,511460.1963709826,1498375.1806856492,138822.8026876923,879693007.4153845
Epigenomics_24,NSGA-II,5,48,531521.2640838252,1337163.6282739877,293342.22457538464,808576440.3307693
Epigenomics_24,NSGA-II,5,49,532536.0981334345,1438564.179369991,424416.0507230769,747103999.2861537
Epigenomics_24,NSGA-II,5,50,533235.2338916557,1440942.310600018,423542.55572923075,747273812.6384615
Epigenomics_24,NSGA-II,5,51,554869.1000066136,1642959.2586471874,232610.43342153847,836246000.5230768
Epigenomics_24,NSGA-II,5,52,557275.0628583235,1501594.2590053398,90510.90688307691,963411979.9461539
Epigenomics_24,NSGA-II,5,53,576176.6540278395,1546298.678265778,222892.3395692308,840373209.4784614
Epigenomics_24,NSGA-II,5,54,594220.1063297987,1497343.9031098078,97342.74595384617,904481082.2776924
Epigenomics_24,NSGA-II,5,55,595781.1612777766,1429553.481238582,201536.28457538463,851392635.3307693
Epigenomics_24,NSGA-II,5,56,597215.4649801773,1540423.9267236209,28174.914764615387,930991759.0392308
Epigenomics_24,NSGA-II,5,57,606069.7452786837,1755570.628454252,65420.81303076923,914221613.9015384
Epigenomics_24,NSGA-II,5,58,606441.5543353574,1756612.188411265,64547.31803692308,914391427.253846
Epigenomics_24,NSGA-II,5,59,626599.6664147895,1553139.7493404269,392909.1534923077,762134912.3846153
Epigenomics_24,NSGA-II,5,60,627085.0202384643,1675746.0282755948,487025.6461846154,718314125.2692307
Epigenomics_24,NSGA-II,5,61,629892.1581610065,1484759.5703503215,112755.02880615384,892123218.7923076
Epigenomics_24,NSGA-II,5,62,634187.0884110215,1714836.6211079387,127213.41826153846,884271459.3930769
Epigenomics_24,NSGA-II,5,63,650375.5293893659,1576827.6588316679,356616.2358,779019306.9999999
Epigenomics_24,NSGA-II,5,64,654546.7745036146,1412126.764594453,265546.96922615386,825883147.9923078
Epigenomics_24,NSGA-II,5,65,666578.5431720371,1594920.80840582,286114.1557646154,811982191.0692307
Epigenomics_24,NSGA-II,5,66,686852.4167528605,1499722.4445513915,179428.27553384617,864610365.5776924
Epigenomics_24,NSGA-II,5,67,692821.125795069,1661299.3698596065,296373.63919076923,807504047.0615385
Epigenomics_24,NSGA-II,5,68,753255.0105810636,2148771.765654901,67724.26056923077,912695316.5084615
Epigenomics_24,NSGA-II,5,69,754816.7796910035,1784712.7908270971,254786.51938,826084363.2699999
Epigenomics_24,NSGA-II,5,70,754816.7796910035,1784713.2600870973,254626.42322615383,825743358.4623076
Epigenomics_24,NSGA-II,5,71,777056.7672872295,2172124.176204582,32006.61364615384,930001042.6623077
Epigenomics_24,NSGA-II,5,72,778434.1849297475,1864720.9813437948,135310.78841538462,881844742.1707692
Epigenomics_24,NSGA-II,5,73,778917.9118047475,1808846.2845026683,218371.6834153846,842882909.6707692
Epigenomics_24,NSGA-II,5,74,787947.7491798647,1854426.8474240291,149109.1196107692,875117196.2615384
Epigenomics_24,NSGA-II,5,75,788545.3087260185,1856596.7617607273,148262.91111384614,874573050.9076922
Epigenomics_24,NSGA-II,5,76,813567.3215750749,1963819.0685114963,67311.1672676923,912694795.7153846
Epigenomics_24,NSGA-II,5,77,837281.5749835426,1988078.827315817,31593.520344615383,930000521.8692307
Epigenomics_24,NSGA-II,5,78,1084194.6348285547,2546198.714512755,112421.38495384615,892187355.2476923
Epigenomics_24,NSGA-II,5,79,1084194.6348285547,2546694.9235571995,112138.25995384615,892212420.2476923
Epigenomics_24,MOEA/D,3,1,322056.390940607,1023232.0807427376,490329.9581076923,716333846.6153845
Epigenomics_24,MOEA/D,3,2,323939.5703533894,1074663.076946202,413313.2623384616,752023372.576923
Epigenomics_24,MOEA/D,3,3,329350.5353457422,1171990.9316465715,266769.10772307694,820656178.3461539
Epigenomics_24,MOEA/D,3,4,385986.2106344862,1113829.362700054,363089.3523030769,958263009.1461539
Epigenomics_24,MOEA/D,3,5,394989.0799277945,1139560.3914238191,316931.7080369231,796419382.253846
Epigenomics_24,MOEA/D,3,6,395042.7817664905,1194961.2719335998,232776.55691846152,835437310.8769231
Epigenomics_24,MOEA/D,3,7,415672.8175039063,1214040.803530478,201553.8976876923,854523224.9153847
Epigenomics_24,MOEA/D,3,8,436444.1945707693,1163311.290831806,490329.09272307693,716332003.3461537
Epigenomics_24,MOEA/D,3,9,436559.58700384625,1163064.4186178125,490281.69018461544,716581425.7392308
Epigenomics_24,MOEA/D,3,10,436708.68358641234,1163944.1215878516,489981.6604153846,716273738.7307692
Epigenomics_24,MOEA/D,3,11,436777.3382425662,1164261.8103222053,490024.0919538462,716254111.8076923
Epigenomics_24,MOEA/D,3,12,436777.3382425662,1164261.8103222053,490116.81272307696,716211223.3461537
Epigenomics_24,MOEA/D,3,13,436789.5891671816,1164313.0645993177,489720.02233846154,716082457.576923
Epigenomics_24,MOEA/D,3,14,436820.78891846165,1164280.4375839995,490195.12772307696,716174998.3461537
Epigenomics_24,MOEA/D,3,15,436985.84980581445,1165380.2898455497,489328.8919184616,716261133.3769231
Epigenomics_24,MOEA/D,3,16,437325.9398362171,1165989.7039872597,489461.16272307694,716199950.8461537
Epigenomics_24,MOEA/D,3,17,438681.0478428968,1167305.2891878756,486875.78188307694,717810889.9461539
Epigenomics_24,MOEA/D,3,18,485290.3466388613,1186474.2741846903,488877.5984569231,716469881.4538462
Epigenomics_24,MOEA/D,3,19,485469.18309790274,1187326.1236566768,489012.75076461537,716407366.0692308
Epigenomics_24,MOEA/D,3,20,485469.18309790274,1188025.0125814092,488927.3641907692,716446862.0615385
Epigenomics_24,MOEA/D,3,21,486733.9961365145,1188369.5236559042,486799.76268769236,717430994.9153847
Epigenomics_24,MOEA/D,3,22,487082.8727581221,1188582.1363961957,486300.0134569231,717662156.4538461
Epigenomics_24,MOEA/D,3,23,487082.8727581221,1188582.138304907,486164.86114923074,717724671.8384615
Epigenomics_24,MOEA/D,3,24,504269.12677572423,1475441.4145474732,127330.96426153847,888664716.4230769
Epigenomics_24,MOEA/D,3,25,571316.3776135998,1445717.2609016947,173185.57772307692,972825343.3461539
Epigenomics_24,QL-NSGA-III,3,1,262061.9541459916,863785.5664852584,746335.4272676923,1262455293.2153845
Epigenomics_24,QL-NSGA-III,3,2,262515.4791565655,864608.0705302163,746620.2564984615,1261957844.176923
Epigenomics_24,QL-NSGA-III,3,3,278434.3759349429,909304.5974131608,671996.553876923,1104316530.6538463
Epigenomics_24,QL-NSGA-III,3,4,281044.4575612891,913043.0910861688,668687.443456923,1105890701.4538462
Epigenomics_24,QL-NSGA-III,3,5,298174.4795240115,1034129.2625504327,480131.0107646153,1052091886.0692307
Epigenomics_24,QL-NSGA-III,3,6,308959.9563097957,1101005.8305322055,374521.0484569231,832841253.9538462
Epigenomics_24,QL-NSGA-III,3,7,309065.2525460818,1102531.392101782,373235.1109184616,832666978.8469231
Epigenomics_24,QL-NSGA-III,3,8,309109.42125294474,1062921.5874621244,436328.3295753846,966337777.8307693
Epigenomics_24,QL-NSGA-III,3,9,309507.5010750481,1010876.0656949189,510781.01614923077,769231536.8384616
Epigenomics_24,QL-NSGA-III,3,10,309669.00657278544,1061798.180745685,437017.60322615376,802849068.4623077
Epigenomics_24,QL-NSGA-III,3,11,310118.0414582122,941858.0436082602,622168.8665338461,1006806132.6076924
Epigenomics_24,QL-NSGA-III,3,12,320515.5626088462,960277.6509898887,590417.1059538461,928714797.2776922
Epigenomics_24,QL-NSGA-III,3,13,321767.9888123077,1079252.872000586,408745.3069184615,898600750.876923
Epigenomics_24,QL-NSGA-III,3,14,321942.1210292759,1072152.3468338223,416574.08349230775,751034222.3846153
Epigenomics_24,QL-NSGA-III,3,15,322380.2108061118,1027098.4791776622,489610.01419076923,879996932.0615383
Epigenomics_24,QL-NSGA-III,3,16,322525.6748829147,990564.7758870462,545012.8669184615,835115853.376923
Epigenomics_24,QL-NSGA-III,3,17,323929.05741069716,1117395.1969663973,349433.22630307695,781968964.6161538
Epigenomics_24,QL-NSGA-III,3,18,324719.59584119293,997349.5643701563,535897.1318830769,822253527.4461538
Epigenomics_24,QL-NSGA-III,3,19,326468.6371778125,1043600.3222889723,466733.5954153846,1076663213.7307694
Epigenomics_24,QL-NSGA-III,3,20,326500.2923213672,1043671.369964988,466448.7661846154,1077160662.7692308
Epigenomics_24,QL-NSGA-III,3,21,326947.3816853486,1168875.3981863703,269771.65691846155,819638418.376923
Epigenomics_24,QL-NSGA-III,3,22,327313.29427637625,1130891.3416160876,331272.5854153846,953579078.7307693
Epigenomics_24,QL-NSGA-III,3,23,328803.69650770136,972520.7276608201,578450.7238415384,1129889897.223077
Epigenomics_24,QL-NSGA-III,3,24,330794.5786003696,1045862.0916341377,465901.9031076923,890190109.1153846
Epigenomics_24,QL-NSGA-III,3,25,344281.7933008144,1112507.111056406,355862.7432261539,841279698.4623077
Epigenomics_24,QL-NSGA-III,3,26,345868.37838207337,1070503.707373837,423323.14922615385,992368612.9923077
Epigenomics_24,QL-NSGA-III,3,27,345913.36689149647,1114868.952621148,353140.6159184616,842374603.8469231
Epigenomics_24,QL-NSGA-III,3,28,345920.43934867193,1071258.2588845883,423132.9665338461,992591645.1076922
Epigenomics_24,QL-NSGA-III,3,29,346017.22457769833,1047696.4965246215,454991.0021076923,734115487.0853846
Epigenomics_24,QL-NSGA-III,3,30,346030.639365622,1044875.1858923888,465017.11576461536,917645903.5692308
Epigenomics_24,QL-NSGA-III,3,31,346096.4046782752,1096760.9359333443,379234.9057646154,767602966.0692308
Epigenomics_24,QL-NSGA-III,3,32,346181.96751227765,1050900.2998384372,453589.82880615385,896658251.2923076
Epigenomics_24,QL-NSGA-III,3,33,346327.4315890806,1014366.5965478214,508992.68153384613,851777172.6076922
Epigenomics_24,QL-NSGA-III,3,34,348064.3859810156,1018933.3021450932,499969.6672676923,838871958.2153847
Epigenomics_24,QL-NSGA-III,3,35,350830.37285421876,1195390.480388696,232692.2161846154,836266055.2692308
Epigenomics_24,QL-NSGA-III,3,36,351099.27345056797,1193754.6165478367,233613.90964615386,835945617.1923077
Epigenomics_24,QL-NSGA-III,3,37,353105.76413800486,1153799.2191770524,293578.48576461535,807701206.0692308
Epigenomics_24,QL-NSGA-III,3,38,353105.76413800486,1153811.6446670522,293508.73576461535,807552638.5692308
Epigenomics_24,QL-NSGA-III,3,39,357718.21712923987,1108699.6298967309,365342.71922615386,889294762.9923075
Epigenomics_24,QL-NSGA-III,3,40,377267.5686293931,1237971.5884234859,166392.3099953846,929555134.5307692
Epigenomics_24,QL-NSGA-III,3,41,378041.195890583,1177006.8028764604,260678.2354153846,885894241.2307693
Epigenomics_24,QL-NSGA-III,3,42,379156.02762542974,1136398.4711687951,323352.6694153846,1000065701.7007692
Epigenomics_24,QL-NSGA-III,3,43,382917.74554021336,1207564.2766314363,211761.70691846157,845278090.8769231
Epigenomics_24,QL-NSGA-III,3,44,392638.59037315217,1023222.6407035666,496034.3105338462,1004595353.0776923
Epigenomics_24,QL-NSGA-III,3,45,393923.04353298986,1186177.2110491735,243743.27499538462,831154332.0307692
Epigenomics_24,QL-NSGA-III,3,46,394835.2626195313,1096415.2796146185,380869.2001846154,767616105.7392308
Epigenomics_24,QL-NSGA-III,3,47,395318.98949453136,1096899.4275521184,380119.6951846154,767189663.2392308
Epigenomics_24,QL-NSGA-III,3,48,414356.64352385217,1210851.6254769412,454409.31572923076,733709687.6384616
Epigenomics_24,QL-NSGA-III,3,49,414821.52362868097,1152346.001409856,296939.2380723077,919890988.1846154
Epigenomics_24,QL-NSGA-III,3,50,415890.2066270914,1173375.0898153696,266306.8230723077,964486393.1846154
Epigenomics_24,QL-NSGA-III,3,51,415933.1901047837,1397718.9456905772,169874.44461076922,865977403.7615385
Epigenomics_24,QL-NSGA-III,3,52,416216.77239808295,1278131.6358944443,106042.89999538462,895660954.5307692
Epigenomics_24,QL-NSGA-III,3,53,416926.3536029718,1091629.918244273,389876.18591846153,872801308.8469231
Epigenomics_24,QL-NSGA-III,3,54,417275.9872084706,1093568.3737477916,389634.3696461539,872498104.6923077
Epigenomics_24,QL-NSGA-III,3,55,418019.82777249406,1119238.9626251473,345188.6863384615,784311010.5469232
Epigenomics_24,QL-NSGA-III,3,56,418565.38332679094,1329200.4798268059,29214.319800000005,931349169.97
Epigenomics_24,QL-NSGA-III,3,57,418580.3397529688,1204659.9251043843,218033.0174569231,952332659.4238462
Epigenomics_24,QL-NSGA-III,3,58,418724.0227602735,1207286.2983359343,217464.98014923075,952472012.3084615
Epigenomics_24,QL-NSGA-III,3,59,435232.8697573078,1216819.9658927042,408882.54710769234,759656587.0853846
Epigenomics_24,QL-NSGA-III,3,60,438104.9895265746,1270531.6480493208,329023.6228415385,791291967.693077
Epigenomics_24,QL-NSGA-III,3,61,438223.09345891536,1220191.0504865923,403448.9104153846,756351053.7307692
Epigenomics_24,QL-NSGA-III,3,62,438488.34882009326,1329226.9231429119,486838.68595384614,718130479.7776922
Epigenomics_24,QL-NSGA-III,3,63,461329.432765574,1217379.286352479,407454.6117230769,756018878.8161538
Epigenomics_24,QL-NSGA-III,3,64,480849.75573738286,1368671.003296926,246267.28403076925,829621138.4315383
Epigenomics_24,QL-NSGA-III,3,65,485329.04795020743,1186818.5256895702,490332.80233846157,716750730.076923
Epigenomics_24,QL-NSGA-III,3,66,487664.9960356582,1293777.3957315716,292971.00272307696,807089713.3461537
Epigenomics_24,QL-NSGA-III,3,67,505516.55219719355,1476837.788099387,127371.10195384616,884935306.8076923
Epigenomics_24,QL-NSGA-III,3,68,506233.1269641617,1256909.4866492308,416002.4211492308,751366851.8384615
Epigenomics_24,QL-NSGA-III,3,69,506833.4041438672,1541600.6531508716,29212.491184615385,930024522.7692308
Epigenomics_24,QL-NSGA-III,3,70,532147.8139114815,1421718.7186664243,377148.14233846153,769516785.0769231
Epigenomics_24,QL-NSGA-III,3,71,532185.1829907122,1421849.065068062,376991.07538,768927587.8
Epigenomics_24,QL-NSGA-III,3,72,599149.9190712802,1520888.901782386,311663.16768769233,799276814.9153845
Epigenomics_24,QL-NSGA-III,3,73,623119.3715857153,1477699.178201932,168995.8238769231,865072230.6538461
Epigenomics_24,QL-NSGA-III,3,74,626751.0776139454,1494700.1141069473,97121.04041538463,903523328.7307693
Epigenomics_24,QL-NSGA-III,3,75,628295.4294219711,1378959.83485704,273267.90076461545,816618541.0692308
Epigenomics_24,QL-NSGA-III,3,76,657303.8833593117,1455756.9822053846,197742.3011076923,852569620.0553846
Epigenomics_24,QL-NSGA-III,3,77,670768.6799484615,1511826.4874093542,490365.13080000004,716015594.4999999
Epigenomics_24,QL-NSGA-III,3,78,696270.8828412951,1592699.3027974942,367870.70591846155,772901263.8469231
Epigenomics_24,QL-NSGA-III,3,79,696350.7810486929,1592927.3170613071,367563.4701492308,773043377.3084614
Epigenomics_24,OVEA-style,1,1,389435.6604338943,1185683.735156271,491640.06538000004,720422717.7999998
Epigenomics_24,OVEA-style,1,2,390250.4533917819,1186933.3471809013,490444.1465338462,716462307.6076922
Epigenomics_24,OVEA-style,1,3,390458.5708945223,1186004.08707512,490384.54691846156,717142750.876923
Epigenomics_24,OVEA-style,1,4,392755.1566668661,1188310.6100351322,487902.4395692308,718556049.4784615
Epigenomics_24,OVEA-style,1,5,414098.2273669291,1210007.3879334375,454473.8373030769,733475679.1461539
Epigenomics_24,OVEA-style,1,6,416084.53914124705,1325808.8152957754,31799.686918461535,929615290.8769231
Epigenomics_24,OVEA-style,1,7,416084.53914124705,1326506.796374294,32041.96576461538,929503223.5692308
Epigenomics_24,OVEA-style,1,8,416095.56780042674,1325807.7947903455,31884.79114923077,929632911.8384615
Epigenomics_24,OVEA-style,1,9,416095.56780042674,1325807.8299803457,31801.861918461538,929616528.3769231
Epigenomics_24,OVEA-style,1,10,416227.80105726264,1326393.881628657,31709.511533846155,929576682.6076922
Epigenomics_24,OVEA-style,1,11,417876.2042920253,1327673.3102689786,29573.88710769231,931452974.5853846
Epigenomics_24,OVEA-style,1,12,417876.2042920253,1327931.984616322,29115.804415384613,931506019.2007692
Epigenomics_24,OVEA-style,1,13,417876.2042920253,1327969.1364983595,29196.519995384617,930870552.0307692
Epigenomics_24,OVEA-style,1,14,417876.2042920253,1328435.0635390175,28779.97576461538,931012073.5692308
Epigenomics_24,OVEA-style,1,15,417887.232951205,1327505.7537521336,29328.931918461538,931226605.8769231
Epigenomics_24,OVEA-style,1,16,417887.232951205,1327622.9659901082,28785.49922615385,930697215.4923077
Epigenomics_24,OVEA-style,1,17,417887.232951205,1328023.1912579236,28782.150764615384,931013311.0692308
Epigenomics_24,OVEA-style,1,18,418305.6230094082,1328141.9156287622,28637.80841538462,930908219.6707693
Epigenomics_24,OVEA-style,1,19,418477.66350298986,1328358.490951881,28265.58191846154,930530275.8769231
Epigenomics_24,OVEA-style,1,20,460434.09381439013,1189017.583465069,489966.7488,717599397.94
Epigenomics_24,QMOEA/D-AWA-style,4,1,327121.51390231674,1081627.7279216107,405754.47688307695,754918902.4461538
Epigenomics_24,QMOEA/D-AWA-style,4,2,480823.1166848318,1208683.93422186,490003.86733846157,715948920.076923
Epigenomics_24,QMOEA/D-AWA-style,4,3,480823.1166848318,1208785.0091580139,489786.9957292308,716049235.1384615
Epigenomics_24,QMOEA/D-AWA-style,4,4,480823.1166848318,1208936.274747638,489856.66691846156,716017008.376923
Epigenomics_24,QMOEA/D-AWA-style,4,5,480823.1166848318,1209469.4445754206,489475.5691907693,716193287.0615383
Epigenomics_24,QMOEA/D-AWA-style,4,6,480823.1166848318,1209785.2938339002,490055.99038000003,715924810.2999998
Epigenomics_24,QMOEA/D-AWA-style,4,7,480823.1166848318,1209785.2983091346,489970.6038061539,715964306.2923077
Epigenomics_24,QMOEA/D-AWA-style,4,8,480823.1166848318,1210811.9503273736,489659.17726769234,716108358.2153846
Epigenomics_24,QMOEA/D-AWA-style,4,9,480834.5043894021,1208274.0742960966,489858.84191846155,716018245.876923
Epigenomics_24,QMOEA/D-AWA-style,4,10,480932.783098696,1208216.3162259313,490003.86733846157,715948920.076923
Epigenomics_24,QMOEA/D-AWA-style,4,11,480932.783098696,1208996.4546467005,490115.1846461539,715897429.6923076
Epigenomics_24,QMOEA/D-AWA-style,4,12,480932.783098696,1208998.5806502344,489872.38230307697,716009739.1461538
Epigenomics_24,QMOEA/D-AWA-style,4,13,481334.5816646154,1210207.4165591104,489825.3157646154,716033753.5692307
Epigenomics_24,QMOEA/D-AWA-style,4,14,481419.2659326593,1209797.3377877884,489694.6158,716094209.4999999
Epigenomics_24,QMOEA/D-AWA-style,4,15,481501.3196938462,1209259.7552434583,489956.8008,715972934.4999999
Epigenomics_24,QMOEA/D-AWA-style,4,16,481501.3196938462,1209259.7591034584,490170.26810769236,715874194.1153845
Epigenomics_24,QMOEA/D-AWA-style,4,17,481620.8899977374,1210340.5664779295,489954.62580000004,715971696.9999999
Montage_25,ADARE,4,1,3016.1446001021627,13265.739457626203,6159.087256923076,11258701.893846156
Montage_25,ADARE,4,2,3062.664866772836,13537.576383067906,5779.2690261538455,12818215.462307693
Montage_25,ADARE,4,3,3150.6544098467543,13862.181482433898,5644.722718461538,12423662.876923077
Montage_25,ADARE,4,4,3207.6605184735577,13472.13021786058,5869.211676923077,12491679.063846154
Montage_25,ADARE,4,5,3209.3192952493987,14594.658732590146,4822.892333846153,11582412.107692307
Montage_25,ADARE,4,6,3217.104530612981,14787.901203100962,4162.188256923077,10806628.923846154
Montage_25,ADARE,4,7,3223.2013520312494,13987.476049717547,5056.406103076922,11280554.586153848
Montage_25,ADARE,4,8,3231.72761407452,13865.108165982572,5586.765599999999,11503689.469999999
Montage_25,ADARE,4,9,3233.9044238581732,13663.85971467248,5578.410138461539,12594780.986923076
Montage_25,ADARE,4,10,3236.7155101862973,14340.800664969951,4861.612872307691,11526360.654615384
Montage_25,ADARE,4,11,3238.891478061898,14157.256024828728,4825.441298461537,12594871.646923078
Montage_25,ADARE,4,12,3261.894307599159,14811.749938581728,4119.069026153846,11638292.962307692
Montage_25,ADARE,4,13,3263.1899900871385,13704.540160015025,5531.53838153846,13250044.123076925
Montage_25,ADARE,4,14,3264.7808078786056,15012.80995873798,3819.894606153846,10902588.292307692
Montage_25,ADARE,4,15,3276.524276364183,14880.403423656857,3742.0662984615387,11560501.646923078
Montage_25,ADARE,4,16,3280.393900664062,13967.769408831131,5470.242487692307,12363024.885384617
Montage_25,ADARE,4,17,3281.508359714544,13690.793275339549,5533.135410769231,12401240.76153846
Montage_25,ADARE,4,18,3284.5128757962734,15102.400579900843,3363.6209138461536,11751258.377692308
Montage_25,ADARE,4,19,3284.5128757962734,15289.842457749402,3079.958221538461,11882467.993076924
Montage_25,ADARE,4,20,3292.2232584495196,14783.172749699523,4476.628759999999,11717449.040000003
Montage_25,ADARE,4,21,3308.078163722957,12992.413269987981,6821.893990769231,13712142.031538466
Montage_25,ADARE,4,22,3308.4743733353357,14604.412935823315,4146.541872307691,11710391.124615382
Montage_25,ADARE,4,23,3312.722671938101,15133.103914597355,3992.148836923077,10874961.753846152
Montage_25,ADARE,4,24,3333.8723663040855,14252.255723070915,4677.106298461537,12510474.146923078
Montage_25,ADARE,4,25,3337.061913584736,13043.521354465145,6538.461949230769,13164793.83846154
Montage_25,ADARE,4,26,3338.3316855378603,15021.275450501806,3504.8853753846147,11049194.83076923
Montage_25,ADARE,4,27,3344.2189506159857,14271.9023965625,4960.409795384614,11287267.00076923
Montage_25,ADARE,4,28,3344.220986748798,15092.250234834735,3699.217298461538,10938216.176923076
Montage_25,ADARE,4,29,3353.1333478545675,14499.643762265623,4842.862067692306,10408768.185384614
Montage_25,ADARE,4,30,3375.0210591406244,13976.455866207934,5420.951683076921,11712757.416153846
Montage_25,ADARE,4,31,3378.871550874398,14089.910418677884,4922.490144615385,12382611.83923077
Montage_25,ADARE,4,32,3392.126250600961,15165.729713686902,3262.763221538461,11624707.993076924
Montage_25,ADARE,4,33,3392.548921102764,13969.397215534858,5128.40415076923,13395683.161538465
Montage_25,ADARE,4,34,3396.944678257211,14213.816286105768,4746.695109230768,11891370.908461537
Montage_25,ADARE,4,35,3405.1906148918265,13982.034558308296,5108.82915076923,13384545.661538465
Montage_25,ADARE,4,36,3428.8659006580533,14330.611537052286,5167.553103076922,10769663.646153847
Montage_25,ADARE,4,37,3436.7995835306483,14253.753786105768,4684.925109230768,11856225.908461537
Montage_25,ADARE,4,38,3456.055999846754,14670.10949431791,4595.657103076922,11119451.616153846
Montage_25,ADARE,4,39,3471.5377353545678,14373.2833717488,5105.134759999999,10873021.070000002
Montage_25,ADARE,4,40,3479.322236893029,14381.067873287262,5092.67322153846,10846477.993076926
Montage_25,ADARE,4,41,3529.8452720582936,14625.945412701327,4651.591872307691,10490958.624615384
Montage_25,ADARE,4,42,3541.357237199519,14737.405767632214,4541.197298461538,10553241.176923078
Montage_25,ADARE,4,43,3561.950717235577,14319.294344582333,5172.467801538459,11142063.793076923
Montage_25,ADARE,4,44,3561.950717235577,14614.72191001202,4715.282801538459,10881941.293076923
Montage_25,ADARE,4,45,3586.5272555859374,15134.615222286659,4226.471109230768,10642730.438461538
Montage_25,ADARE,4,46,3651.303870913461,15409.694199456131,3847.961109230769,10852362.938461538
Montage_25,ADARE,4,47,3698.2679039603368,15923.445164200723,4250.3597599999985,10284826.07
Montage_25,ADARE,4,48,3746.1253499308887,15158.557331853966,4506.679529230767,10578180.578461539
Montage_25,ADARE,4,49,3763.3052994741583,15469.336085874398,4115.257298461538,10307383.676923076
Montage_25,ADARE,4,50,3767.224375342548,15511.847643407453,3971.355375384615,10812337.33076923
Montage_25,ADARE,4,51,3772.9361759405047,15767.130268533649,3658.4796061538464,10972315.79230769
Montage_25,ADARE,4,52,3797.2167554266816,15365.422033052882,4193.397263076921,10729822.746153846
Montage_25,ADARE,4,53,3824.475918040865,15671.072978476564,3393.5124523076925,10607576.454615382
Montage_25,ADARE,4,54,3825.649614344952,15932.901497584135,4244.073606153845,10287733.762307692
Montage_25,ADARE,4,55,3952.4888496243984,15358.17164209435,4516.894529230767,10573455.578461539
Montage_25,ADARE,4,56,4011.235722599159,16907.71255811899,3333.4212984615388,10667679.146923076
Montage_25,ADARE,4,57,4013.4853173257216,17240.941198599754,3144.8366830769232,10754909.916153846
Montage_25,ADARE,4,58,4026.363277394831,14938.314755594956,5084.521647692305,10248526.485384615
Montage_25,ADARE,4,59,4051.0635012860575,18401.06937930889,2896.0789907692315,11460927.031538462
Montage_25,ADARE,4,60,4053.263681460336,17339.487343653847,2344.611263076923,11751010.716153847
Montage_25,ADARE,4,61,4057.1672488641825,15955.802387232572,3250.944724615385,11232167.63923077
Montage_25,ADARE,4,62,4080.3677701562497,15981.65702358474,4456.2554107692295,10106128.261538463
Montage_25,ADARE,4,63,4107.7786779567305,17272.893500282447,2759.6926476923086,11833176.015384616
Montage_25,ADARE,4,64,4108.58714626202,18824.013148350357,2343.6061446153853,11560773.869230768
Montage_25,ADARE,4,65,4116.951411742789,17622.13064745793,2904.172298461539,11286673.676923076
Montage_25,ADARE,4,66,4116.951411742789,17750.852223404443,2714.798452307692,10891455.984615382
Montage_25,ADARE,4,67,4116.951411742789,18339.311842686293,2721.0846061538464,10888548.29230769
Montage_25,ADARE,4,68,4128.254605546875,17991.07956338942,3248.0741861538463,10644786.59230769
Montage_25,ADARE,4,69,4132.55347709435,16138.37998185096,3290.728186153846,10687427.062307691
Montage_25,ADARE,4,70,4166.548326376202,17277.703580748195,3097.926843076923,11217243.546153847
Montage_25,ADARE,4,71,4188.027325132211,18903.453424447114,2222.9288369230776,11596401.753846152
Montage_25,ADARE,4,72,4213.2043140625,19177.864799444113,2537.913955384615,11533266.100769231
Montage_25,ADARE,4,73,4222.6022717818505,16677.997173344345,4253.290410769231,10243535.761538459
Montage_25,ADARE,4,74,4237.176175231369,17065.125774942913,4899.498487692305,9880911.915384617
Montage_25,ADARE,4,75,4250.376570859375,15895.528453344346,3391.636878461539,11512149.476923078
Montage_25,ADARE,4,76,4291.986612857573,16610.213889498198,4178.3553753846145,10234672.330769232
Montage_25,ADARE,4,77,4337.303011000599,17214.284861559496,3200.999339999999,10696624.370000001
Montage_25,ADARE,4,78,4378.4584472175475,16386.70971329928,4627.664570769229,9994534.861538462
Montage_25,ADARE,4,79,4472.564378422476,17535.655955772236,3603.806564615385,10468125.569230769
Montage_25,ADARE,4,80,4568.738076397234,17851.85794657752,4398.920339999999,10176173.899999999
Montage_25,ADARE,4,81,4683.198266195915,18656.040321604567,2764.412683076923,10836199.446153844
Montage_25,ADARE,4,82,4685.396205351562,16977.76579556791,3227.1292215384615,11161070.023076922
Montage_25,ADARE,4,83,4701.781644612379,17544.951158918262,3867.370410769231,10326020.76153846
Montage_25,ADARE,4,84,4787.326935856369,17202.655800288463,4635.522263076921,9990900.246153846
Montage_25,ADARE,4,85,4810.937583500601,18506.212127301682,2435.0958784615377,11699284.946923079
Montage_25,ADARE,4,86,4853.513487124399,19661.143872418867,2215.4001092307694,11325720.90846154
Montage_25,ADARE,4,87,4855.763487124399,19630.967831628604,1937.2378015384613,11454386.293076923
Montage_25,ADARE,4,88,4857.264081850963,17207.617947388822,3222.1743753846145,11335217.800769232
Montage_25,ADARE,4,89,4882.011053185096,19896.604035820306,1917.9592215384619,11280230.023076922
Montage_25,ADARE,4,90,4896.771783933292,19333.808280081128,2183.467647692308,11104918.515384614
Montage_25,ADARE,4,91,4905.2632713040875,18742.621581090745,1847.921683076923,11495699.916153846
Montage_25,ADARE,4,92,4919.886354765626,18596.919020772235,1757.5976830769232,11475109.446153846
Montage_25,ADARE,4,93,4940.589199335938,16961.288089158654,2930.1209138461536,11778573.377692308
Montage_25,ADARE,4,94,4940.589199335938,17074.89582300481,2748.217067692308,11391118.185384614
Montage_25,ADARE,4,95,4943.4446786628605,19131.423230850356,2035.5626830769236,11225831.946153848
Montage_25,ADARE,4,96,4944.197022983773,17249.092262953724,2797.0518784615388,11360004.476923076
Montage_25,ADARE,4,97,4944.197022983773,18312.53488128305,2459.171458461539,11516292.776923077
Montage_25,ADARE,4,98,4989.823261781851,18610.74976714242,1996.2745707692309,11244004.86153846
Montage_25,ADARE,4,99,5026.513701132812,17473.466562445916,3114.75534,10706453.9
Montage_25,ADARE,4,100,5136.803682172476,18365.36180088642,2577.7735707692314,11017207.831538461
Montage_25,ADARE,4,101,5157.078570733173,19371.891616896028,4358.476529230768,10098857.13846154
Montage_25,ADARE,4,102,5240.326816487379,18684.601944002403,3411.776109230769,10569065.438461538
Montage_25,ADARE,4,103,5652.261048302284,21077.73693718149,1634.8203753846155,11411197.33076923
Montage_25,ADARE,4,104,5694.839579053486,21301.215141460336,1521.8880323076926,11527151.784615384
Montage_25,NSGA-III,3,1,3191.8912811298073,14103.963278728967,5221.044949230768,11440422.27846154
Montage_25,NSGA-III,3,2,3231.237389753606,13512.38756607572,5812.524026153845,12703667.962307693
Montage_25,NSGA-III,3,3,3231.237389753606,14401.016652626202,4483.163221538461,12227752.993076924
Montage_25,NSGA-III,3,4,3239.24599695012,13075.647700685102,6498.128446153846,13564405.132307693
Montage_25,NSGA-III,3,5,3246.9863799879813,14908.33861724159,4423.602836923076,12132804.723846154
Montage_25,NSGA-III,3,6,3252.316337692307,14265.187908323318,4964.677067692307,11008438.185384616
Montage_25,NSGA-III,3,7,3252.316337692307,14448.475515291466,4687.300529230769,11136740.10846154
Montage_25,NSGA-III,3,8,3252.987389753606,13817.591679420073,5340.670984615383,12450330.23923077
Montage_25,NSGA-III,3,9,3267.610473215145,14244.749979387021,4717.787333846153,12059997.107692309
Montage_25,NSGA-III,3,10,3271.0922950270433,13080.709221793872,6474.332907692306,12800039.085384617
Montage_25,NSGA-III,3,11,3287.8397536778843,13197.878544648436,6287.380179999999,12461585.270000003
Montage_25,NSGA-III,3,12,3297.301423903245,14669.423496802885,4006.130564615385,10915608.539230771
Montage_25,NSGA-III,3,13,3297.301423903245,14853.230108888221,3727.9686061538464,11044273.762307694
Montage_25,NSGA-III,3,14,3310.051423903245,15046.038026847955,3436.1859492307694,11179239.308461541
Montage_25,NSGA-III,3,15,3324.561850138222,15001.52768108173,3511.2499907692313,11532654.061538462
Montage_25,NSGA-III,3,16,3330.4732682151443,15147.732774275843,3320.915913846154,10704873.377692308
Montage_25,NSGA-III,3,17,3421.1259440624995,15018.118413780048,3993.261718461539,10982585.846923077
Montage_25,NSGA-III,3,18,3432.9594218930292,13739.199690835338,6047.148138461538,12535912.076923078
Montage_25,NSGA-III,3,19,3703.5616464182694,15098.063272241588,4909.017138461539,10410475.046923077
Montage_25,NSGA-III,3,20,3703.692125817308,15809.066962235578,3164.698990769231,10809439.531538462
Montage_25,NSGA-III,3,21,3750.007790321514,16055.080341667668,2818.7421030769233,10905746.616153847
Montage_25,NSGA-III,3,22,3759.5234245793276,15875.422973611781,3546.213606153846,10536943.762307694
Montage_25,NSGA-III,3,23,3763.853903398438,16363.564519492189,4090.640564615385,10317423.539230771
Montage_25,NSGA-III,3,24,3785.973006391227,15541.296906526444,4049.931144615385,10241576.36923077
Montage_25,NSGA-III,3,25,3804.9518331159848,14899.618389026444,4860.227452307691,10581566.454615388
Montage_25,NSGA-III,3,26,3902.535055766226,15509.998073215147,4624.815949230769,10520844.308461538
Montage_25,NSGA-III,3,27,3905.337361826924,15298.35287021334,4228.301109230769,10159070.438461538
Montage_25,NSGA-III,3,28,4043.833828170072,16403.23070203726,4504.807872307692,10157258.154615385
Montage_25,NSGA-III,3,29,4096.974083644832,18390.633387929687,2431.6939907692313,12081814.531538464
Montage_25,NSGA-III,3,30,4101.472263332332,18563.86496154747,2133.0951092307696,11254305.90846154
Montage_25,NSGA-III,3,31,4104.5618501382205,15734.43878640024,3583.815375384616,10553204.830769232
Montage_25,NSGA-III,3,32,4104.5618501382205,15969.82318686298,3227.5999907692317,10717974.061538462
Montage_25,NSGA-III,3,33,4105.222263332332,16324.021566646632,2692.824724615385,10995400.139230771
Montage_25,NSGA-III,3,34,4151.163569903846,15876.775126616587,3416.339221538462,10534647.523076922
Montage_25,NSGA-III,3,35,4296.989153704927,17698.219635880407,4803.595179999999,9987642.770000003
Montage_25,NSGA-III,3,36,4319.108256697717,16342.818432608175,4762.88576,9911795.600000001
Montage_25,NSGA-III,3,37,4324.590280655048,18152.45808728966,5072.216913846153,9768712.90769231
Montage_25,NSGA-III,3,38,4342.222657863581,19070.174739858772,2049.0174523076926,11293196.454615386
Montage_25,NSGA-III,3,39,4349.7165632481965,18182.082221472356,3131.216333846154,10761210.07769231
Montage_25,NSGA-III,3,40,4357.5010647866575,18460.78682557091,2580.2412984615385,10983759.146923078
Montage_25,NSGA-III,3,41,4369.962562310696,17510.132578010816,2828.282452307692,10869026.454615386
Montage_25,NSGA-III,3,42,4369.962562310696,17654.64991440505,2630.5305292307694,10960497.60846154
Montage_25,NSGA-III,3,43,4369.962562310696,18607.850595573913,3388.797836923077,10609757.223846154
Montage_25,NSGA-III,3,44,4509.249403398437,17005.08515862981,3046.30976,10864201.070000002
Montage_25,NSGA-III,3,45,4708.765061947115,17109.011440402646,4533.658872307692,10081542.684615385
Montage_25,NSGA-III,3,46,4741.8476118629815,16755.749767965746,5047.032487692307,9842732.385384617
Montage_25,NSGA-III,3,47,4744.739183158053,17600.775262914663,4739.162103076924,10017446.61615385
Montage_25,NSGA-III,3,48,4847.43897273137,17301.33528738882,2422.929724615385,12095740.139230771
Montage_25,NSGA-III,3,49,4905.474479152644,21613.4835993149,1774.2601446153844,11420286.83923077
Montage_25,NSGA-III,3,50,4917.950667106369,18640.813559717542,2603.3299907692312,10910709.061538462
Montage_25,NSGA-III,3,51,5127.289015063101,16313.477988134015,4772.275179999999,9969822.770000001
Montage_25,NSGA-III,3,52,5138.722468410456,18510.725123575714,2527.7981861538465,11559932.062307695
Montage_25,NSGA-III,3,53,5154.000875333533,20419.03759097355,2026.798186153846,11239757.062307693
Montage_25,NSGA-III,3,54,5159.827373683893,19650.863289897832,1981.2232215384613,11260837.993076924
Montage_25,NSGA-III,3,55,5166.462372857572,18542.874141568504,2477.814724615385,11519335.139230771
Montage_25,NSGA-III,3,56,5263.289421409254,19000.757352905643,2987.570795384616,10732976.53076923
Montage_25,NSGA-III,3,57,5916.1883721454315,19756.430147133404,1860.5808784615385,12355857.44692308
Montage_25,NSGA-III,3,58,5916.1883721454315,21468.794234642417,1229.3497246153847,11704645.139230771
Montage_25,NSGA-III,3,59,5916.1883721454315,21655.889539035452,946.2108784615383,11835612.446923079
Montage_25,NSGA-III,3,60,5983.039681754806,23923.327039179687,1962.3647599999997,11269561.070000002
Montage_25,NSGA-III,3,61,6300.539626487379,21701.796185615985,2976.0461800000007,10738307.3
Montage_25,NSGA-III,3,62,6358.329458410456,21789.0577016917,2824.0916830769233,10870964.916153848
Montage_25,NSGA-III,3,63,6372.690217584135,21803.418558091944,2802.3517184615384,10881020.846923077
Montage_25,NSGA-III,3,64,6733.328184230769,22730.305572941703,1700.1797599999998,11390836.070000002
Montage_25,NSGA-II,3,1,2933.044411093749,13616.73988184195,5880.6996,11987847.44
Montage_25,NSGA-II,3,2,2951.3321310396627,13229.05705783053,6238.547333846153,12415969.607692309
Montage_25,NSGA-II,3,3,3089.883639684495,13493.439292740386,5829.940984615384,12173760.239230769
Montage_25,NSGA-II,3,4,3096.6619232962735,13537.962329585338,5758.48964153846,12038544.223076925
Montage_25,NSGA-II,3,5,3111.9301919020427,13030.729952292666,6982.959375384614,13362580.300769234
Montage_25,NSGA-II,3,6,3125.7334185997593,13928.623607106372,5149.353487692308,11477174.415384617
Montage_25,NSGA-II,3,7,3142.010906640625,13016.626196111778,6582.332333846152,13310524.607692309
Montage_25,NSGA-II,3,8,3142.0117220703123,12902.236237650239,6765.620795384614,13700929.030769233
Montage_25,NSGA-II,3,9,3156.5709673888214,13431.018823007815,5934.77518,12615710.270000001
Montage_25,NSGA-II,3,10,3163.4648566195906,13098.790340510819,6633.928872307692,12727115.184615387
Montage_25,NSGA-II,3,11,3187.9306992578117,13686.495636265025,5542.543061538462,12453874.363076923
Montage_25,NSGA-II,3,12,3207.2174097025227,13775.846331553483,5414.390683076923,12865390.386153849
Montage_25,NSGA-II,3,13,3208.813839963942,13083.429129435095,6481.230026153845,13357289.992307693
Montage_25,NSGA-II,3,14,3218.6215322716344,13201.580132512016,6292.056949230768,12954351.338461539
Montage_25,NSGA-II,3,15,3250.1624034765614,13036.218672460935,6549.610759999998,13116560.600000001
Montage_25,NSGA-II,3,16,3254.9492148948316,13720.648964143627,5499.86829230769,12977517.354615385
Montage_25,NSGA-II,3,17,3280.553115285457,13281.008431021633,6173.725984615384,13068315.239230769
Montage_25,NSGA-II,3,18,3284.173971902043,14020.614585742189,5021.161179999998,12052937.300000003
Montage_25,NSGA-II,3,19,3294.803940480769,13354.060350408654,6073.351753846153,13589929.277692309
Montage_25,NSGA-II,3,20,3294.803940480769,13470.372411177883,5887.120984615383,13193257.73923077
Montage_25,NSGA-II,3,21,3315.7770666286056,15420.658679176684,3211.928103076924,10661506.146153847
Montage_25,NSGA-II,3,22,3334.639464810697,15079.568489516227,3948.0768784615384,12137829.47692308
Montage_25,NSGA-II,3,23,3344.6582793659854,14355.827153236172,4526.249795384615,12831532.000769231
Montage_25,NSGA-II,3,24,3349.506442397837,14174.382503320307,4812.59518,13266252.77
Montage_25,NSGA-II,3,25,3353.5764896304086,13638.88428692608,5621.641529230767,12851192.138461541
Montage_25,NSGA-II,3,26,3383.571844735577,14711.779290504805,4011.9424876923076,11891559.885384614
Montage_25,NSGA-II,3,27,3383.973686586538,14764.214607563099,3886.312298461539,12126463.676923078
Montage_25,NSGA-II,3,28,3420.374038539663,13820.077178710937,5337.250759999998,12507553.100000001
Montage_25,NSGA-II,3,29,3430.9257451262024,14638.456205621991,4131.852487692307,12258332.385384614
Montage_25,NSGA-II,3,30,3493.481430402644,15164.147123347357,4770.256984615384,10024602.269230768
Montage_25,NSGA-II,3,31,3691.36349625,15138.996861015627,4716.401215384615,11217060.73076923
Montage_25,NSGA-II,3,32,3701.511251198918,15281.293235546878,3960.184641538462,10790581.723076925
Montage_25,NSGA-II,3,33,3767.739993879206,15838.047509525242,4379.206529230768,10205484.63846154
Montage_25,NSGA-II,3,34,3867.9375321394227,16560.885275183293,3057.4357246153845,10720852.16923077
Montage_25,NSGA-II,3,35,3992.339710471754,16043.664163984375,4368.205759999999,10210573.100000001
Montage_25,NSGA-II,3,36,4047.7727835486767,15760.976373939304,4763.620759999999,10435550.600000001
Montage_25,NSGA-II,3,37,4091.2786877223557,16935.487653737975,3933.002333846154,10327969.60769231
Montage_25,NSGA-II,3,38,4093.0457554206732,17110.53488805589,3046.158256923077,10831963.923846154
Montage_25,NSGA-II,3,39,4170.723681703726,18184.136864182692,2904.0084523076926,11487323.484615386
Montage_25,NSGA-II,3,40,4355.105551352163,19330.67198774339,2774.0634523076924,11378265.984615384
Montage_25,NSGA-II,3,41,4358.678427067307,16726.466242578128,4171.614256923076,10217598.453846157
Montage_25,NSGA-II,3,42,4386.2322325,19590.241961986176,2126.4837953846154,11733894.970769232
Montage_25,NSGA-II,3,43,4407.5378202493985,16507.056777803486,2730.362683076923,10851949.446153846
Montage_25,NSGA-II,3,44,4542.549100745192,16811.832201911056,4145.41964153846,10281316.723076923
Montage_25,NSGA-II,3,45,4552.5859518269235,17771.02955483774,3865.5750261538465,10443067.492307693
Montage_25,NSGA-II,3,46,4613.737428197116,16198.788625883415,4052.3017184615387,10440155.846923077
Montage_25,NSGA-II,3,47,4657.309529618389,17260.743060558896,4837.902369230769,9973120.538461538
Montage_25,NSGA-II,3,48,4778.078577148438,18914.938482911653,3452.8575230769234,10612433.316153847
Montage_25,NSGA-II,3,49,4819.763033572715,18196.802404296875,3588.7919138461543,10550902.907692308
Montage_25,NSGA-II,3,50,4827.367584341946,18129.601079771637,2716.893836923077,10890486.753846155
Montage_25,NSGA-II,3,51,4841.21369741887,19596.77772634315,2994.2703753846154,10762184.830769232
Montage_25,NSGA-II,3,52,4910.435372184495,19741.24319570913,2507.0262984615388,11567296.646923078
Montage_25,NSGA-II,3,53,4926.408085408654,17538.92870573618,5072.58983076923,9863217.931538463
Montage_25,NSGA-II,3,54,5002.84297953125,17398.14937130709,3797.024795384615,10453237.000769233
Montage_25,NSGA-II,3,55,5031.3425693750005,17982.21640383714,2713.578256923077,11425986.423846155
Montage_25,NSGA-II,3,56,5113.045960498798,19399.42136355769,2329.012872307692,11163683.154615384
Montage_25,NSGA-II,3,57,5114.212817512018,20084.126490312497,2617.541333846154,11062530.07769231
Montage_25,NSGA-II,3,58,5139.758462905649,19599.324759399038,2026.4917184615383,11303615.846923077
Montage_25,NSGA-II,3,59,5144.9493765084135,18466.945037647238,2543.4171030769235,11096816.616153846
Montage_25,NSGA-II,3,60,5180.968266703727,18761.715982737376,2644.3388369230775,10975649.253846154
Montage_25,NSGA-II,3,61,5192.303276899039,18393.62195276442,2663.3271030769233,11463589.116153846
Montage_25,NSGA-II,3,62,5198.483642656251,20589.93524999098,1842.821103076923,11865104.586153848
Montage_25,NSGA-II,3,63,5228.899275579927,18081.825748662864,2410.0311092307693,11000120.438461538
Montage_25,NSGA-II,3,64,5249.150256048677,20400.654332782447,2328.048836923077,11038041.753846154
Montage_25,NSGA-II,3,65,5300.905413236177,18628.233593762016,2946.9734169230774,10751755.053846154
Montage_25,NSGA-II,3,66,5488.584335994592,20058.427761652638,3934.9462153846152,10294763.230769232
Montage_25,NSGA-II,3,67,5518.411234735577,19103.333472154445,4198.1792569230765,10173003.453846155
Montage_25,NSGA-II,3,68,5722.686782340745,20081.47872780048,1942.6189907692308,11817597.031538464
Montage_25,NSGA-II,3,69,5722.686782340745,21042.158187448917,1757.2351446153846,11428161.83923077
Montage_25,NSGA-II,3,70,5722.686782340745,21410.405682878605,1481.9539907692308,11555494.531538462
Montage_25,NSGA-II,3,71,5886.188377028244,19479.116670787254,2240.520144615385,11703134.33923077
Montage_25,NSGA-II,3,72,5886.389523085937,20271.595620772234,4566.550061538461,10098635.923076922
Montage_25,NSGA-II,3,73,5891.6395279687495,21298.06007884314,4839.9977538461535,9972151.307692308
Montage_25,NSGA-II,3,74,5918.14928508714,20917.291028124993,4520.140529230768,10160037.608461542
Montage_25,NSGA-II,3,75,5974.737454140625,20664.558174423073,1687.452836923077,11492747.223846154
Montage_25,NSGA-II,3,76,6005.159776406249,18865.213912911655,1620.2891861538465,11429136.592307692
Montage_25,NSGA-II,3,77,6028.400680853365,20739.482071132814,2407.149606153846,11001453.292307694
Montage_25,NSGA-II,3,78,6061.398640072115,21580.17312913762,1772.2480676923078,11295130.215384616
Montage_25,NSGA-II,3,79,6255.7118529927875,21402.487754308888,2974.999186153846,10738791.592307692
Montage_25,MOEA/D,3,1,3678.234130552885,15157.482573719954,4186.933523076923,10351407.846153844
Montage_25,MOEA/D,3,2,4094.9085587590152,16112.726199362976,3919.136564615385,10788030.569230767
Montage_25,MOEA/D,3,3,4193.2772287019225,15894.024331189905,4000.165061538462,10264595.92307692
Montage_25,MOEA/D,3,4,4366.408953290264,16269.94461239483,3089.1969492307694,10685968.838461537
Montage_25,MOEA/D,3,5,4704.087859209733,18617.16704382512,6270.51464153846,9214434.223076925
Montage_25,MOEA/D,3,6,4704.087859209733,18623.168249254803,5985.542333846152,9346249.60769231
Montage_25,MOEA/D,3,7,4711.876223521633,18630.9566135667,5973.755795384614,9351701.530769235
Montage_25,MOEA/D,3,8,4711.876223521633,18691.878885060094,6258.728103076922,9219886.146153849
Montage_25,MOEA/D,3,9,4716.549377202522,18635.629767247596,5966.68387230769,9354972.684615387
Montage_25,MOEA/D,3,10,5322.897201048676,19874.05410874099,6251.656179999997,9223157.300000003
Montage_25,MOEA/D,3,11,5330.685565360575,20043.37891536058,6239.869641538459,9228609.223076927
Montage_25,MOEA/D,3,12,5337.319437971752,19418.455521093743,5976.3750261538435,9350489.992307695
Montage_25,QL-NSGA-III,3,1,3039.4145045522837,13183.572938221154,6350.946949230769,12404811.338461537
Montage_25,QL-NSGA-III,3,2,3039.4153150991588,13873.160789101566,5308.06618,12757074.799999999
Montage_25,QL-NSGA-III,3,3,3057.8778223888226,12912.366041096759,6743.338872307691,13309190.184615385
Montage_25,QL-NSGA-III,3,4,3095.6963055889432,14036.732473149043,5350.656949230769,11927001.338461539
Montage_25,QL-NSGA-III,3,5,3103.7024076292073,13384.047221298077,6003.314676923078,12481252.653846154
Montage_25,QL-NSGA-III,3,6,3163.300509474159,14189.367613716946,5116.405759999998,12673423.1
Montage_25,QL-NSGA-III,3,7,3181.7630167638226,13036.270045471756,6550.8084523076905,13225043.484615386
Montage_25,QL-NSGA-III,3,8,3271.7583645973564,13891.915082400845,5259.442753846154,12701041.307692308
Montage_25,QL-NSGA-III,3,9,3283.6514396965154,14037.239151649641,5939.637718461538,11449952.876923077
Montage_25,QL-NSGA-III,3,10,3287.398238458535,13954.139992016228,6052.227369230768,10899355.538461538
Montage_25,QL-NSGA-III,3,11,3289.128228458535,14526.275876787864,5102.082369230769,10720525.538461538
Montage_25,QL-NSGA-III,3,12,3312.934765739183,13293.561547524041,6153.166298461538,12988531.64692308
Montage_25,QL-NSGA-III,3,13,3319.096788425481,14716.307551271037,4299.247641538461,11129122.663076922
Montage_25,QL-NSGA-III,3,14,3340.879331523439,15071.778058236181,3458.960795384615,12012731.530769229
Montage_25,QL-NSGA-III,3,15,3340.879331523439,15339.00396313702,3336.1465646153847,10635458.069230767
Montage_25,QL-NSGA-III,3,16,3357.865358374399,14270.32382070012,4985.050523076922,11320739.256153846
Montage_25,QL-NSGA-III,3,17,3361.6990313641836,14282.39014920373,4661.826493846154,12008703.707692308
Montage_25,QL-NSGA-III,3,18,3368.2723339994,15600.483610483778,2959.7342569230764,11709235.953846153
Montage_25,QL-NSGA-III,3,19,3373.985246562501,13234.489321535457,6249.846949230769,13316691.338461539
Montage_25,QL-NSGA-III,3,20,3386.735246562501,14157.79115073317,5244.2674876923065,12652419.885384616
Montage_25,QL-NSGA-III,3,21,3398.0384403665867,13258.544649206731,6213.43999076923,13333531.561538463
Montage_25,QL-NSGA-III,3,22,3400.059367280648,14838.93112810997,4113.9514938461525,12216806.20769231
Montage_25,QL-NSGA-III,3,23,3411.2744760426685,14266.533671183897,5561.500410769229,11219675.76153846
Montage_25,QL-NSGA-III,3,24,3413.874835561899,15673.207202325724,2542.7136061538463,11964501.262307696
Montage_25,QL-NSGA-III,3,25,3425.1581103515628,14864.029988876198,4075.5180323076916,12214391.784615386
Montage_25,QL-NSGA-III,3,26,3450.7005534705527,13914.09653225661,5770.0656,12043509.47
Montage_25,QL-NSGA-III,3,27,3505.8841007031256,15223.27886830829,4457.70083076923,10116677.461538462
Montage_25,QL-NSGA-III,3,28,3553.389014116587,16186.380268049881,2959.767836923077,10808207.223846154
Montage_25,QL-NSGA-III,3,29,3613.2636603485576,14477.062573422478,4919.429564615386,11443079.00923077
Montage_25,QL-NSGA-III,3,30,3668.580952457933,16754.785256874995,3930.1881030769237,10360681.146153845
Montage_25,QL-NSGA-III,3,31,3675.949028125001,15310.217667268633,3970.3667538461536,11406439.277692309
Montage_25,QL-NSGA-III,3,32,3679.194576616587,14183.737480507813,5709.9822984615375,11133943.676923078
Montage_25,QL-NSGA-III,3,33,3713.5760183954335,15390.756737539064,4465.296599999999,10113163.999999998
Montage_25,QL-NSGA-III,3,34,3721.0750135126214,16131.869767752407,3343.742333846154,10631944.607692305
Montage_25,QL-NSGA-III,3,35,3745.9973199399037,14250.54041383113,5608.87999076923,11180709.061538462
Montage_25,QL-NSGA-III,3,36,3750.310679807693,15460.979586835938,4357.6907599999995,10099220.600000001
Montage_25,QL-NSGA-III,3,37,3766.936074702524,17034.8161700661,3506.396913846154,10556707.907692308
Montage_25,QL-NSGA-III,3,38,3835.3788300420674,15301.480313272234,4331.46418,11114220.74
Montage_25,QL-NSGA-III,3,39,3862.135802109376,16540.22005823918,2728.1123338461543,10949014.607692307
Montage_25,QL-NSGA-III,3,40,3882.655128753005,15057.386448647838,4825.044256923076,10979245.953846151
Montage_25,QL-NSGA-III,3,41,3911.159848954327,16451.215564753606,3857.6789076923083,10330503.615384614
Montage_25,QL-NSGA-III,3,42,4064.5782233954333,16953.816794480168,3450.607298461539,10582513.676923076
Montage_25,QL-NSGA-III,3,43,4150.882161601562,17099.370804107566,3537.041215384616,10542533.23076923
Montage_25,QL-NSGA-III,3,44,4162.933345640023,17233.847707671273,3026.816109230769,10778540.438461538
Montage_25,QL-NSGA-III,3,45,4174.038255973557,17169.99261009615,2698.310913846154,11404330.87769231
Montage_25,QL-NSGA-III,3,46,4235.233773533652,18672.305347487978,4287.713103076922,10195306.146153845
Montage_25,QL-NSGA-III,3,47,4278.614157043269,18081.6484052524,2928.5946061538466,10823973.292307692
Montage_25,QL-NSGA-III,3,48,4302.03670685697,18739.1082808113,4186.610795384615,10242071.530769229
Montage_25,QL-NSGA-III,3,49,4321.683961051682,16795.36710040264,2293.9155292307696,11179917.608461542
Montage_25,QL-NSGA-III,3,50,4336.32736880108,16512.966882142424,2730.228955384616,11400336.100769233
Montage_25,QL-NSGA-III,3,51,4339.93720030048,17045.779062133413,3438.1864938461545,10620566.207692308
Montage_25,QL-NSGA-III,3,52,4340.911102743389,17398.986464741585,4514.058138461538,10026892.076923076
Montage_25,QL-NSGA-III,3,53,4342.878726054688,17809.21731320012,1984.623487692308,11260611.915384615
Montage_25,QL-NSGA-III,3,54,4353.023143569711,17874.945723242185,3145.510061538462,10659920.92307692
Montage_25,QL-NSGA-III,3,55,4358.276092866586,17594.216824597355,4218.608907692307,10163553.615384614
Montage_25,QL-NSGA-III,3,56,4378.128726054688,18524.028159804686,2259.1188723076925,11133642.684615383
Montage_25,QL-NSGA-III,3,57,4378.237195820312,17795.850994786655,3913.4685230769232,10304697.846153846
Montage_25,QL-NSGA-III,3,58,4390.643624101562,16864.33159919471,2187.614221538462,11166717.523076924
Montage_25,QL-NSGA-III,3,59,4592.795249741585,17195.27648169471,4113.20576,10244615.6
Montage_25,QL-NSGA-III,3,60,4600.583516826922,17203.064846006608,4101.419221538462,10250067.523076924
Montage_25,QL-NSGA-III,3,61,4678.131621796875,18540.527119453123,2993.027333846154,10794169.607692305
Montage_25,QL-NSGA-III,3,62,4698.428084528245,18048.88757114183,3661.760795384615,10421126.530769229
Montage_25,QL-NSGA-III,3,63,4747.997617791465,16444.336598999398,3731.016144615385,10485116.36923077
Montage_25,QL-NSGA-III,3,64,4747.997617791465,16449.528481965142,3723.1584523076926,10488750.984615386
Montage_25,QL-NSGA-III,3,65,4851.8890577163465,17652.080287244593,3768.1019138461543,10371937.907692308
Montage_25,QL-NSGA-III,3,66,5391.861352554087,21447.394178428483,1322.4866830769233,11565539.916153846
Montage_25,QL-NSGA-III,3,67,6011.587933671876,21439.21737010817,1963.6166830769228,11744167.416153848
Montage_25,QL-NSGA-III,3,68,6036.379708539662,20595.24005914964,3443.948801538462,10617900.823076924
Montage_25,OVEA-style,2,1,3039.3088848497596,13920.503447298677,5158.334215384614,11298021.67076923
Montage_25,OVEA-style,2,2,3054.653764239784,14273.52121071815,4661.493032307691,11571364.284615386
Montage_25,OVEA-style,2,3,3078.6943609675473,14326.619460516831,4546.593256923075,11650536.423846154
Montage_25,OVEA-style,2,4,3181.72342671274,14235.217608146031,4676.699446153845,11203117.162307693
Montage_25,OVEA-style,2,5,3186.3125919831728,14470.925060652044,4336.21941076923,12195211.231538463
Montage_25,OVEA-style,2,6,3195.046058783053,15247.27628651142,3856.0922569230765,11634294.393846154
Montage_25,OVEA-style,2,7,3202.723436478365,14871.302685003004,4406.957103076922,11342246.616153846
Montage_25,OVEA-style,2,8,3208.438119510216,15067.42891203726,3774.5256,11652729.47
Montage_25,OVEA-style,2,9,3219.099252587139,15271.331614182693,3819.685298461538,11651134.616923079
Montage_25,OVEA-style,2,10,3251.829034555288,14820.471856268028,3798.037753846154,11939798.807692308
Montage_25,OVEA-style,2,11,3251.8328973287257,14699.980574810703,3991.3459846153846,12356977.739230769
Montage_25,OVEA-style,2,12,3251.884850664062,15304.107912259617,3767.243221538461,11539432.993076924
Montage_25,OVEA-style,2,13,3253.9568172085337,14814.572513647836,4164.377676923076,11847523.593846155
Montage_25,OVEA-style,2,14,3257.037918740986,14746.529569795672,4254.4621384615375,11225222.546923077
Montage_25,OVEA-style,2,15,3257.885260820312,14957.102798674881,3949.1470676923072,11926888.185384616
Montage_25,OVEA-style,2,16,3264.56779678185,15489.387236409253,3135.9574876923075,11948102.385384617
Montage_25,OVEA-style,2,17,3267.116568554687,14586.644820117186,4152.19618,11790339.8
Montage_25,OVEA-style,2,18,3272.129376796874,14737.849968861177,4310.895026153845,11240849.992307693
Montage_25,OVEA-style,2,19,3275.596896508413,14788.522012869595,3847.061333846153,11955262.577692308
Montage_25,OVEA-style,2,20,3275.596896508413,14805.473884408057,3834.864375384615,12589997.800769232
Montage_25,OVEA-style,2,21,3275.885275703124,14592.029640324523,4145.065529230769,11836265.10846154
Montage_25,OVEA-style,2,22,3275.8860911328115,14724.035902481977,3954.939026153846,12373817.962307693
Montage_25,OVEA-style,2,23,3283.3822134765614,14784.576609134616,3852.8697953846145,11939114.500769231
Montage_25,OVEA-style,2,24,3283.385260820312,14781.202292521037,3858.7836061538455,11968686.262307694
Montage_25,OVEA-style,2,25,3283.385260820312,15097.099337292671,3397.45399076923,11697019.531538462
Montage_25,OVEA-style,2,26,3283.9085653665866,14785.102067313706,3852.7586769230766,11971473.123846153
Montage_25,OVEA-style,2,27,3288.893516817909,14451.286557409854,4372.155830769229,11501034.96153846
Montage_25,OVEA-style,2,28,3288.893516817909,14635.439978837137,4093.469676923077,11629942.653846152
Montage_25,OVEA-style,2,29,3291.169762358773,14805.285628335336,3820.909641538461,11930116.723076925
Montage_25,OVEA-style,2,30,3296.4233948587735,15522.163534486179,3083.5154107692306,11836400.761538463
Montage_25,OVEA-style,2,31,3300.1733948587735,14712.344827022236,3965.696683076923,12057884.916153846
Montage_25,OVEA-style,2,32,3300.174210288461,14801.369030673082,3828.1382569230764,11982861.423846154
Montage_25,OVEA-style,2,33,3307.957896397235,14962.982691604571,3585.208872307692,12183177.684615387
Montage_25,OVEA-style,2,34,3307.9617591706724,14809.15739498498,3816.351718461538,11988313.346923077
Montage_25,OVEA-style,2,35,3307.9617591706724,14985.175771183898,3549.975949230769,12111526.80846154
Montage_25,OVEA-style,2,36,3337.0396805709133,14734.258541865987,3936.580523076922,12287181.756153846
Montage_25,OVEA-style,2,37,3337.0396805709133,14851.029298019832,3749.4843692307686,11888666.948461538
Montage_25,OVEA-style,2,38,3341.214933188101,14528.180878188105,4226.161298461537,11140494.146923076
Montage_25,OVEA-style,2,39,3353.1506506009605,14850.728386304083,4060.4882569230763,11690068.923846155
Montage_25,OVEA-style,2,40,3369.94264741286,15053.751152346755,3753.9274876923073,11864177.385384616
Montage_25,OVEA-style,2,41,3399.19264741286,15624.951597040264,2923.393872307692,11757455.184615387
Montage_25,OVEA-style,2,42,3400.292451069711,15089.351370964545,3387.3044107692303,12013568.731538462
Montage_25,OVEA-style,2,43,3415.5798929597354,14916.794436000606,3648.441718461538,11892778.346923077
Montage_25,OVEA-style,2,44,5419.44257484976,21196.09091428185,5158.725599999999,10037859.47
Montage_25,OVEA-style,2,45,5548.868678554687,21721.122633933293,4630.545375384614,9993202.330769232
Montage_25,OVEA-style,2,46,5748.169413428487,20297.133782893638,4314.957836923076,10181357.223846156
Montage_25,QMOEA/D-AWA-style,3,1,3592.386373813101,14901.92260260517,4871.212523076922,9944250.816153849
Montage_25,QMOEA/D-AWA-style,3,2,4129.237353789063,16396.407158891227,5006.211599999999,9799244.0
