benchmark,algorithm,run,generation,makespan_best,latency_best,cost_best,energy_best
CyberShake_30,ADARE,1,0,11270.597154203726,58614.14677041166,7351.765364615384,35177771.085384615
CyberShake_30,ADARE,1,1,11270.597154203726,58614.14677041166,7351.765364615384,34203509.300000004
CyberShake_30,ADARE,1,2,11270.597154203726,55130.380776640624,7078.559979999999,33722711.992307685
CyberShake_30,ADARE,1,3,11270.597154203726,55130.380776640624,7019.701133846153,33054623.115384605
CyberShake_30,ADARE,1,4,11270.597154203726,54861.78516652043,6375.13151846154,33054623.115384605
CyberShake_30,ADARE,1,5,11270.597154203726,54847.07362805889,4498.093826153847,33054623.115384605
CyberShake_30,ADARE,1,6,11232.347154203726,54847.07362805889,4498.093826153847,33054623.115384605
CyberShake_30,ADARE,1,7,11232.347154203726,54847.07362805889,3618.2676723076925,33054623.115384605
CyberShake_30,ADARE,1,8,11232.347154203726,54847.07362805889,3618.2676723076925,33054623.115384605
CyberShake_30,ADARE,1,9,11232.347154203726,54847.07362805889,2414.3572876923076,32669485.423076916
CyberShake_30,ADARE,1,10,11232.347154203726,53887.54140173076,2414.3572876923076,32669485.423076916
CyberShake_30,ADARE,1,11,10853.291500000001,53887.54140173076,2413.332672307692,32669485.423076916
CyberShake_30,ADARE,1,12,10853.291500000001,53887.54140173076,1482.9772876923078,32669485.423076916
CyberShake_30,ADARE,1,13,10853.291500000001,53887.54140173076,1482.9772876923078,32669485.423076916
CyberShake_30,ADARE,1,14,10853.291500000001,53887.54140173076,1482.9772876923078,32669485.423076916
CyberShake_30,ADARE,1,15,10853.291500000001,53887.54140173076,1482.9772876923078,32669485.423076916
CyberShake_30,ADARE,2,0,11710.069415384614,60203.67135307392,10309.757861538463,34313889.10769231
CyberShake_30,ADARE,2,1,11031.55245703125,50044.971544296866,10309.757861538463,34313889.10769231
CyberShake_30,ADARE,2,2,10870.03221153846,50044.971544296866,10309.757861538463,34313889.10769231
CyberShake_30,ADARE,2,3,10870.03221153846,50044.971544296866,10309.757861538463,34313889.10769231
CyberShake_30,ADARE,2,4,10870.03221153846,50044.971544296866,8120.086707692309,33999858.33846154
CyberShake_30,ADARE,2,5,10870.03221153846,50044.971544296866,8120.086707692309,33999858.33846154
CyberShake_30,ADARE,2,6,10870.03221153846,50044.971544296866,6630.156903076922,33999858.33846154
CyberShake_30,ADARE,2,7,10870.03221153846,50044.971544296866,5966.074595384615,33709210.42307692
CyberShake_30,ADARE,2,8,10870.03221153846,50044.971544296866,5966.074595384615,33709210.42307692
CyberShake_30,ADARE,2,9,10870.03221153846,49942.92373391225,4645.488092307692,33709210.42307692
CyberShake_30,ADARE,2,10,10870.03221153846,49942.92373391225,3483.9311338461534,33709210.42307692
CyberShake_30,ADARE,2,11,10870.03221153846,49942.92373391225,3483.9311338461534,33709210.42307692
CyberShake_30,ADARE,2,12,10870.03221153846,49942.92373391225,3483.9311338461534,33584626.03076922
CyberShake_30,ADARE,2,13,10870.03221153846,49942.92373391225,3483.9311338461534,33584626.03076922
CyberShake_30,ADARE,2,14,10870.03221153846,49942.92373391225,3480.8861338461534,33584626.03076922
CyberShake_30,ADARE,2,15,10870.03221153846,49942.92373391225,3371.420749230769,33273528.915384613
CyberShake_30,ADARE,3,0,11463.181383076922,56482.92773734375,8327.449246153848,35695995.038461536
CyberShake_30,ADARE,3,1,11463.181383076922,56482.92773734375,8327.449246153848,34396865.80769232
CyberShake_30,ADARE,3,2,11463.181383076922,56482.92773734375,7302.544246153846,34396865.80769232
CyberShake_30,ADARE,3,3,11463.181383076922,56482.92773734375,7302.544246153846,34396865.80769232
CyberShake_30,ADARE,3,4,11463.181383076922,56482.92773734375,6270.951903076924,34396865.80769232
CyberShake_30,ADARE,3,5,11463.181383076922,56482.92773734375,6270.951903076924,34396865.80769232
CyberShake_30,ADARE,3,6,10894.86342578125,53846.506280600974,6270.951903076924,33460256.57692307
CyberShake_30,ADARE,3,7,10894.86342578125,53846.506280600974,5634.9492461538475,33460256.57692307
CyberShake_30,ADARE,3,8,10894.86342578125,53846.506280600974,5634.9492461538475,33460256.57692307
CyberShake_30,ADARE,3,9,10894.86342578125,53846.506280600974,4604.34886153846,33186942.153846156
CyberShake_30,ADARE,3,10,10894.86342578125,53846.506280600974,4567.87463076923,33186942.153846156
CyberShake_30,ADARE,3,11,10894.86342578125,53846.506280600974,4567.87463076923,33186942.153846156
CyberShake_30,ADARE,3,12,10894.86342578125,53846.506280600974,4527.800399999999,33186942.153846156
CyberShake_30,ADARE,3,13,10894.86342578125,53846.506280600974,3719.445784615384,32461024.653846145
CyberShake_30,ADARE,3,14,10894.86342578125,53846.506280600974,3719.445784615384,32461024.653846145
CyberShake_30,ADARE,3,15,10894.86342578125,53846.506280600974,3677.0742461538457,32461024.653846145
CyberShake_30,ADARE,4,0,12182.582124999999,53894.68266748797,6920.953826153846,35141821.27769232
CyberShake_30,ADARE,4,1,11736.780953846153,51640.928545069095,6920.953826153846,34733522.76153847
CyberShake_30,ADARE,4,2,11736.780953846153,51640.928545069095,6850.436518461536,34733522.76153847
CyberShake_30,ADARE,4,3,11736.780953846153,51640.928545069095,6850.436518461536,34733522.76153847
CyberShake_30,ADARE,4,4,11493.961242307692,51640.928545069095,5247.299980000001,34733522.76153847
CyberShake_30,ADARE,4,5,11493.961242307692,51640.928545069095,4187.143826153846,32503520.06923077
CyberShake_30,ADARE,4,6,11493.961242307692,51640.928545069095,4187.143826153846,32503520.06923077
CyberShake_30,ADARE,4,7,11493.961242307692,51640.928545069095,4187.143826153846,32503520.06923077
CyberShake_30,ADARE,4,8,11493.961242307692,51640.928545069095,4187.143826153846,32503520.06923077
CyberShake_30,ADARE,4,9,11493.961242307692,51640.928545069095,4023.622476923076,32503520.06923077
CyberShake_30,ADARE,4,10,11493.961242307692,51640.928545069095,4023.622476923076,32503520.06923077
CyberShake_30,ADARE,4,11,11493.961242307692,51640.928545069095,4023.622476923076,32503520.06923077
CyberShake_30,ADARE,4,12,11493.961242307692,51640.928545069095,4023.622476923076,32503520.06923077
CyberShake_30,ADARE,4,13,11493.961242307692,51640.928545069095,4023.622476923076,32503520.06923077
CyberShake_30,ADARE,4,14,11493.961242307692,51640.928545069095,4010.814784615384,32503520.06923077
CyberShake_30,ADARE,4,15,11493.961242307692,51640.928545069095,2992.774595384615,32503520.06923077
CyberShake_30,ADARE,5,0,12210.3089921875,60641.2095458774,6054.518056923077,34438935.61538461
CyberShake_30,ADARE,5,1,11407.861602307692,60641.2095458774,6054.518056923077,33777863.11538461
CyberShake_30,ADARE,5,2,11407.861602307692,58040.22725790264,6054.518056923077,33777863.11538461
CyberShake_30,ADARE,5,3,11407.861602307692,56575.89206689304,5672.485364615384,33777863.11538461
CyberShake_30,ADARE,5,4,10960.541500000001,50762.74056379207,5672.485364615384,33414093.499999996
CyberShake_30,ADARE,5,5,10960.541500000001,50762.74056379207,4294.719210769232,33414093.499999996
CyberShake_30,ADARE,5,6,10913.666500000001,50762.74056379207,4294.719210769232,33184718.11538461
CyberShake_30,ADARE,5,7,10913.666500000001,50762.74056379207,4294.719210769232,33184718.11538461
CyberShake_30,ADARE,5,8,10913.666500000001,50762.74056379207,4294.719210769232,33184718.11538461
CyberShake_30,ADARE,5,9,10913.666500000001,50762.74056379207,2898.676133846153,33184718.11538461
CyberShake_30,ADARE,5,10,10913.666500000001,50762.74056379207,2898.676133846153,33139522.538461532
CyberShake_30,ADARE,5,11,10913.666500000001,50762.74056379207,2898.676133846153,32759767.376923073
CyberShake_30,ADARE,5,12,10913.666500000001,50762.74056379207,2898.676133846153,32759767.376923073
CyberShake_30,ADARE,5,13,10913.666500000001,49437.0017544321,2898.676133846153,32759767.376923073
CyberShake_30,ADARE,5,14,10877.104000000001,49437.0017544321,2898.676133846153,32629672.538461532
CyberShake_30,ADARE,5,15,10877.104000000001,49437.0017544321,2898.676133846153,32170099.65384615
CyberShake_30,NSGA-III,1,0,11270.597154203726,58614.14677041166,7351.765364615384,35177771.085384615
CyberShake_30,NSGA-III,1,1,11270.597154203726,58377.27193872897,7351.765364615384,34266324.26923076
CyberShake_30,NSGA-III,1,2,10885.829961538462,57362.169151490394,7351.765364615384,33732354.26923076
CyberShake_30,NSGA-III,1,3,10885.829961538462,57362.169151490394,7351.765364615384,33732354.26923076
CyberShake_30,NSGA-III,1,4,10885.829961538462,51993.577244918866,7351.765364615384,33732354.26923076
CyberShake_30,NSGA-III,1,5,10885.829961538462,50718.57194064903,6184.40421076923,33732354.26923076
CyberShake_30,NSGA-III,1,6,11270.597154203726,50718.57194064903,6184.40421076923,34051442.34615385
CyberShake_30,NSGA-III,1,7,11633.63580153846,51495.06601989482,5469.092287692308,34051442.34615385
CyberShake_30,NSGA-III,1,8,11633.63580153846,51495.06601989482,5469.092287692308,34032137.34615385
CyberShake_30,NSGA-III,1,9,11633.63580153846,51495.06601989482,5469.092287692308,33075984.269230764
CyberShake_30,NSGA-III,1,10,11633.63580153846,51495.06601989482,5763.632287692307,33075984.269230764
CyberShake_30,NSGA-III,1,11,11633.63580153846,51495.06601989482,5763.632287692307,33075984.269230764
CyberShake_30,NSGA-III,1,12,11633.63580153846,51495.06601989482,5287.228826153846,32759646.384615377
CyberShake_30,NSGA-III,1,13,11633.63580153846,51495.06601989482,5287.228826153846,32812363.884615377
CyberShake_30,NSGA-III,1,14,11633.63580153846,51495.06601989482,5287.228826153846,33285935.23076923
CyberShake_30,NSGA-III,1,15,11633.63580153846,51495.06601989482,5287.228826153846,33285935.23076923
CyberShake_30,NSGA-III,2,0,11710.069415384614,60203.67135307392,10309.757861538463,34313889.10769231
CyberShake_30,NSGA-III,2,1,11665.069415384614,57083.0405098858,10309.757861538463,34313889.10769231
CyberShake_30,NSGA-III,2,2,11539.538165384614,57083.0405098858,10030.440784615384,34313889.10769231
CyberShake_30,NSGA-III,2,3,11539.538165384614,57083.0405098858,10030.440784615384,34313889.10769231
CyberShake_30,NSGA-III,2,4,11351.46541230769,57083.0405098858,9354.612672307696,34313889.10769231
CyberShake_30,NSGA-III,2,5,11351.46541230769,56457.7267942548,9287.769784615386,34313889.10769231
CyberShake_30,NSGA-III,2,6,11351.46541230769,52999.10520620493,8835.063441538465,34268182.95384616
CyberShake_30,NSGA-III,2,7,11351.46541230769,52999.10520620493,8835.063441538465,32759516.576923076
CyberShake_30,NSGA-III,2,8,11351.46541230769,52999.10520620493,5400.019015384617,32759516.576923076
CyberShake_30,NSGA-III,2,9,11351.46541230769,52999.10520620493,5400.019015384617,32759516.576923076
CyberShake_30,NSGA-III,2,10,10830.683326923077,52999.10520620493,6474.009210769232,32309514.84615384
CyberShake_30,NSGA-III,2,11,10830.683326923077,52999.10520620493,6119.212707692308,32309514.84615384
CyberShake_30,NSGA-III,2,12,10830.683326923077,52999.10520620493,6006.6954,32309514.84615384
CyberShake_30,NSGA-III,2,13,10830.683326923077,52999.10520620493,5686.083441538462,32309514.84615384
CyberShake_30,NSGA-III,2,14,10830.683326923077,52999.10520620493,3329.858056923077,32309514.84615384
CyberShake_30,NSGA-III,2,15,10830.683326923077,52999.10520620493,3329.858056923077,32309514.84615384
CyberShake_30,NSGA-III,3,0,11463.181383076922,56482.92773734375,8327.449246153848,35695995.038461536
CyberShake_30,NSGA-III,3,1,11176.51946153846,55575.784072704315,8327.449246153848,35695995.038461536
CyberShake_30,NSGA-III,3,2,11176.51946153846,55575.784072704315,8327.449246153848,35695995.038461536
CyberShake_30,NSGA-III,3,3,11176.51946153846,53425.9535230559,8178.241133846155,33432252.56923076
CyberShake_30,NSGA-III,3,4,11176.51946153846,51527.22100707934,7790.045400000001,33432252.56923076
CyberShake_30,NSGA-III,3,5,11176.51946153846,51527.22100707934,7687.813826153847,33432252.56923076
CyberShake_30,NSGA-III,3,6,11176.51946153846,51527.22100707934,6092.74693846154,33432252.56923076
CyberShake_30,NSGA-III,3,7,11461.270325384616,51527.22100707934,4978.965784615386,32910363.499999996
CyberShake_30,NSGA-III,3,8,11461.270325384616,51527.22100707934,4978.965784615386,32910363.499999996
CyberShake_30,NSGA-III,3,9,11461.270325384616,51527.22100707934,4978.965784615386,32131411.769230764
CyberShake_30,NSGA-III,3,10,11461.270325384616,51527.22100707934,4888.782323076924,31747317.73076923
CyberShake_30,NSGA-III,3,11,11461.270325384616,51527.22100707934,4659.535015384617,31747317.73076923
CyberShake_30,NSGA-III,3,12,11461.270325384616,51527.22100707934,4659.535015384617,31344595.261538457
CyberShake_30,NSGA-III,3,13,11461.270325384616,51527.22100707934,4659.535015384617,31344595.261538457
CyberShake_30,NSGA-III,3,14,11455.100649921875,51527.22100707934,4659.535015384617,31344595.261538457
CyberShake_30,NSGA-III,3,15,11455.100649921875,51527.22100707934,4659.535015384617,31344595.261538457
CyberShake_30,NSGA-III,4,0,12182.582124999999,53894.68266748797,6920.953826153846,35141821.27769232
CyberShake_30,NSGA-III,4,1,11496.21124230769,52229.48817185095,6920.953826153846,35141821.27769232
CyberShake_30,NSGA-III,4,2,11496.21124230769,52229.48817185095,4253.059595384615,35141821.27769232
CyberShake_30,NSGA-III,4,3,11496.21124230769,52229.48817185095,4253.059595384615,33973221.47
CyberShake_30,NSGA-III,4,4,11496.21124230769,52229.48817185095,4253.059595384615,33973221.47
CyberShake_30,NSGA-III,4,5,11496.21124230769,52313.52670800481,4253.059595384615,33973221.47
CyberShake_30,NSGA-III,4,6,11496.21124230769,52313.52670800481,4212.985364615384,33973221.47
CyberShake_30,NSGA-III,4,7,11496.21124230769,53894.68266748797,4212.985364615384,33426110.06923077
CyberShake_30,NSGA-III,4,8,11496.21124230769,54512.49812170371,4212.985364615384,33426110.06923077
CyberShake_30,NSGA-III,4,9,11496.21124230769,54512.49812170371,4169.768056923076,32910039.684615377
CyberShake_30,NSGA-III,4,10,11496.21124230769,54512.49812170371,2643.523826153846,32630018.530769225
CyberShake_30,NSGA-III,4,11,11496.21124230769,52159.77223645434,2643.523826153846,32630018.530769225
CyberShake_30,NSGA-III,4,12,11496.21124230769,50590.60589008715,2643.523826153846,32630018.530769225
CyberShake_30,NSGA-III,4,13,11496.21124230769,50590.60589008715,2643.523826153846,32630018.530769225
CyberShake_30,NSGA-III,4,14,11496.21124230769,50590.60589008715,2643.523826153846,32602738.14615384
CyberShake_30,NSGA-III,4,15,11496.21124230769,50590.60589008715,3262.1419384615383,32630018.530769225
CyberShake_30,NSGA-III,5,0,12210.3089921875,60641.2095458774,6054.518056923077,34438935.61538461
CyberShake_30,NSGA-III,5,1,12210.3089921875,54933.57951223858,6054.518056923077,34438935.61538461
CyberShake_30,NSGA-III,5,2,12210.3089921875,54933.57951223858,6054.518056923077,34341526.192307696
CyberShake_30,NSGA-III,5,3,12210.3089921875,53990.6315421214,6054.518056923077,34341526.192307696
CyberShake_30,NSGA-III,5,4,12150.3089921875,52929.25539270734,5073.781133846154,34341526.192307696
CyberShake_30,NSGA-III,5,5,11980.47670846154,52929.25539270734,4619.628441538462,34341526.192307696
CyberShake_30,NSGA-III,5,6,11521.999703846153,53274.779653224155,3933.0253646153847,34202938.14615385
CyberShake_30,NSGA-III,5,7,11521.999703846153,53274.779653224155,3852.6227076923074,34202938.14615385
CyberShake_30,NSGA-III,5,8,11521.999703846153,53274.779653224155,3852.6227076923074,33452002.53846153
CyberShake_30,NSGA-III,5,9,11385.07354571214,53274.779653224155,3852.6227076923074,33604308.33846153
CyberShake_30,NSGA-III,5,10,11520.030953846153,53274.779653224155,3852.6227076923074,33604308.33846153
CyberShake_30,NSGA-III,5,11,11520.030953846153,52568.373483173076,3852.6227076923074,32811990.038461532
CyberShake_30,NSGA-III,5,12,11521.999703846153,52568.373483173076,4805.561169230769,32503134.269230764
CyberShake_30,NSGA-III,5,13,11521.999703846153,52568.373483173076,4805.561169230769,32811990.038461532
CyberShake_30,NSGA-III,5,14,11521.999703846153,52568.373483173076,4800.584630769231,32704829.299999993
CyberShake_30,NSGA-III,5,15,11521.999703846153,52568.373483173076,4800.584630769231,32704829.299999993
CyberShake_30,NSGA-II,1,0,11270.597154203726,58614.14677041166,7351.765364615384,35177771.085384615
CyberShake_30,NSGA-II,1,1,11270.597154203726,56450.387939381006,7351.765364615384,34642856.57692307
CyberShake_30,NSGA-II,1,2,11270.597154203726,56450.387939381006,7351.765364615384,34512999.931538455
CyberShake_30,NSGA-II,1,3,11270.597154203726,55837.3569271094,7351.765364615384,34512999.931538455
CyberShake_30,NSGA-II,1,4,11270.597154203726,55837.3569271094,7351.765364615384,33435477.153846145
CyberShake_30,NSGA-II,1,5,11270.597154203726,52524.73694057691,6381.887287692307,33435477.153846145
CyberShake_30,NSGA-II,1,6,11270.597154203726,52524.73694057691,6381.887287692307,33435477.153846145
CyberShake_30,NSGA-II,1,7,11270.597154203726,52524.73694057691,6381.887287692307,33162292.376923073
CyberShake_30,NSGA-II,1,8,11270.597154203726,52524.73694057691,5962.786133846153,33162292.376923073
CyberShake_30,NSGA-II,1,9,11270.597154203726,52524.73694057691,5962.786133846153,33162292.376923073
CyberShake_30,NSGA-II,1,10,11270.597154203726,52524.73694057691,5962.786133846153,33162292.376923073
CyberShake_30,NSGA-II,1,11,11270.597154203726,52524.73694057691,5869.113441538461,33162292.376923073
CyberShake_30,NSGA-II,1,12,11270.597154203726,52524.73694057691,5869.113441538461,33162292.376923073
CyberShake_30,NSGA-II,1,13,11270.597154203726,52524.73694057691,5869.113441538461,33162292.376923073
CyberShake_30,NSGA-II,1,14,11270.597154203726,52524.73694057691,5353.744595384616,33162292.376923073
CyberShake_30,NSGA-II,1,15,11270.597154203726,52524.73694057691,4723.989210769231,33162292.376923073
CyberShake_30,NSGA-II,2,0,11710.069415384614,60203.67135307392,10309.757861538463,34313889.10769231
CyberShake_30,NSGA-II,2,1,11710.069415384614,58379.08294542067,10309.757861538463,34313889.10769231
CyberShake_30,NSGA-II,2,2,11520.030953846153,56508.18738915565,10309.757861538463,34313889.10769231
CyberShake_30,NSGA-II,2,3,11520.030953846153,56508.18738915565,10047.490938461537,33523676.99230769
CyberShake_30,NSGA-II,2,4,11520.030953846153,56508.18738915565,10047.490938461537,33523676.99230769
CyberShake_30,NSGA-II,2,5,11520.030953846153,56508.18738915565,9882.496133846156,33523676.99230769
CyberShake_30,NSGA-II,2,6,11520.030953846153,56508.18738915565,9017.595553846153,32559688.884615384
CyberShake_30,NSGA-II,2,7,11520.030953846153,52358.468308774034,9017.595553846153,32559688.884615384
CyberShake_30,NSGA-II,2,8,11501.800184615384,52358.468308774034,6697.328056923078,32559688.884615384
CyberShake_30,NSGA-II,2,9,11501.800184615384,52358.468308774034,6697.328056923078,32559688.884615384
CyberShake_30,NSGA-II,2,10,11501.800184615384,51451.068304492175,6683.481903076924,32559688.884615384
CyberShake_30,NSGA-II,2,11,11501.800184615384,51451.068304492175,6683.481903076924,32539890.61538461
CyberShake_30,NSGA-II,2,12,11501.800184615384,51451.068304492175,6429.010364615384,32163707.923076913
CyberShake_30,NSGA-II,2,13,11501.800184615384,51451.068304492175,6429.010364615384,32163707.923076913
CyberShake_30,NSGA-II,2,14,11501.800184615384,51451.068304492175,6416.941938461538,32163707.923076913
CyberShake_30,NSGA-II,2,15,11501.800184615384,51451.068304492175,6050.467707692307,32163707.923076913
CyberShake_30,NSGA-II,3,0,11463.181383076922,56482.92773734375,8327.449246153848,35695995.038461536
CyberShake_30,NSGA-II,3,1,11451.677942307693,55861.72574014121,8327.449246153848,35337644.461538464
CyberShake_30,NSGA-II,3,2,11421.62025,55308.9187605559,7252.511518461538,35337644.461538464
CyberShake_30,NSGA-II,3,3,11421.62025,54678.02827965145,7252.511518461538,34973007.56923077
CyberShake_30,NSGA-II,3,4,11421.62025,54678.02827965145,7252.511518461538,34973007.56923077
CyberShake_30,NSGA-II,3,5,11421.62025,54678.02827965145,7252.511518461538,32762737.37692307
CyberShake_30,NSGA-II,3,6,11421.62025,54029.12293464845,7252.511518461538,32762737.37692307
CyberShake_30,NSGA-II,3,7,11421.62025,54029.12293464845,6902.645749230771,32762737.37692307
CyberShake_30,NSGA-II,3,8,11421.62025,51595.64571127102,6902.645749230771,32762737.37692307
CyberShake_30,NSGA-II,3,9,11421.62025,50154.144725006,5522.397672307692,32762737.37692307
CyberShake_30,NSGA-II,3,10,11421.62025,50154.144725006,5506.866553846153,32415046.607692298
CyberShake_30,NSGA-II,3,11,11421.62025,50154.144725006,5291.294980000001,32415046.607692298
CyberShake_30,NSGA-II,3,12,11421.62025,50154.144725006,5291.294980000001,32415046.607692298
CyberShake_30,NSGA-II,3,13,11421.62025,50154.144725006,5291.294980000001,32415046.607692298
CyberShake_30,NSGA-II,3,14,11421.62025,50154.144725006,5291.294980000001,32415046.607692298
CyberShake_30,NSGA-II,3,15,11421.62025,50154.144725006,5291.294980000001,32415046.607692298
CyberShake_30,NSGA-II,4,0,12182.582124999999,53894.68266748797,6920.953826153846,35141821.27769232
CyberShake_30,NSGA-II,4,1,11520.788165384614,53894.68266748797,6920.953826153846,34106805.70076924
CyberShake_30,NSGA-II,4,2,11520.788165384614,53894.68266748797,6920.953826153846,34106805.70076924
CyberShake_30,NSGA-II,4,3,11495.45403076923,53894.68266748797,6920.953826153846,34071413.20076924
CyberShake_30,NSGA-II,4,4,11495.45403076923,53894.68266748797,5933.765749230768,34071413.20076924
CyberShake_30,NSGA-II,4,5,11495.45403076923,53894.68266748797,4493.765749230768,34071413.20076924
CyberShake_30,NSGA-II,4,6,11495.45403076923,53894.68266748797,4493.765749230768,34071413.20076924
CyberShake_30,NSGA-II,4,7,11495.45403076923,53894.68266748797,4493.765749230768,33434028.00846153
CyberShake_30,NSGA-II,4,8,11495.45403076923,53894.68266748797,4479.845749230768,33434028.00846153
CyberShake_30,NSGA-II,4,9,11495.45403076923,53894.68266748797,3468.3519030769235,32784671.41538461
CyberShake_30,NSGA-II,4,10,11495.45403076923,53894.68266748797,3468.3519030769235,32784671.41538461
CyberShake_30,NSGA-II,4,11,11482.062203846153,53894.68266748797,3195.6294000000003,32784671.41538461
CyberShake_30,NSGA-II,4,12,11482.062203846153,53894.68266748797,2128.346518461538,32784671.41538461
CyberShake_30,NSGA-II,4,13,11482.062203846153,53660.025653533645,2128.346518461538,32784671.41538461
CyberShake_30,NSGA-II,4,14,11482.062203846153,53660.025653533645,2128.346518461538,32784671.41538461
CyberShake_30,NSGA-II,4,15,11482.062203846153,53660.025653533645,2128.346518461538,32784671.41538461
CyberShake_30,NSGA-II,5,0,12210.3089921875,60641.2095458774,6054.518056923077,34438935.61538461
CyberShake_30,NSGA-II,5,1,12046.20657692308,60337.8639358774,6054.518056923077,34438935.61538461
CyberShake_30,NSGA-II,5,2,11520.694415384614,60337.8639358774,6054.518056923077,34438935.61538461
CyberShake_30,NSGA-II,5,3,11001.510250000001,54693.20880696515,6054.518056923077,33473760.038461532
CyberShake_30,NSGA-II,5,4,11001.510250000001,54693.20880696515,4721.672287692309,33473760.038461532
CyberShake_30,NSGA-II,5,5,11001.510250000001,52300.19177594051,4721.672287692309,33438026.085384615
CyberShake_30,NSGA-II,5,6,11001.510250000001,52300.19177594051,4721.672287692309,33438026.085384615
CyberShake_30,NSGA-II,5,7,11001.510250000001,52300.19177594051,4721.672287692309,33046160.893076923
CyberShake_30,NSGA-II,5,8,11001.510250000001,52300.19177594051,4721.672287692309,33014659.653846152
CyberShake_30,NSGA-II,5,9,10938.452625,52300.19177594051,4721.672287692309,33014659.653846152
CyberShake_30,NSGA-II,5,10,10938.452625,52300.19177594051,4392.706938461539,31983794.461538453
CyberShake_30,NSGA-II,5,11,10938.452625,52300.19177594051,3309.7511338461527,31983794.461538453
CyberShake_30,NSGA-II,5,12,10938.452625,52300.19177594051,3309.7511338461527,31983794.461538453
CyberShake_30,NSGA-II,5,13,10806.649,52300.19177594051,3309.7511338461527,31983794.461538453
CyberShake_30,NSGA-II,5,14,10806.649,51747.88786106972,3302.138056923076,31983794.461538453
CyberShake_30,NSGA-II,5,15,10806.649,51747.88786106972,3302.138056923076,31983794.461538453
CyberShake_30,MOEA/D,1,0,11270.597154203726,58614.14677041166,7351.765364615384,35177771.085384615
CyberShake_30,MOEA/D,1,1,12976.137971679687,57888.51827008414,9818.904210769235,34327382.18461538
CyberShake_30,MOEA/D,1,2,13957.681440796274,62118.339730054075,11505.535015384618,34327382.18461538
CyberShake_30,MOEA/D,1,3,14094.65791,65348.97407202223,11505.535015384618,33153280.261538457
CyberShake_30,MOEA/D,1,4,14152.64589076923,65348.97407202223,11505.535015384618,32295350.230769224
CyberShake_30,MOEA/D,1,5,14252.251882307692,65348.97407202223,11505.535015384618,32196869.461538456
CyberShake_30,MOEA/D,1,6,13881.188652334735,65348.97407202223,11505.535015384618,32164073.11538461
CyberShake_30,MOEA/D,1,7,13881.188652334735,65348.97407202223,11505.535015384618,31542079.65384615
CyberShake_30,MOEA/D,1,8,13881.188652334735,65348.97407202223,11505.535015384618,31194731.57692307
CyberShake_30,MOEA/D,1,9,13881.188652334735,66239.96058897534,11505.535015384618,31194731.57692307
CyberShake_30,MOEA/D,1,10,13881.188652334735,66239.96058897534,11505.535015384618,31116341.57692307
CyberShake_30,MOEA/D,1,11,13881.188652334735,66239.96058897534,11505.535015384618,31112890.423076913
CyberShake_30,MOEA/D,1,12,13881.188652334735,66239.96058897534,11505.535015384618,31103925.03846153
CyberShake_30,MOEA/D,1,13,13881.188652334735,66239.96058897534,10614.496133846156,31088355.03846153
CyberShake_30,MOEA/D,1,14,13881.188652334735,66239.96058897534,10614.496133846156,31088355.03846153
CyberShake_30,MOEA/D,1,15,13881.188652334735,66239.96058897534,10614.496133846156,31088355.03846153
CyberShake_30,MOEA/D,2,0,11710.069415384614,60203.67135307392,10309.757861538463,34313889.10769231
CyberShake_30,MOEA/D,2,1,13348.921547692307,65199.452291571506,10309.757861538463,34313889.10769231
CyberShake_30,MOEA/D,2,2,13348.921547692307,60027.701115348544,10309.757861538463,32858878.307692304
CyberShake_30,MOEA/D,2,3,13348.921547692307,71301.34195127104,11915.653246153848,32306868.499999996
CyberShake_30,MOEA/D,2,4,13348.921547692307,68529.94472639423,11915.653246153848,31843249.076923076
CyberShake_30,MOEA/D,2,5,14371.878458461539,62923.31564010516,11454.954784615387,31351627.538461536
CyberShake_30,MOEA/D,2,6,15023.25641153846,63257.5754663732,11454.954784615387,31351627.538461536
CyberShake_30,MOEA/D,2,7,15593.56963788762,63257.5754663732,10620.844246153847,31351359.269230768
CyberShake_30,MOEA/D,2,8,15593.56963788762,63257.5754663732,10620.844246153847,31299278.69230769
CyberShake_30,MOEA/D,2,9,15593.56963788762,63257.5754663732,10620.844246153847,31299278.69230769
CyberShake_30,MOEA/D,2,10,15580.81963788762,63257.5754663732,10620.844246153847,31261411.19230769
CyberShake_30,MOEA/D,2,11,15580.81963788762,63257.5754663732,10620.844246153847,31261411.19230769
CyberShake_30,MOEA/D,2,12,15580.81963788762,63257.5754663732,10620.844246153847,31254406.769230764
CyberShake_30,MOEA/D,2,13,15580.81963788762,63257.5754663732,10607.745784615385,31222699.076923072
CyberShake_30,MOEA/D,2,14,15580.81963788762,63257.5754663732,10607.745784615385,30885228.499999993
CyberShake_30,MOEA/D,2,15,15580.81963788762,63257.5754663732,10607.745784615385,30844676.57692307
CyberShake_30,MOEA/D,3,0,11463.181383076922,56482.92773734375,8327.449246153848,35695995.038461536
CyberShake_30,MOEA/D,3,1,13868.265575411659,61783.27648508713,9982.289400000003,34384887.15384615
CyberShake_30,MOEA/D,3,2,13914.015575411659,64922.14836674577,9982.289400000003,34384887.15384615
CyberShake_30,MOEA/D,3,3,13903.796825411659,64922.14836674577,9982.289400000003,33630704.46153846
CyberShake_30,MOEA/D,3,4,13914.015575411659,64922.14836674577,9982.289400000003,33327797.34615384
CyberShake_30,MOEA/D,3,5,13914.015575411659,64922.14836674577,9982.289400000003,32950176.38461538
CyberShake_30,MOEA/D,3,6,14272.064882403847,64922.14836674577,9982.289400000003,32206106.576923076
CyberShake_30,MOEA/D,3,7,14433.661429230768,64922.14836674577,9982.289400000003,32117387.346153837
CyberShake_30,MOEA/D,3,8,14473.73290775541,64922.14836674577,9982.289400000003,31673912.34615384
CyberShake_30,MOEA/D,3,9,14473.73290775541,64922.14836674577,9982.289400000003,31330250.8076923
CyberShake_30,MOEA/D,3,10,14473.73290775541,64922.14836674577,9982.289400000003,30881237.346153837
CyberShake_30,MOEA/D,3,11,14473.73290775541,64922.14836674577,9982.289400000003,30881237.346153837
CyberShake_30,MOEA/D,3,12,14473.73290775541,64922.14836674577,9982.289400000003,30819940.423076913
CyberShake_30,MOEA/D,3,13,14316.783632403847,64922.14836674577,9982.289400000003,30815192.923076913
CyberShake_30,MOEA/D,3,14,14316.783632403847,64922.14836674577,9982.289400000003,30815192.923076913
CyberShake_30,MOEA/D,3,15,14316.783632403847,64922.14836674577,9732.96170769231,30800448.49999999
CyberShake_30,MOEA/D,4,0,12182.582124999999,53894.68266748797,6920.953826153846,35141821.27769232
CyberShake_30,MOEA/D,4,1,13937.761208912261,65828.54808738582,6850.88998,33968605.83846154
CyberShake_30,MOEA/D,4,2,13569.204524414063,67295.5253855619,12594.415015384615,31783016.576923072
CyberShake_30,MOEA/D,4,3,13569.204524414063,66506.73539152642,14278.673861538466,31662735.03846153
CyberShake_30,MOEA/D,4,4,13569.204524414063,60304.77793442907,12233.39270769231,31649408.115384605
CyberShake_30,MOEA/D,4,5,13569.204524414063,60304.77793442907,12233.39270769231,31610017.53846153
CyberShake_30,MOEA/D,4,6,13500.204524414063,60304.77793442907,8331.280015384616,31610017.53846153
CyberShake_30,MOEA/D,4,7,14202.859966153845,60304.77793442907,8331.280015384616,31178093.69230768
CyberShake_30,MOEA/D,4,8,14202.859966153845,60304.77793442907,8331.280015384616,31104710.8076923
CyberShake_30,MOEA/D,4,9,14202.859966153845,60304.77793442907,8331.280015384616,31086174.26923076
CyberShake_30,MOEA/D,4,10,14202.859966153845,60304.77793442907,8331.280015384616,30786887.923076913
CyberShake_30,MOEA/D,4,11,14202.859966153845,60304.77793442907,8331.280015384616,30781557.153846145
CyberShake_30,MOEA/D,4,12,14202.859966153845,60304.77793442907,8331.280015384616,30781557.153846145
CyberShake_30,MOEA/D,4,13,14202.859966153845,60304.77793442907,8331.280015384616,30773560.99999999
CyberShake_30,MOEA/D,4,14,14202.859966153845,60304.77793442907,8331.280015384616,30786887.923076913
CyberShake_30,MOEA/D,4,15,14202.859966153845,60304.77793442907,8331.280015384616,30786887.923076913
CyberShake_30,MOEA/D,5,0,12210.3089921875,60641.2095458774,6054.518056923077,34438935.61538461
CyberShake_30,MOEA/D,5,1,12508.636766153846,62702.272480054075,4385.544210769232,34344664.07692307
CyberShake_30,MOEA/D,5,2,15021.73459153846,68422.31800043568,4385.544210769232,33638606.992307685
CyberShake_30,MOEA/D,5,3,14838.29893307692,68625.93467215143,4385.544210769232,32260587.73076923
CyberShake_30,MOEA/D,5,4,16311.517447265625,66024.20864037258,4385.544210769232,32100692.346153837
CyberShake_30,MOEA/D,5,5,14503.947826923077,61567.650969426075,4385.544210769232,31750524.846153837
CyberShake_30,MOEA/D,5,6,14503.947826923077,64908.949946559485,4385.544210769232,31342213.884615377
CyberShake_30,MOEA/D,5,7,14503.947826923077,64850.289801890016,4385.544210769232,31265956.192307685
CyberShake_30,MOEA/D,5,8,14445.192679230768,69450.74782923075,4385.544210769232,31230272.923076913
CyberShake_30,MOEA/D,5,9,14445.192679230768,69705.72185214242,4385.544210769232,31221707.346153837
CyberShake_30,MOEA/D,5,10,14445.192679230768,69705.72185214242,4385.544210769232,31172151.961538453
CyberShake_30,MOEA/D,5,11,14445.192679230768,69705.72185214242,4385.544210769232,31172151.961538453
CyberShake_30,MOEA/D,5,12,14445.192679230768,69705.72185214242,4385.544210769232,31172151.961538453
CyberShake_30,MOEA/D,5,13,14445.192679230768,69705.72185214242,4385.544210769232,30851578.884615377
CyberShake_30,MOEA/D,5,14,14445.192679230768,69705.72185214242,4385.544210769232,30817918.884615377
CyberShake_30,MOEA/D,5,15,14445.192679230768,69705.72185214242,4385.544210769232,30817918.884615377
CyberShake_30,QL-NSGA-III,1,0,11270.597154203726,58614.14677041166,7351.765364615384,35177771.085384615
CyberShake_30,QL-NSGA-III,1,1,11270.597154203726,55347.66813840745,7351.765364615384,34285014.84615384
CyberShake_30,QL-NSGA-III,1,2,11270.597154203726,55347.66813840745,7351.765364615384,34189756.27769231
CyberShake_30,QL-NSGA-III,1,3,10955.291500000001,55347.66813840745,6832.559630769233,34189756.27769231
CyberShake_30,QL-NSGA-III,1,4,10955.291500000001,55347.66813840745,6832.559630769233,33771806.99230768
CyberShake_30,QL-NSGA-III,1,5,10955.291500000001,55955.52625585036,6819.925015384617,33691328.11538461
CyberShake_30,QL-NSGA-III,1,6,10955.291500000001,56278.097301890026,5421.191518461538,33163555.838461537
CyberShake_30,QL-NSGA-III,1,7,10955.291500000001,56278.097301890026,5421.191518461538,33162707.76153846
CyberShake_30,QL-NSGA-III,1,8,10955.291500000001,56278.097301890026,5421.191518461538,33000493.3076923
CyberShake_30,QL-NSGA-III,1,9,11270.597154203726,55405.82616380108,5421.191518461538,33000493.3076923
CyberShake_30,QL-NSGA-III,1,10,11270.597154203726,56036.78491048978,5421.191518461538,33000493.3076923
CyberShake_30,QL-NSGA-III,1,11,11270.597154203726,56036.78491048978,5421.191518461538,33000493.3076923
CyberShake_30,QL-NSGA-III,1,12,11270.597154203726,56036.78491048978,4174.046518461538,33000493.3076923
CyberShake_30,QL-NSGA-III,1,13,11270.597154203726,56036.78491048978,4174.046518461538,32308166.57692307
CyberShake_30,QL-NSGA-III,1,14,11270.597154203726,56036.78491048978,3827.81421076923,32605720.423076916
CyberShake_30,QL-NSGA-III,1,15,11270.597154203726,56036.78491048978,3827.81421076923,32605720.423076916
CyberShake_30,QL-NSGA-III,2,0,11710.069415384614,60203.67135307392,10309.757861538463,34313889.10769231
CyberShake_30,QL-NSGA-III,2,1,11710.069415384614,57395.56507638221,10309.757861538463,33810020.80769231
CyberShake_30,QL-NSGA-III,2,2,11710.069415384614,57395.56507638221,9928.15382615385,33810020.80769231
CyberShake_30,QL-NSGA-III,2,3,11506.653549999999,56600.02355347656,8992.71921076923,33810020.80769231
CyberShake_30,QL-NSGA-III,2,4,11506.653549999999,55160.03432135217,8674.932323076922,33810020.80769231
CyberShake_30,QL-NSGA-III,2,5,11506.653549999999,55160.03432135217,7050.979595384615,33808904.461538464
CyberShake_30,QL-NSGA-III,2,6,11594.948686923077,54985.68719141526,6921.362287692307,33808904.461538464
CyberShake_30,QL-NSGA-III,2,7,11497.42278076923,52470.97916477165,6921.362287692307,33808904.461538464
CyberShake_30,QL-NSGA-III,2,8,11497.42278076923,52470.97916477165,6921.362287692307,33808904.461538464
CyberShake_30,QL-NSGA-III,2,9,11497.42278076923,52470.97916477165,6222.169595384614,32315089.492307693
CyberShake_30,QL-NSGA-III,2,10,11497.42278076923,52470.97916477165,6222.169595384614,32315089.492307693
CyberShake_30,QL-NSGA-III,2,11,11497.42278076923,52470.97916477165,6921.362287692307,32315089.492307693
CyberShake_30,QL-NSGA-III,2,12,11497.42278076923,52470.97916477165,6338.981518461538,32315089.492307693
CyberShake_30,QL-NSGA-III,2,13,11497.42278076923,52470.97916477165,6338.981518461538,32315089.492307693
CyberShake_30,QL-NSGA-III,2,14,11497.42278076923,52470.97916477165,5830.566323076923,32315089.492307693
CyberShake_30,QL-NSGA-III,2,15,11497.42278076923,52470.97916477165,5315.90998,32315089.492307693
CyberShake_30,QL-NSGA-III,3,0,11463.181383076922,56482.92773734375,8327.449246153848,35695995.038461536
CyberShake_30,QL-NSGA-III,3,1,11463.181383076922,56482.92773734375,7703.423056923079,35695995.038461536
CyberShake_30,QL-NSGA-III,3,2,11463.181383076922,56482.92773734375,7703.423056923079,34954412.34615384
CyberShake_30,QL-NSGA-III,3,3,11463.181383076922,53008.297059366,5990.803826153846,34954412.34615384
CyberShake_30,QL-NSGA-III,3,4,11463.181383076922,53008.297059366,5990.803826153846,34532682.73076923
CyberShake_30,QL-NSGA-III,3,5,11463.181383076922,53008.297059366,5990.803826153846,34207966.03076924
CyberShake_30,QL-NSGA-III,3,6,11463.181383076922,53008.297059366,4903.704210769231,33836946.22307692
CyberShake_30,QL-NSGA-III,3,7,11463.181383076922,53008.297059366,4903.704210769231,33588035.8076923
CyberShake_30,QL-NSGA-III,3,8,11522.60446,53008.297059366,4903.704210769231,33588035.8076923
CyberShake_30,QL-NSGA-III,3,9,11768.446127478965,53008.297059366,4551.763476923078,33189526.03076923
CyberShake_30,QL-NSGA-III,3,10,11768.446127478965,53008.297059366,4551.763476923078,33189526.03076923
CyberShake_30,QL-NSGA-III,3,11,11768.446127478965,53008.297059366,4551.763476923078,33189526.03076923
CyberShake_30,QL-NSGA-III,3,12,11768.446127478965,53008.297059366,4148.09421076923,33181673.53076923
CyberShake_30,QL-NSGA-III,3,13,11768.446127478965,53008.297059366,4148.09421076923,33181673.53076923
CyberShake_30,QL-NSGA-III,3,14,11768.446127478965,53201.72187262922,4148.09421076923,32808954.269230764
CyberShake_30,QL-NSGA-III,3,15,11768.446127478965,53201.72187262922,4148.09421076923,33181673.53076923
CyberShake_30,QL-NSGA-III,4,0,12182.582124999999,53894.68266748797,6920.953826153846,35141821.27769232
CyberShake_30,QL-NSGA-III,4,1,11528.791010742189,53894.68266748797,6920.953826153846,35141821.27769232
CyberShake_30,QL-NSGA-III,4,2,11477.998515624999,53894.68266748797,6920.953826153846,34363104.93153847
CyberShake_30,QL-NSGA-III,4,3,11477.998515624999,53894.68266748797,6920.953826153846,33825239.3
CyberShake_30,QL-NSGA-III,4,4,11477.998515624999,53492.2538902494,4558.697287692308,33761027.76153846
CyberShake_30,QL-NSGA-III,4,5,11477.998515624999,53492.2538902494,4558.697287692308,33761027.76153846
CyberShake_30,QL-NSGA-III,4,6,11477.998515624999,53491.49667871094,4558.697287692308,33492228.91538461
CyberShake_30,QL-NSGA-III,4,7,11496.21124230769,52839.05114247295,4558.697287692308,33492228.91538461
CyberShake_30,QL-NSGA-III,4,8,11496.21124230769,52839.05114247295,4558.697287692308,32668789.162307683
CyberShake_30,QL-NSGA-III,4,9,11496.21124230769,52839.05114247295,4558.697287692308,32668789.162307683
CyberShake_30,QL-NSGA-III,4,10,11496.21124230769,52839.05114247295,4558.697287692308,32668789.162307683
CyberShake_30,QL-NSGA-III,4,11,11496.21124230769,52839.05114247295,4558.697287692308,32197139.461538456
CyberShake_30,QL-NSGA-III,4,12,11496.21124230769,52839.05114247295,4558.697287692308,32197139.461538456
CyberShake_30,QL-NSGA-III,4,13,11496.21124230769,51199.673949396034,4558.697287692308,32197139.461538456
CyberShake_30,QL-NSGA-III,4,14,11496.21124230769,51199.673949396034,4558.697287692308,32197139.461538456
CyberShake_30,QL-NSGA-III,4,15,11496.21124230769,51199.673949396034,4558.697287692308,32197139.461538456
CyberShake_30,QL-NSGA-III,5,0,12210.3089921875,60641.2095458774,6054.518056923077,34438935.61538461
CyberShake_30,QL-NSGA-III,5,1,12210.3089921875,58678.56010705228,6054.518056923077,34438935.61538461
CyberShake_30,QL-NSGA-III,5,2,10883.36337417368,58678.56010705228,6054.518056923077,34091002.538461536
CyberShake_30,QL-NSGA-III,5,3,10881.39462417368,57468.26581101862,6054.518056923077,33502618.723076917
CyberShake_30,QL-NSGA-III,5,4,10881.39462417368,56529.046563131,6054.518056923077,33502618.723076917
CyberShake_30,QL-NSGA-III,5,5,10881.39462417368,54874.5927238191,5703.981323076923,33502618.723076917
CyberShake_30,QL-NSGA-III,5,6,10881.39462417368,52554.49200168269,5703.981323076923,32762848.3076923
CyberShake_30,QL-NSGA-III,5,7,10887.885250000001,52554.49200168269,5703.981323076923,32247859.653846145
CyberShake_30,QL-NSGA-III,5,8,10887.885250000001,52219.58964073918,5500.718056923078,32239070.807692297
CyberShake_30,QL-NSGA-III,5,9,10887.885250000001,52219.58964073918,4578.44421076923,32239070.807692297
CyberShake_30,QL-NSGA-III,5,10,10887.885250000001,54369.56964830227,4907.625553846153,31706918.115384612
CyberShake_30,QL-NSGA-III,5,11,10887.885250000001,54368.35810984073,4435.53574923077,31706918.115384612
CyberShake_30,QL-NSGA-III,5,12,10887.885250000001,54369.56964830227,4419.665400000002,31706918.115384612
CyberShake_30,QL-NSGA-III,5,13,10887.885250000001,54369.56964830227,3405.0207492307686,31706918.115384612
CyberShake_30,QL-NSGA-III,5,14,10887.885250000001,54369.56964830227,3405.0207492307686,31706918.115384612
CyberShake_30,QL-NSGA-III,5,15,10887.885250000001,54369.56964830227,3405.0207492307686,31706918.115384612
CyberShake_30,OVEA-style,1,0,11270.597154203726,58614.14677041166,7351.765364615384,35177771.085384615
CyberShake_30,OVEA-style,1,1,11270.597154203726,58614.14677041166,7351.765364615384,35122793.20076923
CyberShake_30,OVEA-style,1,2,11270.597154203726,58614.14677041166,7351.765364615384,34797505.99999999
CyberShake_30,OVEA-style,1,3,10955.291500000001,51137.09763363281,7351.765364615384,34096047.73076923
CyberShake_30,OVEA-style,1,4,10955.291500000001,51137.09763363281,6104.6203646153845,34096047.73076923
CyberShake_30,OVEA-style,1,5,10955.291500000001,51137.09763363281,6104.6203646153845,32811477.73076922
CyberShake_30,OVEA-style,1,6,10955.291500000001,51137.09763363281,10780.606707692308,32811477.73076922
CyberShake_30,OVEA-style,1,7,10955.291500000001,51137.09763363281,10780.606707692308,32811477.73076922
CyberShake_30,OVEA-style,1,8,10955.291500000001,51137.09763363281,10408.386903076924,32327807.34615384
CyberShake_30,OVEA-style,1,9,11169.541733398439,51137.09763363281,10367.084980000001,32327807.34615384
CyberShake_30,OVEA-style,1,10,11169.541733398439,52405.07569777044,12064.54267230769,32327807.34615384
CyberShake_30,OVEA-style,1,11,11169.541733398439,53983.729894272845,12136.626903076924,32327807.34615384
CyberShake_30,OVEA-style,1,12,11169.541733398439,53983.729894272845,12136.626903076924,32327807.34615384
CyberShake_30,OVEA-style,1,13,11169.541733398439,53318.430960679085,12136.626903076924,32327807.34615384
CyberShake_30,OVEA-style,1,14,11169.541733398439,53318.430960679085,11363.183056923077,32327807.34615384
CyberShake_30,OVEA-style,1,15,11169.541733398439,53318.430960679085,11363.183056923077,32327807.34615384
CyberShake_30,OVEA-style,2,0,11710.069415384614,60203.67135307392,10309.757861538463,34313889.10769231
CyberShake_30,OVEA-style,2,1,11710.069415384614,60203.67135307392,10964.718092307694,34313889.10769231
CyberShake_30,OVEA-style,2,2,11299.906022307692,58624.7404126262,10469.781553846155,33358833.338461537
CyberShake_30,OVEA-style,2,3,11299.148810769231,56786.52797102464,9798.996553846155,33358833.338461537
CyberShake_30,OVEA-style,2,4,11299.148810769231,57026.54092064,9798.996553846155,33358833.338461537
CyberShake_30,OVEA-style,2,5,12137.079663076922,52753.69927133414,13669.219246153847,32219734.492307693
CyberShake_30,OVEA-style,2,6,12119.750336153846,52753.69927133414,13553.96767230769,32219734.492307693
CyberShake_30,OVEA-style,2,7,11482.062203846153,52753.69927133414,12601.289630769234,32219734.492307693
CyberShake_30,OVEA-style,2,8,11482.062203846153,52753.69927133414,12601.289630769234,32219734.492307693
CyberShake_30,OVEA-style,2,9,11482.062203846153,52753.69927133414,11835.67693846154,32219734.492307693
CyberShake_30,OVEA-style,2,10,11482.062203846153,52753.69927133414,11835.67693846154,31536965.069230765
CyberShake_30,OVEA-style,2,11,11482.062203846153,53663.940454387026,11835.67693846154,31536965.069230765
CyberShake_30,OVEA-style,2,12,11482.062203846153,53663.940454387026,12724.349630769235,31536965.069230765
CyberShake_30,OVEA-style,2,13,11482.062203846153,52028.95631240085,12724.349630769235,31536965.069230765
CyberShake_30,OVEA-style,2,14,11482.062203846153,51883.31918064603,12724.349630769235,31536965.069230765
CyberShake_30,OVEA-style,2,15,11482.062203846153,51475.34717438701,12710.729630769234,31536965.069230765
CyberShake_30,OVEA-style,3,0,11463.181383076922,56482.92773734375,8327.449246153848,35695995.038461536
CyberShake_30,OVEA-style,3,1,11463.181383076922,56482.92773734375,10908.248056923076,35619503.692307696
CyberShake_30,OVEA-style,3,2,10808.61775,55543.692472704315,9903.643826153842,35056834.07692307
CyberShake_30,OVEA-style,3,3,10808.61775,55543.692472704315,9903.643826153842,33977332.53846153
CyberShake_30,OVEA-style,3,4,10808.61775,54335.71947893028,9903.643826153842,33826267.53846154
CyberShake_30,OVEA-style,3,5,10808.61775,54335.71947893028,9903.643826153842,33826267.53846154
CyberShake_30,OVEA-style,3,6,10808.61775,54335.71947893028,9903.643826153842,33318570.615384605
CyberShake_30,OVEA-style,3,7,10808.61775,54335.71947893028,9903.643826153842,33318570.615384605
CyberShake_30,OVEA-style,3,8,10808.61775,54335.71947893028,11844.62998,33318570.615384605
CyberShake_30,OVEA-style,3,9,10808.61775,54335.71947893028,11844.62998,33291203.69230768
CyberShake_30,OVEA-style,3,10,10808.61775,52613.78681795973,11844.62998,33291203.69230768
CyberShake_30,OVEA-style,3,11,10806.649,52613.78681795973,11844.62998,33291203.69230768
CyberShake_30,OVEA-style,3,12,10808.61775,52613.78681795973,11844.62998,33291203.69230768
CyberShake_30,OVEA-style,3,13,10808.61775,52613.78681795973,11844.62998,33291203.69230768
CyberShake_30,OVEA-style,3,14,10808.61775,52613.78681795973,11844.62998,33291203.69230768
CyberShake_30,OVEA-style,3,15,10808.61775,52232.437999789676,11841.341518461539,32927262.73076922
CyberShake_30,OVEA-style,4,0,12182.582124999999,53894.68266748797,6920.953826153846,35141821.27769232
CyberShake_30,OVEA-style,4,1,11545.249703846152,53894.68266748797,8983.0794,34583979.26923078
CyberShake_30,OVEA-style,4,2,11545.249703846152,53894.68266748797,10157.444400000002,34583979.26923078
CyberShake_30,OVEA-style,4,3,11545.249703846152,52945.45580985277,12731.263826153849,34583979.26923078
CyberShake_30,OVEA-style,4,4,11800.86080828125,52344.53355335937,12731.263826153849,33224373.338461533
CyberShake_30,OVEA-style,4,5,11502.557396153845,52344.53355335937,10845.609210769231,33224373.338461533
CyberShake_30,OVEA-style,4,6,11502.557396153845,52152.69049972655,12608.866133846152,33224373.338461533
CyberShake_30,OVEA-style,4,7,11502.557396153845,51492.50508577825,12608.866133846152,33187698.338461533
CyberShake_30,OVEA-style,4,8,11502.557396153845,50567.634438365385,12664.708826153848,33187698.338461533
CyberShake_30,OVEA-style,4,9,11891.15023076923,50567.634438365385,12664.708826153848,33187698.338461533
CyberShake_30,OVEA-style,4,10,11497.42278076923,50567.634438365385,12383.526903076925,32666823.338461533
CyberShake_30,OVEA-style,4,11,11497.42278076923,50567.634438365385,12383.526903076925,32666823.338461533
CyberShake_30,OVEA-style,4,12,11497.42278076923,51772.8578297536,12383.526903076925,32666823.338461533
CyberShake_30,OVEA-style,4,13,11497.42278076923,51531.49038834435,11924.424210769232,32666823.338461533
CyberShake_30,OVEA-style,4,14,11497.42278076923,51531.49038834435,11924.424210769232,32330796.223076917
CyberShake_30,OVEA-style,4,15,11497.42278076923,53094.17760073918,11856.414210769233,32330796.223076917
CyberShake_30,OVEA-style,5,0,12210.3089921875,60641.2095458774,6054.518056923077,34438935.61538461
CyberShake_30,OVEA-style,5,1,12210.3089921875,60403.88537266526,6054.518056923077,32797858.3076923
CyberShake_30,OVEA-style,5,2,11585.749703846153,54966.95856635216,6054.518056923077,32797858.3076923
CyberShake_30,OVEA-style,5,3,11585.749703846153,54966.95856635216,6054.518056923077,32797858.3076923
CyberShake_30,OVEA-style,5,4,10865.673711538462,54966.95856635216,6054.518056923077,32797858.3076923
CyberShake_30,OVEA-style,5,5,10865.673711538462,54966.95856635216,5708.71116923077,32797858.3076923
CyberShake_30,OVEA-style,5,6,10865.673711538462,54966.95856635216,5708.71116923077,32797858.3076923
CyberShake_30,OVEA-style,5,7,10865.673711538462,54966.95856635216,5708.71116923077,32781381.384615377
CyberShake_30,OVEA-style,5,8,10865.673711538462,54516.641042686286,12384.141903076925,32781381.384615377
CyberShake_30,OVEA-style,5,9,10814.111211538462,54516.641042686286,12384.141903076925,32781381.384615377
CyberShake_30,OVEA-style,5,10,10814.111211538462,54516.641042686286,12384.141903076925,31895677.538461532
CyberShake_30,OVEA-style,5,11,10814.111211538462,54516.641042686286,12384.141903076925,31895677.538461532
CyberShake_30,OVEA-style,5,12,10814.111211538462,54516.641042686286,12689.676903076921,31895677.538461532
CyberShake_30,OVEA-style,5,13,10814.111211538462,54516.641042686286,12058.77193846154,31592034.684615377
CyberShake_30,OVEA-style,5,14,10814.111211538462,53176.383049771626,11234.179246153846,31592034.684615377
CyberShake_30,OVEA-style,5,15,11482.062203846153,55074.97753929088,12058.77193846154,31592034.684615377
CyberShake_30,QMOEA/D-AWA-style,1,0,11270.597154203726,58614.14677041166,7351.765364615384,35177771.085384615
CyberShake_30,QMOEA/D-AWA-style,1,1,12933.67729,63810.177929897836,10603.75693846154,33406550.64615384
CyberShake_30,QMOEA/D-AWA-style,1,2,13421.898586153846,70596.95546008412,10603.75693846154,32312720.230769224
CyberShake_30,QMOEA/D-AWA-style,1,3,12161.656586153846,66308.53001063703,14131.006707692311,31966588.723076914
CyberShake_30,QMOEA/D-AWA-style,1,4,12161.656586153846,66308.53001063703,14499.567323076923,31960325.06923076
CyberShake_30,QMOEA/D-AWA-style,1,5,12161.656586153846,66308.53001063703,11904.27344153846,31481973.33846153
CyberShake_30,QMOEA/D-AWA-style,1,6,16144.88084538462,86642.96077010519,12442.53309230769,31348825.423076913
CyberShake_30,QMOEA/D-AWA-style,1,7,16150.65007615385,103288.18407819716,18116.56613384615,30900919.65384615
CyberShake_30,QMOEA/D-AWA-style,1,8,19698.79404923077,111188.90002559796,18116.56613384615,30900919.65384615
CyberShake_30,QMOEA/D-AWA-style,1,9,19742.063280000002,118675.29228310101,18628.69844153846,30857314.653846145
CyberShake_30,QMOEA/D-AWA-style,1,10,15142.95167230769,94743.05846424281,18697.58421076923,30823407.153846145
CyberShake_30,QMOEA/D-AWA-style,1,11,15142.95167230769,94743.05846424281,19355.273056923077,30821190.03846153
CyberShake_30,QMOEA/D-AWA-style,1,12,15142.95167230769,94743.05846424281,19920.38155384615,30810807.153846145
CyberShake_30,QMOEA/D-AWA-style,1,13,15142.95167230769,94743.05846424281,19920.38155384615,30801235.99999999
CyberShake_30,QMOEA/D-AWA-style,1,14,15142.95167230769,94743.05846424281,19960.45578461538,30781435.99999999
CyberShake_30,QMOEA/D-AWA-style,1,15,14456.870893846155,94592.71352885819,19964.24386153846,30762051.384615373
CyberShake_30,QMOEA/D-AWA-style,2,0,11710.069415384614,60203.67135307392,10309.757861538463,34313889.10769231
CyberShake_30,QMOEA/D-AWA-style,2,1,12160.445047692307,68218.8744475691,10122.018441538467,34270505.646153845
CyberShake_30,QMOEA/D-AWA-style,2,2,12160.445047692307,63490.25077418872,10122.018441538467,33460808.530769225
CyberShake_30,QMOEA/D-AWA-style,2,3,12160.445047692307,63490.25077418872,14855.951169230771,32772048.91538461
CyberShake_30,QMOEA/D-AWA-style,2,4,12160.445047692307,63490.25077418872,13717.759595384616,32429526.223076917
CyberShake_30,QMOEA/D-AWA-style,2,5,14201.578947692307,63511.38779341948,13717.759595384616,31988574.84615384
CyberShake_30,QMOEA/D-AWA-style,2,6,16037.45330076923,80164.90837026444,15831.968056923079,31906473.915384613
CyberShake_30,QMOEA/D-AWA-style,2,7,14215.72240230769,80018.19315955529,17515.612707692297,31602094.076923072
CyberShake_30,QMOEA/D-AWA-style,2,8,14215.72240230769,80018.19315955529,17720.028441538452,31535095.999999996
CyberShake_30,QMOEA/D-AWA-style,2,9,14215.72240230769,80018.19315955529,18727.647323076915,31535095.999999996
CyberShake_30,QMOEA/D-AWA-style,2,10,14215.72240230769,80018.19315955529,19245.757707692304,31535095.999999996
CyberShake_30,QMOEA/D-AWA-style,2,11,14215.72240230769,80018.19315955529,18638.735399999994,31535095.999999996
CyberShake_30,QMOEA/D-AWA-style,2,12,14215.72240230769,80018.19315955529,18638.735399999994,31517028.499999996
CyberShake_30,QMOEA/D-AWA-style,2,13,14215.72240230769,80018.19315955529,18638.735399999994,31517028.499999996
CyberShake_30,QMOEA/D-AWA-style,2,14,15541.265207692308,76159.55658024037,19453.399246153836,31517028.499999996
CyberShake_30,QMOEA/D-AWA-style,2,15,15541.265207692308,76159.55658024037,19453.399246153836,31498491.961538456
CyberShake_30,QMOEA/D-AWA-style,3,0,11463.181383076922,56482.92773734375,8327.449246153848,35695995.038461536
CyberShake_30,QMOEA/D-AWA-style,3,1,13868.265575411659,61783.27648508713,8327.449246153848,35301400.42307693
CyberShake_30,QMOEA/D-AWA-style,3,2,13666.064632028247,64651.21000693208,11111.252287692312,35280362.92307693
CyberShake_30,QMOEA/D-AWA-style,3,3,13462.581396899037,65624.83408112079,11111.252287692312,33769384.07692307
CyberShake_30,QMOEA/D-AWA-style,3,4,12316.05719433594,64800.04093966647,10994.607672307699,33615475.26153846
CyberShake_30,QMOEA/D-AWA-style,3,5,11943.614716923077,60870.878747025235,10994.607672307699,32735121.384615373
CyberShake_30,QMOEA/D-AWA-style,3,6,12670.361540769229,57980.01662621393,14289.01693846154,32474830.999999993
CyberShake_30,QMOEA/D-AWA-style,3,7,12670.361540769229,57980.01662621393,15129.25844153846,31739257.538461532
CyberShake_30,QMOEA/D-AWA-style,3,8,12670.361540769229,58166.76662621393,15585.467287692307,31288253.69230769
CyberShake_30,QMOEA/D-AWA-style,3,9,12670.361540769229,58166.76662621393,16851.320399999993,31238116.769230764
CyberShake_30,QMOEA/D-AWA-style,3,10,12670.361540769229,58166.76662621393,16871.750399999994,31238116.769230764
CyberShake_30,QMOEA/D-AWA-style,3,11,16428.68509692308,84770.63540147836,17453.941938461536,31238116.769230764
CyberShake_30,QMOEA/D-AWA-style,3,12,16428.68509692308,87121.81467153846,20184.050399999996,31189501.19230769
CyberShake_30,QMOEA/D-AWA-style,3,13,16427.92788538462,87121.81467153846,20149.710784615385,31189501.19230769
CyberShake_30,QMOEA/D-AWA-style,3,14,16427.92788538462,88980.12559230768,19207.249246153846,30842153.11538461
CyberShake_30,QMOEA/D-AWA-style,3,15,16427.92788538462,88980.12559230768,20171.090399999997,30842153.11538461
CyberShake_30,QMOEA/D-AWA-style,4,0,12182.582124999999,53894.68266748797,6920.953826153846,35141821.27769232
CyberShake_30,QMOEA/D-AWA-style,4,1,12615.924925180288,63505.94149517729,9307.64998,33898579.07692307
CyberShake_30,QMOEA/D-AWA-style,4,2,14662.070985384617,61581.01606520734,12717.634015384618,32833068.585384607
CyberShake_30,QMOEA/D-AWA-style,4,3,14771.766540567909,63144.354264882815,13998.695169230772,31927421.57692307
CyberShake_30,QMOEA/D-AWA-style,4,4,13312.507474615384,63144.354264882815,12670.09116923077,31927421.57692307
CyberShake_30,QMOEA/D-AWA-style,4,5,13881.188652334735,64731.93078691406,12670.09116923077,31407612.73076922
CyberShake_30,QMOEA/D-AWA-style,4,6,17025.300688461542,74754.16686222656,17633.535784615386,31407612.73076922
CyberShake_30,QMOEA/D-AWA-style,4,7,15992.272264615383,71632.74553310098,18433.057707692307,30933638.11538461
CyberShake_30,QMOEA/D-AWA-style,4,8,17025.300688461542,71112.3285230769,18576.397707692304,30790093.307692297
CyberShake_30,QMOEA/D-AWA-style,4,9,17882.60009307692,70694.60463538457,19316.795399999995,30790093.307692297
CyberShake_30,QMOEA/D-AWA-style,4,10,18653.440994615383,70694.60463538457,19316.795399999995,30790093.307692297
CyberShake_30,QMOEA/D-AWA-style,4,11,16327.758400769231,70694.60463538457,19316.795399999995,30790093.307692297
CyberShake_30,QMOEA/D-AWA-style,4,12,16285.643016153846,82080.65787999998,19316.795399999995,30785390.807692297
CyberShake_30,QMOEA/D-AWA-style,4,13,15751.210936923077,82080.65787999998,19316.795399999995,30785390.807692297
CyberShake_30,QMOEA/D-AWA-style,4,14,15751.210936923077,83785.87028923075,19316.795399999995,30785390.807692297
CyberShake_30,QMOEA/D-AWA-style,4,15,17696.77977230769,84110.47427923074,19316.795399999995,30766854.269230757
CyberShake_30,QMOEA/D-AWA-style,5,0,12210.3089921875,60641.2095458774,6054.518056923077,34438935.61538461
CyberShake_30,QMOEA/D-AWA-style,5,1,12288.75908650541,60472.77052404747,7551.726903076924,33689162.43153845
CyberShake_30,QMOEA/D-AWA-style,5,2,13089.336733398437,55198.99132670972,10673.41093846154,33689162.43153845
CyberShake_30,QMOEA/D-AWA-style,5,3,13089.336733398437,60446.771328031835,12563.651169230776,33689162.43153845
CyberShake_30,QMOEA/D-AWA-style,5,4,13089.336733398437,60446.771328031835,13334.054399999999,32224644.846153837
CyberShake_30,QMOEA/D-AWA-style,5,5,13089.336733398437,60446.771328031835,12416.899595384619,32224644.846153837
CyberShake_30,QMOEA/D-AWA-style,5,6,14595.784853846153,69685.76362194412,17645.108630769228,31573283.530769225
CyberShake_30,QMOEA/D-AWA-style,5,7,14594.506265384614,69685.76362194412,17001.79924615384,31513920.03846153
CyberShake_30,QMOEA/D-AWA-style,5,8,14594.506265384614,75609.31062360576,17703.84574923076,31308681.961538456
CyberShake_30,QMOEA/D-AWA-style,5,9,14594.506265384614,75609.31062360576,17787.03655384615,31308681.961538456
CyberShake_30,QMOEA/D-AWA-style,5,10,14594.506265384614,75609.31062360576,17787.03655384615,31281770.230769224
CyberShake_30,QMOEA/D-AWA-style,5,11,15953.119030769229,74002.11663128305,20121.086169230763,30927152.923076916
CyberShake_30,QMOEA/D-AWA-style,5,12,15953.87624230769,74002.11663128305,20041.72347692307,30903077.923076916
CyberShake_30,QMOEA/D-AWA-style,5,13,15953.87624230769,74002.11663128305,20252.165399999994,30879764.461538453
CyberShake_30,QMOEA/D-AWA-style,5,14,15953.87624230769,71924.66750435997,20252.165399999994,30851781.384615377
CyberShake_30,QMOEA/D-AWA-style,5,15,15953.87624230769,71924.66750435997,20309.78847692307,30806971.76923076
Epigenomics_24,ADARE,1,0,286773.87657862384,950442.1488834495,108142.63922615386,776246463.6238463
Epigenomics_24,ADARE,1,1,286773.87657862384,906577.986746292,64610.46919076923,775687674.393077
Epigenomics_24,ADARE,1,2,286773.87657862384,892557.0086570703,64610.46919076923,772679270.8461539
Epigenomics_24,ADARE,1,3,286773.87657862384,892557.0086570703,64610.46919076923,764783333.2392309
Epigenomics_24,ADARE,1,4,280147.5218559045,892557.0086570703,64610.46919076923,750568591.1546153
Epigenomics_24,ADARE,1,5,280136.58215133415,892557.0086570703,64321.854190769234,747908734.6161538
Epigenomics_24,ADARE,1,6,280136.58215133415,892557.0086570703,63711.62072923077,747908734.6161538
Epigenomics_24,ADARE,1,7,280136.58215133415,892557.0086570703,63711.62072923077,747908734.6161538
Epigenomics_24,ADARE,1,8,278344.91683680593,892557.0086570703,30715.109959999994,750568591.1546153
Epigenomics_24,ADARE,1,9,278344.91683680593,876629.915672473,30715.109959999994,750568591.1546153
Epigenomics_24,ADARE,1,10,278344.91683680593,876629.915672473,28195.273806153848,750568591.1546153
Epigenomics_24,ADARE,1,11,278344.91683680593,876629.915672473,28195.273806153848,750568591.1546153
Epigenomics_24,ADARE,1,12,278344.91683680593,876629.915672473,28195.273806153848,750568591.1546153
Epigenomics_24,ADARE,1,13,278344.91683680593,876629.915672473,28195.273806153848,721172145.5776924
Epigenomics_24,ADARE,1,14,278344.91683680593,876629.915672473,28195.273806153848,721172145.5776924
Epigenomics_24,ADARE,1,15,278344.91683680593,876629.915672473,28195.273806153848,720815340.7392308
Epigenomics_24,ADARE,2,0,286387.8651885217,954065.6789480108,94968.59903076924,746875702.5007693
Epigenomics_24,ADARE,2,1,286387.8651885217,949726.1087664334,94968.59903076924,746875702.5007693
Epigenomics_24,ADARE,2,2,286387.8651885217,926133.1034766679,30917.891953846156,746875702.5007693
Epigenomics_24,ADARE,2,3,286387.8651885217,926133.1034766679,30824.38541538462,746875702.5007693
Epigenomics_24,ADARE,2,4,265064.89015339245,908456.758147491,30678.261303076928,746875702.5007693
Epigenomics_24,ADARE,2,5,265064.89015339245,908456.758147491,30678.261303076928,746875702.5007693
Epigenomics_24,ADARE,2,6,265064.89015339245,908456.758147491,30678.261303076928,746123653.846923
Epigenomics_24,ADARE,2,7,265064.89015339245,908456.758147491,29026.46695384616,746123653.846923
Epigenomics_24,ADARE,2,8,262177.8021873197,901777.8226517456,28861.230184615386,745741813.7615384
Epigenomics_24,ADARE,2,9,262177.8021873197,901777.8226517456,28861.230184615386,732887473.7615385
Epigenomics_24,ADARE,2,10,262177.8021873197,901777.8226517456,28861.230184615386,732887473.7615385
Epigenomics_24,ADARE,2,11,262177.8021873197,901777.8226517456,28861.230184615386,716715174.3930768
Epigenomics_24,ADARE,2,12,262177.8021873197,901777.8226517456,28795.282107692314,717868069.5307692
Epigenomics_24,ADARE,2,13,262177.8021873197,901777.8226517456,28795.282107692314,716578227.4461538
Epigenomics_24,ADARE,2,14,262177.8021873197,901777.8226517456,28795.282107692314,716539807.5007691
Epigenomics_24,ADARE,2,15,262177.8021873197,901777.8226517456,28795.282107692314,717479738.5692307
Epigenomics_24,ADARE,3,0,280277.6722195433,881448.238669243,128130.01691846154,752843718.6238462
Epigenomics_24,ADARE,3,1,279103.26331856975,881050.5461137712,128130.01691846154,752186883.5384616
Epigenomics_24,ADARE,3,2,279103.26331856975,881050.5461137712,65092.494415384615,752186883.5384616
Epigenomics_24,ADARE,3,3,279103.26331856975,881050.5461137712,65092.494415384615,752186883.5384616
Epigenomics_24,ADARE,3,4,279103.26331856975,881050.5461137712,65092.494415384615,752186883.5384616
Epigenomics_24,ADARE,3,5,279103.26331856975,881050.5461137712,28938.99018461538,717885553.5999999
Epigenomics_24,ADARE,3,6,279103.26331856975,881050.5461137712,28938.99018461538,717885553.5999999
Epigenomics_24,ADARE,3,7,279103.26331856975,881050.5461137712,27747.710953846152,717885553.5999999
Epigenomics_24,ADARE,3,8,279103.26331856975,881050.5461137712,27747.710953846152,718221980.5230769
Epigenomics_24,ADARE,3,9,278486.00706876506,879762.6036258175,27747.710953846152,717512203.846923
Epigenomics_24,ADARE,3,10,277029.0126583354,879762.6036258175,27747.710953846152,717341152.4153847
Epigenomics_24,ADARE,3,11,277029.0126583354,879762.6036258175,27747.710953846152,717167654.9153847
Epigenomics_24,ADARE,3,12,277029.0126583354,879762.6036258175,27747.710953846152,716630585.1076924
Epigenomics_24,ADARE,3,13,277029.0126583354,878461.183541971,27747.710953846152,717120794.4999999
Epigenomics_24,ADARE,3,14,277029.0126583354,878461.183541971,27747.710953846152,717120794.4999999
Epigenomics_24,ADARE,3,15,276823.228485,878461.183541971,27747.710953846152,717120794.4999999
Epigenomics_24,ADARE,4,0,265180.7498845012,870202.0249014061,130856.59438000001,766784349.8084615
Epigenomics_24,ADARE,4,1,262111.2684263762,870099.7387323678,130856.59438000001,766784349.8084615
Epigenomics_24,ADARE,4,2,262111.2684263762,870099.7387323678,130856.59438000001,766784349.8084615
Epigenomics_24,ADARE,4,3,262086.7684517097,861261.2932251232,141705.9330723077,752693345.44
Epigenomics_24,ADARE,4,4,262086.7684517097,861261.2932251232,128644.18426153845,752693345.44
Epigenomics_24,ADARE,4,5,262086.7684517097,861261.2932251232,91926.12284153845,752693345.44
Epigenomics_24,ADARE,4,6,262086.7684517097,861261.2932251232,91750.81784153846,718400264.6707692
Epigenomics_24,ADARE,4,7,262086.7684517097,861261.2932251232,67326.38038,718079181.0169232
Epigenomics_24,ADARE,4,8,261939.12359271935,858368.434151136,67185.32268769231,718079181.0169232
Epigenomics_24,ADARE,4,9,261939.12359271935,858368.434151136,31652.23842153846,718079181.0169232
Epigenomics_24,ADARE,4,10,261939.12359271935,858368.434151136,31420.91268769231,718079181.0169232
Epigenomics_24,ADARE,4,11,261939.12359271935,858368.434151136,28496.017687692314,718079181.0169232
Epigenomics_24,ADARE,4,12,261939.12359271935,858368.434151136,28496.017687692314,718079181.0169232
Epigenomics_24,ADARE,4,13,261939.12359271935,858368.434151136,28496.017687692314,718079181.0169232
Epigenomics_24,ADARE,4,14,261939.12359271935,858368.434151136,28496.017687692314,718079181.0169232
Epigenomics_24,ADARE,4,15,261939.12359271935,858368.434151136,28496.017687692314,718079181.0169232
Epigenomics_24,ADARE,5,0,281475.9809379838,902276.5326735518,97296.21111384616,733539705.1623076
Epigenomics_24,ADARE,5,1,281475.9809379838,902276.5326735518,96938.20611384616,733539705.1623076
Epigenomics_24,ADARE,5,2,281475.9809379838,902276.5326735518,96938.20611384616,733539705.1623076
Epigenomics_24,ADARE,5,3,281475.9809379838,902276.5326735518,92632.22095384616,733539705.1623076
Epigenomics_24,ADARE,5,4,281475.9809379838,902276.5326735518,92323.24426153846,733539705.1623076
Epigenomics_24,ADARE,5,5,281475.9809379838,902276.5326735518,92323.24426153846,733539705.1623076
Epigenomics_24,ADARE,5,6,281475.9809379838,902276.5326735518,92323.24426153846,716429734.2007692
Epigenomics_24,ADARE,5,7,281475.9809379838,902276.5326735518,92094.00041538462,716429734.2007692
Epigenomics_24,ADARE,5,8,281475.9809379838,902276.5326735518,92094.00041538462,716429734.2007692
Epigenomics_24,ADARE,5,9,280282.5025923948,902276.5326735518,92094.00041538462,716429734.2007692
Epigenomics_24,ADARE,5,10,280282.5025923948,902276.5326735518,92094.00041538462,716429734.2007692
Epigenomics_24,ADARE,5,11,280102.86789122294,902276.5326735518,92094.00041538462,716429734.2007692
Epigenomics_24,ADARE,5,12,280102.86789122294,902276.5326735518,33183.64956923077,716429734.2007692
Epigenomics_24,ADARE,5,13,280102.86789122294,902276.5326735518,31545.545723076924,716429734.2007692
Epigenomics_24,ADARE,5,14,280102.86789122294,902276.5326735518,31545.545723076924,716429734.2007692
Epigenomics_24,ADARE,5,15,278692.2195772326,902276.5326735518,31545.545723076924,716429734.2007692
Epigenomics_24,NSGA-III,1,0,286773.87657862384,950442.1488834495,108142.63922615386,776246463.6238463
Epigenomics_24,NSGA-III,1,1,286773.87657862384,950442.1488834495,108081.36999538462,751116589.2007693
Epigenomics_24,NSGA-III,1,2,286773.87657862384,950442.1488834495,108081.36999538462,751116589.2007693
Epigenomics_24,NSGA-III,1,3,286773.87657862384,944732.1106066527,108081.36999538462,750872578.4315385
Epigenomics_24,NSGA-III,1,4,286773.87657862384,944732.1106066527,88626.00307230768,750872578.4315385
Epigenomics_24,NSGA-III,1,5,286773.87657862384,944732.1106066527,29785.336918461544,755282787.693077
Epigenomics_24,NSGA-III,1,6,286699.74031044473,923750.4478239274,29785.336918461544,755211185.7700001
Epigenomics_24,NSGA-III,1,7,286699.74031044473,923750.4478239274,29785.336918461544,747351880.5469232
Epigenomics_24,NSGA-III,1,8,286699.74031044473,923750.4478239274,29579.548456923083,747351880.5469232
Epigenomics_24,NSGA-III,1,9,286699.74031044473,923930.5632701173,29579.548456923083,746784931.0692308
Epigenomics_24,NSGA-III,1,10,283752.23073993996,923930.5632701173,29579.548456923083,721188075.5776922
Epigenomics_24,NSGA-III,1,11,283752.23073993996,923930.5632701173,29514.269380000005,716987533.7615384
Epigenomics_24,NSGA-III,1,12,283752.23073993996,923930.5632701173,33270.03999538461,716987533.7615384
Epigenomics_24,NSGA-III,1,13,265308.7357089243,901197.358178137,33270.03999538461,716987533.7615384
Epigenomics_24,NSGA-III,1,14,265308.7357089243,901197.358178137,33054.47730307692,716987533.7615384
Epigenomics_24,NSGA-III,1,15,265308.7357089243,901197.358178137,31916.744380000004,716987533.7615384
Epigenomics_24,NSGA-III,2,0,286387.8651885217,954065.6789480108,94968.59903076924,746875702.5007693
Epigenomics_24,NSGA-III,2,1,286387.8651885217,953402.02810939,94968.59903076924,746875702.5007693
Epigenomics_24,NSGA-III,2,2,262205.99754500005,924082.2547332334,94968.59903076924,746875702.5007693
Epigenomics_24,NSGA-III,2,3,262205.99754500005,924082.2547332334,94968.59903076924,760653968.8161538
Epigenomics_24,NSGA-III,2,4,262205.99754500005,924082.2547332334,94969.46441538463,760653968.8161538
Epigenomics_24,NSGA-III,2,5,262205.99754500005,924082.2547332334,95682.77187692309,755110596.9238461
Epigenomics_24,NSGA-III,2,6,262259.74999403546,923688.0082049911,95373.93918461539,749950620.653846
Epigenomics_24,NSGA-III,2,7,262259.74999403546,923688.0082049911,95373.93918461539,749656343.153846
Epigenomics_24,NSGA-III,2,8,262259.74999403546,923688.0082049911,95149.80572307693,749656343.153846
Epigenomics_24,NSGA-III,2,9,262286.5373764123,924557.774328678,95149.80572307693,749656343.153846
Epigenomics_24,NSGA-III,2,10,262286.5373764123,924557.774328678,95120.9941846154,749656343.153846
Epigenomics_24,NSGA-III,2,11,262286.5373764123,879413.392521238,95120.9941846154,749673267.8546153
Epigenomics_24,NSGA-III,2,12,262286.5373764123,867598.0128671034,67094.16745692308,733756762.9923077
Epigenomics_24,NSGA-III,2,13,262140.79007214544,867598.0128671034,67094.16745692308,733756762.9923077
Epigenomics_24,NSGA-III,2,14,262140.79007214544,867598.0128671034,64411.32399538462,733592981.5392308
Epigenomics_24,NSGA-III,2,15,262140.79007214544,867598.0128671034,67094.16745692308,717029577.2776922
Epigenomics_24,NSGA-III,3,0,280277.6722195433,881448.238669243,128130.01691846154,752843718.6238462
Epigenomics_24,NSGA-III,3,1,280277.6722195433,881448.238669243,128130.01691846154,752843718.6238462
Epigenomics_24,NSGA-III,3,2,280277.6722195433,881448.238669243,88799.30591846153,752843718.6238462
Epigenomics_24,NSGA-III,3,3,277437.1616178486,881448.238669243,88799.30591846153,752843718.6238462
Epigenomics_24,NSGA-III,3,4,277437.1616178486,881448.238669243,88799.30591846153,753006010.6323078
Epigenomics_24,NSGA-III,3,5,277383.656817464,881448.238669243,88799.30591846153,718572471.3469231
Epigenomics_24,NSGA-III,3,6,277383.656817464,881448.238669243,88799.30591846153,718572471.3469231
Epigenomics_24,NSGA-III,3,7,277383.656817464,881448.238669243,91724.57037999999,718572471.3469231
Epigenomics_24,NSGA-III,3,8,277383.656817464,881448.238669243,28829.104226153846,718096021.8930769
Epigenomics_24,NSGA-III,3,9,264693.57212018035,881448.238669243,28829.104226153846,718096021.8930769
Epigenomics_24,NSGA-III,3,10,264693.57212018035,881448.238669243,28829.104226153846,718096021.8930769
Epigenomics_24,NSGA-III,3,11,264693.57212018035,881448.238669243,28829.104226153846,717239375.77
Epigenomics_24,NSGA-III,3,12,264693.57212018035,881058.8850477044,28829.104226153846,717239375.77
Epigenomics_24,NSGA-III,3,13,264693.57212018035,881058.8850477044,28829.104226153846,717122751.676923
Epigenomics_24,NSGA-III,3,14,264693.57212018035,881058.8850477044,28829.104226153846,717122751.676923
Epigenomics_24,NSGA-III,3,15,277582.3212710517,881058.8850477044,28829.104226153846,717122751.676923
Epigenomics_24,NSGA-III,4,0,265180.7498845012,870202.0249014061,130856.59438000001,766784349.8084615
Epigenomics_24,NSGA-III,4,1,265180.7498845012,870202.0249014061,130856.59438000001,766784349.8084615
Epigenomics_24,NSGA-III,4,2,265180.7498845012,870202.0249014061,130856.59438000001,747629759.0084614
Epigenomics_24,NSGA-III,4,3,262196.383223744,870202.0249014061,32204.27326153846,747629759.0084614
Epigenomics_24,NSGA-III,4,4,262196.383223744,870202.0249014061,32204.27326153846,719205576.676923
Epigenomics_24,NSGA-III,4,5,262196.383223744,867171.650929447,32204.27326153846,719205576.676923
Epigenomics_24,NSGA-III,4,6,262196.383223744,867171.650929447,32204.27326153846,719205576.676923
Epigenomics_24,NSGA-III,4,7,262218.09335759014,867171.650929447,32204.27326153846,717188862.0307692
Epigenomics_24,NSGA-III,4,8,261887.20497961537,866881.8412307301,32204.27326153846,717188862.0307692
Epigenomics_24,NSGA-III,4,9,262218.09335759014,867171.650929447,32204.27326153846,717188862.0307692
Epigenomics_24,NSGA-III,4,10,262218.09335759014,867171.650929447,32203.407876923076,719047095.3307693
Epigenomics_24,NSGA-III,4,11,262218.09335759014,867281.7235215143,32203.407876923076,719047095.3307693
Epigenomics_24,NSGA-III,4,12,262218.09335759014,867281.7235215143,32203.407876923076,719047095.3307693
Epigenomics_24,NSGA-III,4,13,262218.09335759014,867281.7235215143,31492.52614923077,719047095.3307693
Epigenomics_24,NSGA-III,4,14,262218.09335759014,867281.7235215143,31545.487687692308,718954436.2092309
Epigenomics_24,NSGA-III,4,15,262044.11182278243,866868.4598825991,64605.507876923075,718433286.8384616
Epigenomics_24,NSGA-III,5,0,281475.9809379838,902276.5326735518,97296.21111384616,733539705.1623076
Epigenomics_24,NSGA-III,5,1,281475.9809379838,902276.5326735518,96843.72688307693,733539705.1623076
Epigenomics_24,NSGA-III,5,2,281475.9809379838,902276.5326735518,96843.72688307693,733539705.1623076
Epigenomics_24,NSGA-III,5,3,281475.9809379838,902812.5230948075,96619.26688307693,733539705.1623076
Epigenomics_24,NSGA-III,5,4,295814.9069761539,887269.555338212,107067.13772307691,733539705.1623076
Epigenomics_24,NSGA-III,5,5,295814.9069761539,887269.555338212,106802.5426876923,733484814.3076924
Epigenomics_24,NSGA-III,5,6,295814.9069761539,887269.555338212,106802.5426876923,733554851.4538461
Epigenomics_24,NSGA-III,5,7,295814.9069761539,887269.555338212,32958.37807230769,733554851.4538461
Epigenomics_24,NSGA-III,5,8,295097.55582353065,887364.5232869922,32769.47038,733554851.4538461
Epigenomics_24,NSGA-III,5,9,295097.55582353065,887364.5232869922,32769.47038,718508206.1546153
Epigenomics_24,NSGA-III,5,10,263778.4479047236,887364.5232869922,32769.47038,718508206.1546153
Epigenomics_24,NSGA-III,5,11,295097.55582353065,887364.5232869922,64699.34130307693,718508206.1546153
Epigenomics_24,NSGA-III,5,12,263908.31760128913,886235.8479969411,64699.34130307693,718508206.1546153
Epigenomics_24,NSGA-III,5,13,294846.74414384615,886235.8479969411,64226.29656923078,718508206.1546153
Epigenomics_24,NSGA-III,5,14,294846.74414384615,886235.8479969411,28038.440380000007,718508206.1546153
Epigenomics_24,NSGA-III,5,15,294846.74414384615,886235.8479969411,28038.440380000007,718508206.1546153
Epigenomics_24,NSGA-II,1,0,286773.87657862384,950442.1488834495,108142.63922615386,776246463.6238463
Epigenomics_24,NSGA-II,1,1,284558.9212529027,950442.1488834495,33706.98919076923,776246463.6238463
Epigenomics_24,NSGA-II,1,2,278307.0164364814,913383.7050880167,33706.98919076923,776246463.6238463
Epigenomics_24,NSGA-II,1,3,278307.0164364814,913383.7050880167,33706.98919076923,746452223.2392308
Epigenomics_24,NSGA-II,1,4,278307.0164364814,913383.7050880167,28421.09614923077,745761059.5853845
Epigenomics_24,NSGA-II,1,5,278307.0164364814,913383.7050880167,28361.034415384616,745761059.5853845
Epigenomics_24,NSGA-II,1,6,278253.51163609675,913383.7050880167,28134.76726769231,745761059.5853845
Epigenomics_24,NSGA-II,1,7,278253.51163609675,913383.7050880167,28134.76726769231,745761059.5853845
Epigenomics_24,NSGA-II,1,8,278253.51163609675,912977.5367948916,28134.76726769231,737486537.3084617
Epigenomics_24,NSGA-II,1,9,265689.6299730198,898505.1273397686,28134.76726769231,737486537.3084617
Epigenomics_24,NSGA-II,1,10,265689.6299730198,898505.1273397686,28134.76726769231,737111248.1846154
Epigenomics_24,NSGA-II,1,11,265689.6299730198,898505.1273397686,28134.76726769231,737111248.1846154
Epigenomics_24,NSGA-II,1,12,265316.825036893,896412.2512661238,28134.76726769231,717767852.4699999
Epigenomics_24,NSGA-II,1,13,265316.825036893,896412.2512661238,28134.76726769231,717767852.4699999
Epigenomics_24,NSGA-II,1,14,265316.825036893,896412.2512661238,28134.76726769231,717767852.4699999
Epigenomics_24,NSGA-II,1,15,265316.825036893,896412.2512661238,28134.76726769231,717767852.4699999
Epigenomics_24,NSGA-II,2,0,286387.8651885217,954065.6789480108,94968.59903076924,746875702.5007693
Epigenomics_24,NSGA-II,2,1,265064.89015339245,938431.9409932843,94968.59903076924,746701697.8853844
Epigenomics_24,NSGA-II,2,2,263077.5703298107,833019.9907410006,30137.889184615386,746701697.8853844
Epigenomics_24,NSGA-II,2,3,263077.5703298107,833019.9907410006,30137.889184615386,746701697.8853844
Epigenomics_24,NSGA-II,2,4,263077.5703298107,833019.9907410006,30137.889184615386,717518640.2476922
Epigenomics_24,NSGA-II,2,5,263077.5703298107,833019.9907410006,29816.523415384618,717518640.2476922
Epigenomics_24,NSGA-II,2,6,263077.5703298107,833019.9907410006,29067.01841538462,717251287.0853845
Epigenomics_24,NSGA-II,2,7,263077.5703298107,833019.9907410006,29067.01841538462,717251287.0853845
Epigenomics_24,NSGA-II,2,8,263077.5703298107,833019.9907410006,29067.01841538462,717251287.0853845
Epigenomics_24,NSGA-II,2,9,262994.03935175785,833019.9907410006,29067.01841538462,716606589.7230769
Epigenomics_24,NSGA-II,2,10,262662.66253682994,832780.1783428484,29067.01841538462,716606589.7230769
Epigenomics_24,NSGA-II,2,11,262662.66253682994,832780.1783428484,29067.01841538462,716255738.2392308
Epigenomics_24,NSGA-II,2,12,262403.37356311,832780.1783428484,29067.01841538462,716255738.2392308
Epigenomics_24,NSGA-II,2,13,262403.37356311,832780.1783428484,29067.01841538462,716255738.2392308
Epigenomics_24,NSGA-II,2,14,262403.37356311,832780.1783428484,29067.01841538462,716255738.2392308
Epigenomics_24,NSGA-II,2,15,262403.37356311,832780.1783428484,28404.078415384618,716255738.2392308
Epigenomics_24,NSGA-II,3,0,280277.6722195433,881448.238669243,128130.01691846154,752843718.6238462
Epigenomics_24,NSGA-II,3,1,280277.6722195433,881448.238669243,107908.78576461539,736940470.9623077
Epigenomics_24,NSGA-II,3,2,280277.6722195433,881448.238669243,107908.78576461539,718761834.9699999
Epigenomics_24,NSGA-II,3,3,280277.6722195433,881448.238669243,107908.78576461539,718761834.9699999
Epigenomics_24,NSGA-II,3,4,280277.6722195433,881448.238669243,107908.78576461539,718761834.9699999
Epigenomics_24,NSGA-II,3,5,280277.6722195433,881448.238669243,29286.867876923083,717199076.7007691
Epigenomics_24,NSGA-II,3,6,280277.6722195433,881448.238669243,29286.867876923083,717199076.7007691
Epigenomics_24,NSGA-II,3,7,278249.43454874406,881448.238669243,29286.867876923083,717014182.0853845
Epigenomics_24,NSGA-II,3,8,278249.43454874406,879505.3605070673,29286.867876923083,717014182.0853845
Epigenomics_24,NSGA-II,3,9,266184.72107256914,869404.2567877133,29286.867876923083,717014182.0853845
Epigenomics_24,NSGA-II,3,10,266184.72107256914,869404.2567877133,29133.30364615385,716810489.5853845
Epigenomics_24,NSGA-II,3,11,266184.72107256914,869404.2567877133,28950.80419076923,716586540.1623077
Epigenomics_24,NSGA-II,3,12,265490.96553545975,867302.795217533,28762.265380000004,716586540.1623077
Epigenomics_24,NSGA-II,3,13,265490.96553545975,867302.795217533,28762.265380000004,716586540.1623077
Epigenomics_24,NSGA-II,3,14,263366.15671288467,864787.2458390504,28762.265380000004,716586540.1623077
Epigenomics_24,NSGA-II,3,15,263366.15671288467,864787.2458390504,28762.265380000004,716586540.1623077
Epigenomics_24,NSGA-II,4,0,265180.7498845012,870202.0249014061,130856.59438000001,766784349.8084615
Epigenomics_24,NSGA-II,4,1,265180.7498845012,870202.0249014061,130856.59438000001,766784349.8084615
Epigenomics_24,NSGA-II,4,2,265180.7498845012,870202.0249014061,130856.59438000001,748747458.7923076
Epigenomics_24,NSGA-II,4,3,264936.67176488583,869692.8710734434,130856.59438000001,737239280.2692307
Epigenomics_24,NSGA-II,4,4,264936.67176488583,869692.8710734434,123510.40807230769,737239280.2692307
Epigenomics_24,NSGA-II,4,5,264847.36598128907,869692.8710734434,123510.40807230769,719469043.346154
Epigenomics_24,NSGA-II,4,6,264837.25746603974,869479.3675372566,123510.40807230769,719469043.346154
Epigenomics_24,NSGA-II,4,7,263170.38990960945,869479.3675372566,123510.40807230769,719469043.346154
Epigenomics_24,NSGA-II,4,8,263170.38990960945,869347.8324054567,123510.40807230769,718410045.7392309
Epigenomics_24,NSGA-II,4,9,262143.3434233594,869347.8324054567,105444.81768769231,718410045.7392309
Epigenomics_24,NSGA-II,4,10,262143.3434233594,869347.8324054567,105444.81768769231,718410045.7392309
Epigenomics_24,NSGA-II,4,11,261975.42568782752,866575.4014772746,32619.995149230766,718410045.7392309
Epigenomics_24,NSGA-II,4,12,261975.42568782752,866575.4014772746,32619.995149230766,718410045.7392309
Epigenomics_24,NSGA-II,4,13,261975.42568782752,866575.4014772746,32619.995149230766,718410045.7392309
Epigenomics_24,NSGA-II,4,14,261975.42568782752,866575.4014772746,31069.589379999998,718410045.7392309
Epigenomics_24,NSGA-II,4,15,261975.42568782752,866575.4014772746,31069.589379999998,718394124.5615385
Epigenomics_24,NSGA-II,5,0,281475.9809379838,902276.5326735518,97296.21111384616,733539705.1623076
Epigenomics_24,NSGA-II,5,1,281475.9809379838,902140.6353116377,97296.21111384616,733539705.1623076
Epigenomics_24,NSGA-II,5,2,281475.9809379838,902140.6353116377,95874.70518461539,733539705.1623076
Epigenomics_24,NSGA-II,5,3,281475.9809379838,902140.6353116377,93163.27749230771,733408423.3461539
Epigenomics_24,NSGA-II,5,4,281217.27513353067,902140.6353116377,92946.43287692309,733408423.3461539
Epigenomics_24,NSGA-II,5,5,281217.27513353067,902140.6353116377,65045.81880615384,733408423.3461539
Epigenomics_24,NSGA-II,5,6,280015.577786881,901930.12861683,64870.513806153846,718816997.8853847
Epigenomics_24,NSGA-II,5,7,279953.6675897086,901930.12861683,64870.513806153846,717959962.8307692
Epigenomics_24,NSGA-II,5,8,279953.6675897086,901930.12861683,64870.513806153846,717959962.8307692
Epigenomics_24,NSGA-II,5,9,279613.3963132843,885672.1132877013,64870.513806153846,717884227.8307692
Epigenomics_24,NSGA-II,5,10,279613.3963132843,885672.1132877013,29033.93649846154,717884227.8307692
Epigenomics_24,NSGA-II,5,11,279613.3963132843,885672.1132877013,28478.60326153846,717884227.8307692
Epigenomics_24,NSGA-II,5,12,279613.3963132843,885672.1132877013,28357.27633846154,717859647.7692307
Epigenomics_24,NSGA-II,5,13,279613.3963132843,885672.1132877013,28357.27633846154,717693260.2692307
Epigenomics_24,NSGA-II,5,14,277663.34171369893,885348.93340439,28174.914764615387,717605645.2692307
Epigenomics_24,NSGA-II,5,15,277663.34171369893,885348.93340439,28174.914764615387,717605645.2692307
Epigenomics_24,MOEA/D,1,0,286773.87657862384,950442.1488834495,108142.63922615386,776246463.6238463
Epigenomics_24,MOEA/D,1,1,314448.93726066104,987543.6217865596,108142.63922615386,776246463.6238463
Epigenomics_24,MOEA/D,1,2,327368.5862994171,1072565.6560471333,138146.90765230768,717202398.5384617
Epigenomics_24,MOEA/D,1,3,327422.0910998017,1079480.3288282272,138146.90765230768,716740918.023077
Epigenomics_24,MOEA/D,1,4,344868.6313345855,1127952.7355884556,138146.90765230768,716168242.8307693
Epigenomics_24,MOEA/D,1,5,344868.6313345855,1128628.74858122,138146.90765230768,716036423.8161538
Epigenomics_24,MOEA/D,1,6,344868.6313345855,1128628.74858122,138146.90765230768,716104502.2230768
Epigenomics_24,MOEA/D,1,7,344868.6313345855,1128628.74858122,138146.90765230768,716090453.7307692
Epigenomics_24,MOEA/D,1,8,344868.6313345855,1128057.3094667038,138146.90765230768,715955361.8384616
Epigenomics_24,MOEA/D,1,9,344868.6313345855,1128057.3094667038,138146.90765230768,715841356.0692308
Epigenomics_24,MOEA/D,1,10,344868.6313345855,1128057.3094667038,138146.90765230768,715841356.0692308
Epigenomics_24,MOEA/D,1,11,344868.6313345855,1128057.3094667038,138146.90765230768,715841356.0692308
Epigenomics_24,MOEA/D,1,12,344868.6313345855,1128057.3094667038,138146.90765230768,715832027.3846154
Epigenomics_24,MOEA/D,1,13,344868.6313345855,1128057.3094667038,138146.90765230768,715816256.4538462
Epigenomics_24,MOEA/D,1,14,344617.3752165386,1128057.3094667038,138013.79765230766,715816256.4538462
Epigenomics_24,MOEA/D,1,15,344617.3752165386,1128057.3094667038,138013.79765230766,715773367.9923077
Epigenomics_24,MOEA/D,2,0,286387.8651885217,954065.6789480108,94968.59903076924,746875702.5007693
Epigenomics_24,MOEA/D,2,1,312503.0993157993,1051825.9781110426,205233.11303076922,721714414.7776923
Epigenomics_24,MOEA/D,2,2,320838.9549715385,1063324.7592890265,239751.69572307693,721714414.7776923
Epigenomics_24,MOEA/D,2,3,322139.67586919776,1064969.0924536597,202039.06230307693,721714414.7776923
Epigenomics_24,MOEA/D,2,4,321900.00393346156,1064449.6325102674,202039.06230307693,716522038.1846153
Epigenomics_24,MOEA/D,2,5,322074.41867056495,1065188.0791741076,202039.06230307693,716521432.4153845
Epigenomics_24,MOEA/D,2,6,392603.7126423679,1180446.204018693,202039.06230307693,716377986.2615384
Epigenomics_24,MOEA/D,2,7,392603.7126423679,1136839.732858227,202039.06230307693,716336523.9538461
Epigenomics_24,MOEA/D,2,8,392603.7126423679,1136839.732858227,202015.93784153846,716279339.3384615
Epigenomics_24,MOEA/D,2,9,392603.7126423679,1136839.732858227,201920.18880615386,716279339.3384615
Epigenomics_24,MOEA/D,2,10,392603.7126423679,1136839.732858227,201920.18880615386,716279339.3384615
Epigenomics_24,MOEA/D,2,11,392603.7126423679,1136839.732858227,201920.18880615386,716262722.2230769
Epigenomics_24,MOEA/D,2,12,392603.7126423679,1136839.732858227,201920.18880615386,716206768.1846153
Epigenomics_24,MOEA/D,2,13,392603.7126423679,1136839.732858227,201920.18880615386,716205537.6076924
Epigenomics_24,MOEA/D,2,14,392603.7126423679,1116230.070899516,201920.18880615386,716017371.8384615
Epigenomics_24,MOEA/D,2,15,392403.77991442016,1135506.1785971574,201678.8572676923,715988779.5307692
Epigenomics_24,MOEA/D,3,0,280277.6722195433,881448.238669243,128130.01691846154,752843718.6238462
Epigenomics_24,MOEA/D,3,1,322147.0419825661,1060682.595251773,138814.64233846153,751363392.1923077
Epigenomics_24,MOEA/D,3,2,322093.5371821815,1071846.1741554148,138814.64233846153,751090721.6153846
Epigenomics_24,MOEA/D,3,3,322093.5371821815,1072068.954676118,138814.64233846153,717273375.1623077
Epigenomics_24,MOEA/D,3,4,321941.2494292308,1071409.692068026,138814.64233846153,716620029.3076923
Epigenomics_24,MOEA/D,3,5,323939.5703533894,1074663.076946202,138814.64233846153,716620029.3076923
Epigenomics_24,MOEA/D,3,6,323939.5703533894,1074663.076946202,138226.6158,716574241.8076923
Epigenomics_24,MOEA/D,3,7,323939.5703533894,1074663.076946202,138226.6158,716574241.8076923
Epigenomics_24,MOEA/D,3,8,323939.5703533894,1074663.076946202,138226.6158,716446531.8076923
Epigenomics_24,MOEA/D,3,9,323939.5703533894,1074663.076946202,138226.6158,716446531.8076923
Epigenomics_24,MOEA/D,3,10,323939.5703533894,1074663.076946202,138226.6158,716395041.4230769
Epigenomics_24,MOEA/D,3,11,323939.5703533894,1074663.076946202,127330.96426153847,716395041.4230769
Epigenomics_24,MOEA/D,3,12,323939.5703533894,1074663.076946202,127330.96426153847,716254111.8076923
Epigenomics_24,MOEA/D,3,13,323939.5703533894,1074663.076946202,127330.96426153847,716200314.3076923
Epigenomics_24,MOEA/D,3,14,323939.5703533894,1074663.076946202,127330.96426153847,716112482.9615386
Epigenomics_24,MOEA/D,3,15,322056.390940607,1023232.0807427376,127330.96426153847,716082457.576923
Epigenomics_24,MOEA/D,4,0,265180.7498845012,870202.0249014061,130856.59438000001,766784349.8084615
Epigenomics_24,MOEA/D,4,1,320560.4600705198,969168.6116189363,185701.27033846153,766784349.8084615
Epigenomics_24,MOEA/D,4,2,321617.8654465385,993733.5628091076,185701.27033846153,736355305.1384615
Epigenomics_24,MOEA/D,4,3,320988.5422141587,993803.0236310547,185445.49495384615,716599752.6930768
Epigenomics_24,MOEA/D,4,4,320782.7602565655,1022034.0255001353,185445.49495384615,716262912.1161537
Epigenomics_24,MOEA/D,4,5,323662.0493399069,1024409.4103564393,185357.09937999997,716262912.1161537
Epigenomics_24,MOEA/D,4,6,328742.2420764904,1067871.3443984527,185202.30284153845,716262912.1161537
Epigenomics_24,MOEA/D,4,7,328742.2420764904,1067871.3443984527,185202.30284153845,716263517.8853844
Epigenomics_24,MOEA/D,4,8,378129.9537859737,1067871.3443984527,185202.30284153845,716282539.0392308
Epigenomics_24,MOEA/D,4,9,378945.2078331221,1067871.3443984527,184886.84822615382,716223516.3469231
Epigenomics_24,MOEA/D,4,10,378945.2078331221,1067871.3443984527,184886.84822615382,716141131.8930769
Epigenomics_24,MOEA/D,4,11,378945.2078331221,1067871.3443984527,184886.84822615382,716223516.3469231
Epigenomics_24,MOEA/D,4,12,378945.2078331221,1067871.3443984527,184886.84822615382,716223516.3469231
Epigenomics_24,MOEA/D,4,13,378715.705518669,1067871.3443984527,184732.85822615382,716133800.523077
Epigenomics_24,MOEA/D,4,14,378715.705518669,1067871.3443984527,184732.85822615382,716157850.9623077
Epigenomics_24,MOEA/D,4,15,392506.2321363162,1067871.3443984527,158683.65284153845,716180627.8853846
Epigenomics_24,MOEA/D,5,0,281475.9809379838,902276.5326735518,97296.21111384616,733539705.1623076
Epigenomics_24,MOEA/D,5,1,350588.08280984976,1033002.4202490235,202062.7871076923,733539705.1623076
Epigenomics_24,MOEA/D,5,2,357909.33432713046,1104680.3231981038,227191.6005692308,720664095.7392308
Epigenomics_24,MOEA/D,5,3,357822.1073355469,1104680.3231981038,226944.13230307697,720179544.2315384
Epigenomics_24,MOEA/D,5,4,347534.7436789874,1090952.8653143211,140000.62426153844,717752808.6238462
Epigenomics_24,MOEA/D,5,5,360826.79871298984,1104680.3231981038,140000.62426153844,717752808.6238462
Epigenomics_24,MOEA/D,5,6,360826.79871298984,1104680.3231981038,139493.6517230769,717681206.7007691
Epigenomics_24,MOEA/D,5,7,391226.63144188107,1104680.3231981038,139493.6517230769,716812234.2007693
Epigenomics_24,MOEA/D,5,8,391226.63144188107,1104642.3958458714,139493.6517230769,716240197.6623076
Epigenomics_24,MOEA/D,5,9,391226.63144188107,1104642.3958458714,139493.6517230769,716153195.3546153
Epigenomics_24,MOEA/D,5,10,391226.63144188107,1104642.3958458714,139493.6517230769,716240197.6623076
Epigenomics_24,MOEA/D,5,11,391226.63144188107,1104642.3958458714,139493.6517230769,716183755.7153846
Epigenomics_24,MOEA/D,5,12,391226.63144188107,1104642.3958458714,139493.6517230769,715966258.7615384
Epigenomics_24,MOEA/D,5,13,322083.3827604117,1022959.2829112682,139493.6517230769,715888841.4538461
Epigenomics_24,MOEA/D,5,14,322083.3827604117,1022959.2829112682,139137.62014923076,715813829.5853845
Epigenomics_24,MOEA/D,5,15,322083.3827604117,1022848.329429862,139045.5322676923,715733144.9153847
Epigenomics_24,QL-NSGA-III,1,0,286773.87657862384,950442.1488834495,108142.63922615386,776246463.6238463
Epigenomics_24,QL-NSGA-III,1,1,286611.7143054508,949485.0369486628,108142.63922615386,774298274.6707692
Epigenomics_24,QL-NSGA-III,1,2,280536.48030667374,882209.8611551353,33214.09691846154,748017476.0384616
Epigenomics_24,QL-NSGA-III,1,3,280536.48030667374,882209.8611551353,33214.09691846154,748017476.0384616
Epigenomics_24,QL-NSGA-III,1,4,280536.48030667374,882209.8611551353,28742.931533846153,748017476.0384616
Epigenomics_24,QL-NSGA-III,1,5,280536.48030667374,882209.8611551353,33214.09691846154,748017476.0384616
Epigenomics_24,QL-NSGA-III,1,6,280536.48030667374,882209.8611551353,33214.09691846154,748017476.0384616
Epigenomics_24,QL-NSGA-III,1,7,280536.48030667374,882209.8611551353,33214.09691846154,716861183.8161539
Epigenomics_24,QL-NSGA-III,1,8,280264.16894436604,881282.436703119,33214.09691846154,716861183.8161539
Epigenomics_24,QL-NSGA-III,1,9,280264.16894436604,881282.436703119,29167.892492307692,716861183.8161539
Epigenomics_24,QL-NSGA-III,1,10,280264.16894436604,881282.436703119,29167.892492307692,716943269.3384615
Epigenomics_24,QL-NSGA-III,1,11,280264.16894436604,881282.436703119,29167.892492307692,717835640.2692307
Epigenomics_24,QL-NSGA-III,1,12,280264.16894436604,881282.436703119,29035.652492307694,717835640.2692307
Epigenomics_24,QL-NSGA-III,1,13,280264.16894436604,881282.436703119,29073.65672307693,717835640.2692307
Epigenomics_24,QL-NSGA-III,1,14,280264.16894436604,881282.436703119,28636.83918461539,716730023.1538461
Epigenomics_24,QL-NSGA-III,1,15,280264.16894436604,881282.436703119,28680.33884153846,717835640.2692307
Epigenomics_24,QL-NSGA-III,2,0,286387.8651885217,954065.6789480108,94968.59903076924,746875702.5007693
Epigenomics_24,QL-NSGA-III,2,1,283578.13264896034,906822.732263624,94968.59903076924,738878151.5938462
Epigenomics_24,QL-NSGA-III,2,2,262535.98124288465,905708.5899113163,94968.59903076924,721792233.1323076
Epigenomics_24,QL-NSGA-III,2,3,262535.98124288465,905708.5899113163,95221.70072307692,721792233.1323076
Epigenomics_24,QL-NSGA-III,2,4,262535.98124288465,905395.8934926803,95015.91226153847,721792233.1323076
Epigenomics_24,QL-NSGA-III,2,5,262535.98124288465,905395.8934926803,31673.006723076927,721337111.7861538
Epigenomics_24,QL-NSGA-III,2,6,262535.98124288465,883020.9116028488,31673.006723076927,717292893.376923
Epigenomics_24,QL-NSGA-III,2,7,262535.98124288465,883020.9116028488,31673.006723076927,721337111.7861538
Epigenomics_24,QL-NSGA-III,2,8,262535.98124288465,883020.9116028488,33571.7724923077,717397870.6323078
Epigenomics_24,QL-NSGA-III,2,9,262497.8413526893,883020.9116028488,33571.7724923077,717397870.6323078
Epigenomics_24,QL-NSGA-III,2,10,262056.21682677284,883020.9116028488,31188.200953846157,717397870.6323078
Epigenomics_24,QL-NSGA-III,2,11,262056.21682677284,883020.9116028488,33450.445569230775,717397870.6323078
Epigenomics_24,QL-NSGA-III,2,12,262056.21682677284,883020.9116028488,33450.445569230775,717397870.6323078
Epigenomics_24,QL-NSGA-III,2,13,263842.7052259615,883020.9116028488,33450.445569230775,717397870.6323078
Epigenomics_24,QL-NSGA-III,2,14,263842.7052259615,883020.9116028488,31180.94499538462,717397870.6323078
Epigenomics_24,QL-NSGA-III,2,15,263842.7052259615,883020.9116028488,31180.94499538462,717397870.6323078
Epigenomics_24,QL-NSGA-III,3,0,280277.6722195433,881448.238669243,128130.01691846154,752843718.6238462
Epigenomics_24,QL-NSGA-III,3,1,280277.6722195433,881448.238669243,128130.01691846154,752843718.6238462
Epigenomics_24,QL-NSGA-III,3,2,280045.1734495433,881448.238669243,128003.78419076922,752843718.6238462
Epigenomics_24,QL-NSGA-III,3,3,278047.7241254297,879096.5127460097,128003.78419076922,752843718.6238462
Epigenomics_24,QL-NSGA-III,3,4,280091.70429800486,881448.238669243,114948.71810769232,752843718.6238462
Epigenomics_24,QL-NSGA-III,3,5,278727.0381526983,881636.264243164,112869.0798,735085449.97
Epigenomics_24,QL-NSGA-III,3,6,280103.09200257517,881636.264243164,114948.71810769232,734522321.7007692
Epigenomics_24,QL-NSGA-III,3,7,280103.09200257517,881636.264243164,104014.14826153846,718607486.7007693
Epigenomics_24,QL-NSGA-III,3,8,280103.09200257517,881636.264243164,104014.14826153846,718607486.7007693
Epigenomics_24,QL-NSGA-III,3,9,280103.09200257517,881636.264243164,104014.14826153846,718444346.1238462
Epigenomics_24,QL-NSGA-III,3,10,263096.2212127194,864406.1538163702,104014.14826153846,718444346.1238462
Epigenomics_24,QL-NSGA-III,3,11,262061.9541459916,863785.5664852584,105730.3908,718130479.7776922
Epigenomics_24,QL-NSGA-III,3,12,262061.9541459916,863785.5664852584,29214.319800000005,716750730.076923
Epigenomics_24,QL-NSGA-III,3,13,262061.9541459916,863785.5664852584,28765.74999538462,716015594.4999999
Epigenomics_24,QL-NSGA-III,3,14,262061.9541459916,863785.5664852584,28765.74999538462,716015594.4999999
Epigenomics_24,QL-NSGA-III,3,15,262061.9541459916,863785.5664852584,29212.491184615385,716015594.4999999
Epigenomics_24,QL-NSGA-III,4,0,265180.7498845012,870202.0249014061,130856.59438000001,766784349.8084615
Epigenomics_24,QL-NSGA-III,4,1,265180.7498845012,870202.0249014061,130838.37803076924,762944390.7700001
Epigenomics_24,QL-NSGA-III,4,2,265023.55202504806,870202.0249014061,130856.59438000001,762944390.7700001
Epigenomics_24,QL-NSGA-III,4,3,265023.55202504806,870202.0249014061,133065.5880723077,735520804.5307693
Epigenomics_24,QL-NSGA-III,4,4,265023.55202504806,870202.0249014061,133065.5880723077,735520804.5307693
Epigenomics_24,QL-NSGA-III,4,5,265023.55202504806,870202.0249014061,133065.5880723077,735520804.5307693
Epigenomics_24,QL-NSGA-III,4,6,265023.55202504806,870513.2910091104,124975.55764615384,735520804.5307693
Epigenomics_24,QL-NSGA-III,4,7,265335.6888559856,871096.3739866104,115255.25730307693,735520804.5307693
Epigenomics_24,QL-NSGA-III,4,8,265335.6888559856,871096.3739866104,113501.70076461538,746179433.0776922
Epigenomics_24,QL-NSGA-III,4,9,265335.6888559856,871096.3739866104,95068.40268769232,747015681.9238461
Epigenomics_24,QL-NSGA-III,4,10,265335.6888559856,871096.3739866104,95068.40268769232,746681972.9615384
Epigenomics_24,QL-NSGA-III,4,11,265335.6888559856,871096.3739866104,95068.40268769232,746681972.9615384
Epigenomics_24,QL-NSGA-III,4,12,265335.6888559856,871096.3739866104,95068.40268769232,746681972.9615384
Epigenomics_24,QL-NSGA-III,4,13,265335.6888559856,871096.3739866104,95068.40268769232,733867738.1846155
Epigenomics_24,QL-NSGA-III,4,14,265019.4790109766,871096.3739866104,95357.96268769231,732924330.6538461
Epigenomics_24,QL-NSGA-III,4,15,263226.94212195015,871096.3739866104,95357.96268769231,716411784.3930769
Epigenomics_24,QL-NSGA-III,5,0,281475.9809379838,902276.5326735518,97296.21111384616,733539705.1623076
Epigenomics_24,QL-NSGA-III,5,1,281475.9809379838,902276.5326735518,94558.3061076923,733221991.6461538
Epigenomics_24,QL-NSGA-III,5,2,281475.9809379838,902812.5230948075,95075.52110769232,717590458.8469231
Epigenomics_24,QL-NSGA-III,5,3,281475.9809379838,902746.3688440383,95075.52110769232,717590458.8469231
Epigenomics_24,QL-NSGA-III,5,4,281475.9809379838,872889.4225843509,92323.7430723077,717590458.8469231
Epigenomics_24,QL-NSGA-III,5,5,281475.9809379838,872889.4225843509,96867.21341538461,717590458.8469231
Epigenomics_24,QL-NSGA-III,5,6,281475.9809379838,872889.4225843509,96867.21341538461,717590458.8469231
Epigenomics_24,QL-NSGA-III,5,7,281475.9809379838,872889.4225843509,97661.08056923078,717590458.8469231
Epigenomics_24,QL-NSGA-III,5,8,281475.9809379838,872889.4225843509,70394.11461076923,717590458.8469231
Epigenomics_24,QL-NSGA-III,5,9,281475.9809379838,872889.4225843509,70394.11461076923,721125584.4238462
Epigenomics_24,QL-NSGA-III,5,10,281475.9809379838,872889.4225843509,70394.11461076923,721125584.4238462
Epigenomics_24,QL-NSGA-III,5,11,281475.9809379838,872889.4225843509,31615.862492307693,716317950.7392309
Epigenomics_24,QL-NSGA-III,5,12,281475.9809379838,872889.4225843509,31615.862492307693,716317950.7392309
Epigenomics_24,QL-NSGA-III,5,13,280361.5736956761,871774.0708820431,31615.862492307693,716317950.7392309
Epigenomics_24,QL-NSGA-III,5,14,280361.5736956761,871774.0708820431,31263.355918461537,716404587.6930768
Epigenomics_24,QL-NSGA-III,5,15,280361.5736956761,871586.5279453335,31263.355918461537,716342072.3084614
Epigenomics_24,OVEA-style,1,0,286773.87657862384,950442.1488834495,108142.63922615386,776246463.6238463
Epigenomics_24,OVEA-style,1,1,286773.87657862384,947494.1962308201,103385.34364615385,776246463.6238463
Epigenomics_24,OVEA-style,1,2,261845.49776615386,935250.117969498,103378.76303076923,717579717.3630768
Epigenomics_24,OVEA-style,1,3,312738.44280977466,1039709.4878849067,103378.76303076923,717579717.3630768
Epigenomics_24,OVEA-style,1,4,327188.5490084616,1079756.049719973,67071.67691846154,717579717.3630768
Epigenomics_24,OVEA-style,1,5,327188.5490084616,1079756.049719973,34012.399226153844,717579717.3630768
Epigenomics_24,OVEA-style,1,6,327386.5468058053,1079756.049719973,34012.399226153844,717579717.3630768
Epigenomics_24,OVEA-style,1,7,327386.5468058053,1079756.049719973,31983.145338461538,717579717.3630768
Epigenomics_24,OVEA-style,1,8,327386.5468058053,1079756.049719973,31983.145338461538,717579717.3630768
Epigenomics_24,OVEA-style,1,9,390392.8805378817,1186889.5397284855,29305.644995384617,717392493.1323076
Epigenomics_24,OVEA-style,1,10,390392.8805378817,1186004.08707512,29305.644995384617,717142750.876923
Epigenomics_24,OVEA-style,1,11,389425.07913057395,1184990.8550052221,28397.153841538464,717142750.876923
Epigenomics_24,OVEA-style,1,12,390345.1236154027,1185797.5000656429,28397.153841538464,717142750.876923
Epigenomics_24,OVEA-style,1,13,390345.1236154027,1186004.08707512,28637.80841538462,717142750.876923
Epigenomics_24,OVEA-style,1,14,389435.6604338943,1185683.735156271,28265.58191846154,716462307.6076922
Epigenomics_24,OVEA-style,1,15,389435.6604338943,1185683.735156271,28265.58191846154,716462307.6076922
Epigenomics_24,OVEA-style,2,0,286387.8651885217,954065.6789480108,94968.59903076924,746875702.5007693
Epigenomics_24,OVEA-style,2,1,286387.8651885217,953001.1665888943,94968.59903076924,746875702.5007693
Epigenomics_24,OVEA-style,2,2,286387.8651885217,953001.1665888943,94968.59903076924,746875702.5007693
Epigenomics_24,OVEA-style,2,3,311013.4292754297,1047928.1787132181,94420.10845692307,745983515.1930767
Epigenomics_24,OVEA-style,2,4,312555.9138265926,1086049.4967578938,33505.05053384616,717112186.8930768
Epigenomics_24,OVEA-style,2,5,312799.4577499249,1113801.4116166467,33505.05053384616,717112186.8930768
Epigenomics_24,OVEA-style,2,6,346097.51936296583,1207788.3450296812,32256.317492307688,717112186.8930768
Epigenomics_24,OVEA-style,2,7,380105.68014423386,1207788.3450296812,28273.364030769233,717112186.8930768
Epigenomics_24,OVEA-style,2,8,377410.0966932393,1207788.3450296812,28273.364030769233,717112186.8930768
Epigenomics_24,OVEA-style,2,9,376874.1652287441,1207788.3450296812,28273.364030769233,717112186.8930768
Epigenomics_24,OVEA-style,2,10,376874.1652287441,1207788.3450296812,28036.583610769238,717112186.8930768
Epigenomics_24,OVEA-style,2,11,503983.4911748858,1206690.3306572714,28036.583610769238,717112186.8930768
Epigenomics_24,OVEA-style,2,12,505309.4378491167,1207430.6417565113,27827.80899538462,716752867.4153847
Epigenomics_24,OVEA-style,2,13,505349.93442057696,1207430.6417565113,27790.48576461539,716752867.4153847
Epigenomics_24,OVEA-style,2,14,505349.93442057696,1207430.6417565113,27748.257072307693,716752867.4153847
Epigenomics_24,OVEA-style,2,15,505349.93442057696,1207430.6417565113,27748.257072307693,716752867.4153847
Epigenomics_24,OVEA-style,3,0,280277.6722195433,881448.238669243,128130.01691846154,752843718.6238462
Epigenomics_24,OVEA-style,3,1,262294.65526175784,880113.2776683355,163078.14342153847,752843718.6238462
Epigenomics_24,OVEA-style,3,2,262294.65526175784,966500.3212043688,163078.14342153847,752843718.6238462
Epigenomics_24,OVEA-style,3,3,262294.65526175784,966500.3212043688,106829.36419076924,752843718.6238462
Epigenomics_24,OVEA-style,3,4,312056.2774913822,1089005.736896926,106829.36419076924,746663711.4538461
Epigenomics_24,OVEA-style,3,5,307025.0811744111,1098395.8650061628,69947.6670723077,746487364.2861538
Epigenomics_24,OVEA-style,3,6,305921.64530653844,1098395.8650061628,65260.93899538461,746473552.7476923
Epigenomics_24,OVEA-style,3,7,311445.67271382816,1153453.9054001984,29048.024380000003,721279060.546923
Epigenomics_24,OVEA-style,3,8,344105.78282199526,1216982.017511779,29048.024380000003,721279060.546923
Epigenomics_24,OVEA-style,3,9,345904.87228804996,1218496.2526947027,28347.323261538462,721279060.546923
Epigenomics_24,OVEA-style,3,10,376444.14871208544,1229967.9744966046,27480.256338461542,721279060.546923
Epigenomics_24,OVEA-style,3,11,376444.14871208544,1229967.9744966046,27480.256338461542,718616114.5853847
Epigenomics_24,OVEA-style,3,12,376444.14871208544,1229967.9744966046,27480.256338461542,718596927.1161538
Epigenomics_24,OVEA-style,3,13,391391.6761865085,1229967.9744966046,26995.372338461537,718596927.1161538
Epigenomics_24,OVEA-style,3,14,395253.1632377735,1229967.9744966046,26995.372338461537,718519006.1546153
Epigenomics_24,OVEA-style,3,15,414722.1480643991,1229967.9744966046,26995.372338461537,717191451.1
Epigenomics_24,OVEA-style,4,0,265180.7498845012,870202.0249014061,130856.59438000001,766784349.8084615
Epigenomics_24,OVEA-style,4,1,265180.7498845012,870202.0249014061,95254.53768769231,766784349.8084615
Epigenomics_24,OVEA-style,4,2,265180.7498845012,870202.0249014061,95254.53768769231,766784349.8084615
Epigenomics_24,OVEA-style,4,3,280869.13061394234,970748.4668713401,92758.6726876923,766784349.8084615
Epigenomics_24,OVEA-style,4,4,305876.58250400843,1032717.6593340475,92726.71807230769,764222229.8084615
Epigenomics_24,OVEA-style,4,5,321427.98225583235,1096632.5701421755,92548.61072923077,764222229.8084615
Epigenomics_24,OVEA-style,4,6,322634.02109314007,1096632.5701421755,92548.61072923077,764222229.8084615
Epigenomics_24,OVEA-style,4,7,376618.95232047484,1093726.4576161208,92548.61072923077,762849086.2923077
Epigenomics_24,OVEA-style,4,8,395304.30877964554,1096632.5701421755,31639.70476461538,762849086.2923077
Epigenomics_24,OVEA-style,4,9,395304.30877964554,1096632.5701421755,31639.70476461538,762849086.2923077
Epigenomics_24,OVEA-style,4,10,395304.30877964554,1096632.5701421755,28840.071303076926,762675588.7923077
Epigenomics_24,OVEA-style,4,11,395304.30877964554,1096632.5701421755,30995.37053384615,762675588.7923077
Epigenomics_24,OVEA-style,4,12,395304.30877964554,1096632.5701421755,28398.67230307692,762675588.7923077
Epigenomics_24,OVEA-style,4,13,394481.2804022477,1096154.1554359375,28283.94284153846,762675588.7923077
Epigenomics_24,OVEA-style,4,14,417855.1450629959,1273702.3351488402,28072.650533846157,733140967.2538463
Epigenomics_24,OVEA-style,4,15,417942.02723186905,1273702.3351488402,28072.650533846157,733140967.2538463
Epigenomics_24,OVEA-style,5,0,281475.9809379838,902276.5326735518,97296.21111384616,733539705.1623076
Epigenomics_24,OVEA-style,5,1,281475.9809379838,902276.5326735518,94346.77957538461,733539705.1623076
Epigenomics_24,OVEA-style,5,2,308698.3679147777,994584.5469859737,94346.77957538461,733539705.1623076
Epigenomics_24,OVEA-style,5,3,286479.0271346815,988135.1874423105,94346.77957538461,733378039.2007693
Epigenomics_24,OVEA-style,5,4,283782.43956378306,1008085.8718151593,32047.861107692304,733378039.2007693
Epigenomics_24,OVEA-style,5,5,283782.43956378306,1008085.8718151593,32047.861107692304,718594869.393077
Epigenomics_24,OVEA-style,5,6,307067.8032219682,1099087.6471247266,32047.861107692304,718594869.393077
Epigenomics_24,OVEA-style,5,7,329354.61818924884,1171204.2117605289,32047.861107692304,718594869.393077
Epigenomics_24,OVEA-style,5,8,414710.63537982875,1188406.470326842,31522.251533846153,718594869.393077
Epigenomics_24,OVEA-style,5,9,414710.63537982875,1185267.0412490054,31522.251533846153,718594869.393077
Epigenomics_24,OVEA-style,5,10,414907.45879161963,1185267.0412490054,29874.638261538457,718594869.393077
Epigenomics_24,OVEA-style,5,11,433834.05575680593,1185267.0412490054,29217.310569230765,718594869.393077
Epigenomics_24,OVEA-style,5,12,433834.05575680593,1185267.0412490054,28804.931723076923,718594869.393077
Epigenomics_24,OVEA-style,5,13,433834.05575680593,1185267.0412490054,28804.931723076923,717051094.2007693
Epigenomics_24,OVEA-style,5,14,416010.9224592008,1185267.0412490054,28729.419184615384,716893840.4615384
Epigenomics_24,OVEA-style,5,15,416010.9224592008,1185267.0412490054,28729.419184615384,716893840.4615384
Epigenomics_24,QMOEA/D-AWA-style,1,0,286773.87657862384,950442.1488834495,108142.63922615386,776246463.6238463
Epigenomics_24,QMOEA/D-AWA-style,1,1,306310.80609108176,973080.2484682844,107955.99745692308,769144793.6546154
Epigenomics_24,QMOEA/D-AWA-style,1,2,325873.86492267734,986359.0821782933,107955.99745692308,721378046.2092308
Epigenomics_24,QMOEA/D-AWA-style,1,3,320536.9531038462,1021174.8433947447,107955.99745692308,721378046.2092308
Epigenomics_24,QMOEA/D-AWA-style,1,4,320536.9531038462,1021174.8433947447,107955.99745692308,720952891.7315385
Epigenomics_24,QMOEA/D-AWA-style,1,5,320524.7021792308,1021227.9069785909,107955.99745692308,716967039.2315385
Epigenomics_24,QMOEA/D-AWA-style,1,6,320793.09049833537,1021307.5817904538,488099.33938,716762142.116154
Epigenomics_24,QMOEA/D-AWA-style,1,7,390703.56259538163,1185327.084873245,488099.33938,716649334.0392308
Epigenomics_24,QMOEA/D-AWA-style,1,8,390703.56259538163,1187709.772916256,487671.58438,716649334.0392308
Epigenomics_24,QMOEA/D-AWA-style,1,9,391416.87648590753,1188097.5564933503,487671.58438,716560365.7392309
Epigenomics_24,QMOEA/D-AWA-style,1,10,391828.0099366737,1188644.0644354504,487671.58438,716538132.4461539
Epigenomics_24,QMOEA/D-AWA-style,1,11,388921.80356538465,1186057.8409814453,487671.58438,716404015.1384616
Epigenomics_24,QMOEA/D-AWA-style,1,12,391828.0099366737,1186057.8409814453,487290.54284153844,716355657.1161537
Epigenomics_24,QMOEA/D-AWA-style,1,13,391828.0099366737,1188111.8792067366,486922.07938,716355657.1161537
Epigenomics_24,QMOEA/D-AWA-style,1,14,392311.7391041737,1189128.2123729505,380573.53091846156,716291207.0615385
Epigenomics_24,QMOEA/D-AWA-style,1,15,392311.7391041737,1189128.2123729505,380573.53091846156,716206278.2153847
Epigenomics_24,QMOEA/D-AWA-style,2,0,286387.8651885217,954065.6789480108,94968.59903076924,746875702.5007693
Epigenomics_24,QMOEA/D-AWA-style,2,1,322070.8536809616,1012453.0427769652,94968.59903076924,746875702.5007693
Epigenomics_24,QMOEA/D-AWA-style,2,2,322403.9973527584,1071578.800844333,94747.18403076923,746875702.5007693
Epigenomics_24,QMOEA/D-AWA-style,2,3,322070.8536809616,1073269.6733720282,139127.80091846152,716611504.6161538
Epigenomics_24,QMOEA/D-AWA-style,2,4,322589.7997944321,1065835.1263022204,139127.80091846152,716409830.6846153
Epigenomics_24,QMOEA/D-AWA-style,2,5,359615.4392240055,1135989.9038371905,139127.80091846152,716539340.3546153
Epigenomics_24,QMOEA/D-AWA-style,2,6,390569.7586859616,1162979.3656686838,426816.70899538463,716393594.3384615
Epigenomics_24,QMOEA/D-AWA-style,2,7,390558.36881682096,1162979.3656686838,489254.6246107692,716183608.7615384
Epigenomics_24,QMOEA/D-AWA-style,2,8,390620.97884288465,1162979.3656686838,489254.6246107692,716183608.7615384
Epigenomics_24,QMOEA/D-AWA-style,2,9,391338.03608687804,1162979.3656686838,489254.6246107692,716096606.4538461
Epigenomics_24,QMOEA/D-AWA-style,2,10,462162.9271163463,1164540.0266421814,489276.31114923075,716047781.4538461
Epigenomics_24,QMOEA/D-AWA-style,2,11,462364.6536459797,1164757.5372529689,489276.31114923075,716047781.4538461
Epigenomics_24,QMOEA/D-AWA-style,2,12,462364.6536459797,1164758.0065129688,489121.5146107692,716047781.4538461
Epigenomics_24,QMOEA/D-AWA-style,2,13,391215.18170372903,1164677.9775945884,489119.33961076924,715972558.7615384
Epigenomics_24,QMOEA/D-AWA-style,2,14,391215.18170372903,1164678.3409245883,489119.33961076924,715972558.7615384
Epigenomics_24,QMOEA/D-AWA-style,2,15,391215.18170372903,1164678.3409245883,489119.33961076924,715903729.5307692
Epigenomics_24,QMOEA/D-AWA-style,3,0,280277.6722195433,881448.238669243,128130.01691846154,752843718.6238462
Epigenomics_24,QMOEA/D-AWA-style,3,1,314210.6410680048,1010461.8442380258,128130.01691846154,752843718.6238462
Epigenomics_24,QMOEA/D-AWA-style,3,2,323679.70496796275,1073910.353230724,159700.92364615382,746912891.7007692
Epigenomics_24,QMOEA/D-AWA-style,3,3,323679.70496796275,1073271.42697247,201042.38707230767,746912891.7007692
Epigenomics_24,QMOEA/D-AWA-style,3,4,323679.70496796275,1073271.42697247,201042.38707230767,718649436.5938462
Epigenomics_24,QMOEA/D-AWA-style,3,5,345940.03124003316,1085038.5190391317,200694.78919076922,718191542.8853847
Epigenomics_24,QMOEA/D-AWA-style,3,6,329373.14937845856,1122459.7145013672,340214.16861076927,716591606.2923076
Epigenomics_24,QMOEA/D-AWA-style,3,7,435064.5229407693,1161299.841121256,423914.6711076923,716591606.2923076
Epigenomics_24,QMOEA/D-AWA-style,3,8,435064.5229407693,1161374.3581312557,425298.01149230765,716591606.2923076
Epigenomics_24,QMOEA/D-AWA-style,3,9,436964.0296732723,1165028.2611815894,425298.01149230765,716219470.1384616
Epigenomics_24,QMOEA/D-AWA-style,3,10,436425.882546142,1163546.260843209,425298.01149230765,716219470.1384616
Epigenomics_24,QMOEA/D-AWA-style,3,11,324094.34018956433,1025027.7552454389,425298.01149230765,716167979.7538462
Epigenomics_24,QMOEA/D-AWA-style,3,12,324094.34018956433,1025027.7552454389,425298.01149230765,716161060.1384616
Epigenomics_24,QMOEA/D-AWA-style,3,13,436407.21271075733,1163819.82992698,423827.7867230769,716068270.1384616
Epigenomics_24,QMOEA/D-AWA-style,3,14,436324.7119166167,1163631.5492918508,423827.7867230769,716068270.1384616
Epigenomics_24,QMOEA/D-AWA-style,3,15,436425.878066142,1163793.2890495732,423827.7867230769,715918752.4461539
Epigenomics_24,QMOEA/D-AWA-style,4,0,265180.7498845012,870202.0249014061,130856.59438000001,766784349.8084615
Epigenomics_24,QMOEA/D-AWA-style,4,1,312120.24841056194,969689.5873412441,130856.59438000001,766784349.8084615
Epigenomics_24,QMOEA/D-AWA-style,4,2,311934.30548902345,967739.9138033265,130856.59438000001,752207572.5007693
Epigenomics_24,QMOEA/D-AWA-style,4,3,311934.30548902345,969129.492314955,131327.82538,752207572.5007693
Epigenomics_24,QMOEA/D-AWA-style,4,4,327384.1757651773,1080173.364114303,185701.27033846153,735127670.3546154
Epigenomics_24,QMOEA/D-AWA-style,4,5,327253.66023900843,1046087.0323693841,185701.27033846153,716730832.5007693
Epigenomics_24,QMOEA/D-AWA-style,4,6,322330.5108207122,1026143.2145571274,380068.06438000005,716471002.9923075
Epigenomics_24,QMOEA/D-AWA-style,4,7,322291.59054847056,1025845.868531211,406772.3889953847,716471002.9923075
Epigenomics_24,QMOEA/D-AWA-style,4,8,323929.05741069716,1025845.868531211,406772.3889953847,716269290.4923075
Epigenomics_24,QMOEA/D-AWA-style,4,9,327349.1852676653,1047066.915268627,406772.3889953847,716258386.8076922
Epigenomics_24,QMOEA/D-AWA-style,4,10,327349.1852676653,1048076.0546307422,406772.3889953847,716145578.7307693
Epigenomics_24,QMOEA/D-AWA-style,4,11,327349.1852676653,1078448.8167912923,406772.3889953847,716089141.8076922
Epigenomics_24,QMOEA/D-AWA-style,4,12,327349.1852676653,1078448.8167912923,406772.3889953847,715972934.4999999
Epigenomics_24,QMOEA/D-AWA-style,4,13,327964.38930051983,1080983.5447671276,405930.7511138462,715972934.4999999
Epigenomics_24,QMOEA/D-AWA-style,4,14,327121.51390231674,1081627.7279216107,405754.47688307695,715874194.1153845
Epigenomics_24,QMOEA/D-AWA-style,4,15,327121.51390231674,1081627.7279216107,405754.47688307695,715874194.1153845
Epigenomics_24,QMOEA/D-AWA-style,5,0,281475.9809379838,902276.5326735518,97296.21111384616,733539705.1623076
Epigenomics_24,QMOEA/D-AWA-style,5,1,326555.172376842,1059482.7337086208,219762.2514923077,733539705.1623076
Epigenomics_24,QMOEA/D-AWA-style,5,2,359494.0383588823,1130622.4364270854,162515.2421076923,716992831.4846153
Epigenomics_24,QMOEA/D-AWA-style,5,3,392762.64428071224,1130938.222091235,162502.5339953846,716474514.2315385
Epigenomics_24,QMOEA/D-AWA-style,5,4,392666.8890120885,1130889.2497814845,162253.51403076923,716472381.9238462
Epigenomics_24,QMOEA/D-AWA-style,5,5,392646.74408557406,1130442.950195138,162253.51403076923,716219039.5
Epigenomics_24,QMOEA/D-AWA-style,5,6,459040.22075923684,1210431.0526267067,454691.0332615385,716219039.5
Epigenomics_24,QMOEA/D-AWA-style,5,7,459040.22075923684,1210431.0526267067,454850.9819538462,716054251.2307692
Epigenomics_24,QMOEA/D-AWA-style,5,8,459040.22075923684,1210431.0526267067,454889.3286461539,716054251.2307692
Epigenomics_24,QMOEA/D-AWA-style,5,9,459040.22075923684,1186754.492931343,454889.3286461539,716054251.2307692
Epigenomics_24,QMOEA/D-AWA-style,5,10,484911.6562821846,1186315.7120149427,489609.6738061539,716054251.2307692
Epigenomics_24,QMOEA/D-AWA-style,5,11,484837.10999526153,1185788.481368789,489609.6738061539,715966636.2307692
Epigenomics_24,QMOEA/D-AWA-style,5,12,484837.10999526153,1185628.1578547475,489785.94803692313,715925591.0384616
Epigenomics_24,QMOEA/D-AWA-style,5,13,484837.10999526153,1185628.1578547475,489785.94803692313,715925591.0384616
Epigenomics_24,QMOEA/D-AWA-style,5,14,435290.7880484616,1185628.1578547475,482677.3305692308,715794474.8846153
Epigenomics_24,QMOEA/D-AWA-style,5,15,435290.7838184616,1185628.1578547475,482677.3305692308,715794474.8846153
Montage_25,ADARE,1,0,3257.4549779687495,13512.53452659255,3705.6670676923077,11186596.80846154
Montage_25,ADARE,1,1,3028.2109167037247,12970.422551301086,3644.33299076923,11186596.80846154
Montage_25,ADARE,1,2,3028.2109167037247,12970.422551301086,3409.0639907692303,10758041.36923077
Montage_25,ADARE,1,3,3028.2109167037247,12970.422551301086,2706.549375384616,10758041.36923077
Montage_25,ADARE,1,4,2998.125267496995,12970.422551301086,2706.549375384616,10625796.915384615
Montage_25,ADARE,1,5,2998.125267496995,12970.422551301086,2600.506647692308,10625796.915384615
Montage_25,ADARE,1,6,2998.125267496995,12970.422551301086,2318.677416923077,10625796.915384615
Montage_25,ADARE,1,7,2998.125267496995,12970.422551301086,2318.677416923077,10510518.37769231
Montage_25,ADARE,1,8,2998.125267496995,12970.422551301086,2318.677416923077,10510518.37769231
Montage_25,ADARE,1,9,2821.5899580739183,12917.12117449519,2318.677416923077,10274403.04769231
Montage_25,ADARE,1,10,2821.5899580739183,12915.23791342248,2318.677416923077,10399193.893076925
Montage_25,ADARE,1,11,2821.5899580739183,12444.1200016857,2312.5953753846156,10351099.116153846
Montage_25,ADARE,1,12,2821.5899580739183,12444.1200016857,2312.5953753846156,10351099.116153846
Montage_25,ADARE,1,13,2821.5899580739183,12444.1200016857,2312.5953753846156,10351099.116153846
Montage_25,ADARE,1,14,2821.5899580739183,12444.1200016857,2312.5953753846156,10351099.116153846
Montage_25,ADARE,1,15,2821.5899580739183,12444.1200016857,2040.4572984615384,10266109.201538464
Montage_25,ADARE,2,0,3166.815021165865,13420.371494912863,3335.3692215384617,10278467.223846156
Montage_25,ADARE,2,1,3166.815021165865,13418.461455892426,3335.3692215384617,10278467.223846156
Montage_25,ADARE,2,2,3166.815021165865,13418.461455892426,3335.3692215384617,10278467.223846156
Montage_25,ADARE,2,3,3166.815021165865,13418.461455892426,3335.3692215384617,9897625.462307692
Montage_25,ADARE,2,4,3137.5658365955524,13131.344733858172,3133.878606153846,9897625.462307692
Montage_25,ADARE,2,5,3137.5658365955524,13131.344733858172,2614.9270676923074,9897625.462307692
Montage_25,ADARE,2,6,3137.5658365955524,13131.344733858172,2614.9270676923074,9850860.077692308
Montage_25,ADARE,2,7,3137.5658365955524,13131.344733858172,2193.673186153846,9850860.077692308
Montage_25,ADARE,2,8,3137.5658365955524,13131.344733858172,2193.673186153846,9850860.077692308
Montage_25,ADARE,2,9,3128.0242824639413,13131.344733858172,2193.673186153846,9850860.077692308
Montage_25,ADARE,2,10,3128.0242824639413,13131.344733858172,2193.673186153846,9850860.077692308
Montage_25,ADARE,2,11,2945.858042124398,13131.344733858172,2193.673186153846,9850860.077692308
Montage_25,ADARE,2,12,2945.858042124398,13131.344733858172,2193.673186153846,9850860.077692308
Montage_25,ADARE,2,13,2945.858042124398,13131.344733858172,2186.3488015384623,9850860.077692308
Montage_25,ADARE,2,14,2945.858042124398,13131.344733858172,1740.7781861538463,9850860.077692308
Montage_25,ADARE,2,15,2945.858042124398,13131.344733858172,1740.7781861538463,9805069.607692307
Montage_25,ADARE,3,0,3425.058450036058,13701.115938915267,3419.9609138461537,11227084.693076923
Montage_25,ADARE,3,1,3412.9679710847354,13507.828727767424,3060.855718461539,11227084.693076923
Montage_25,ADARE,3,2,2918.3061479537264,13077.13352276142,3060.855718461539,10733398.999999998
Montage_25,ADARE,3,3,2918.3061479537264,13077.13352276142,2840.1105292307693,10168652.46153846
Montage_25,ADARE,3,4,2918.3061479537264,12817.759593227165,2761.8503400000004,10168652.46153846
Montage_25,ADARE,3,5,2801.9697426262023,12817.759593227165,2582.153801538462,10168652.46153846
Montage_25,ADARE,3,6,2801.9697426262023,12718.180361826924,2582.153801538462,10168652.46153846
Montage_25,ADARE,3,7,2801.9697426262023,12718.180361826924,2157.012718461539,10168652.46153846
Montage_25,ADARE,3,8,2801.9697426262023,12718.180361826924,2157.012718461539,10168652.46153846
Montage_25,ADARE,3,9,2801.9697426262023,12718.180361826924,2157.012718461539,9954807.107692307
Montage_25,ADARE,3,10,2801.9697426262023,12718.180361826924,2157.012718461539,9954807.107692307
Montage_25,ADARE,3,11,2801.9697426262023,12561.074746634611,2157.012718461539,9954807.107692307
Montage_25,ADARE,3,12,2801.9697426262023,12561.074746634611,2157.012718461539,9954807.107692307
Montage_25,ADARE,3,13,2801.9697426262023,12561.074746634611,2157.012718461539,9954807.107692307
Montage_25,ADARE,3,14,2801.9697426262023,12561.074746634611,2157.012718461539,10002803.23076923
Montage_25,ADARE,3,15,2801.9697426262023,12561.074746634611,2157.012718461539,10096576.146153845
Montage_25,ADARE,4,0,3261.894307599159,13139.74190026142,3128.8913338461534,10797311.701538462
Montage_25,ADARE,4,1,3261.894307599159,13139.74190026142,3128.8913338461534,10797311.701538462
Montage_25,ADARE,4,2,3238.891478061898,13139.74190026142,3128.8913338461534,10797311.701538462
Montage_25,ADARE,4,3,3238.891478061898,13139.74190026142,3025.1430261538453,10442257.330769232
Montage_25,ADARE,4,4,3207.6605184735577,13139.74190026142,2784.7495646153843,10229955.823076922
Montage_25,ADARE,4,5,3062.664866772836,13139.74190026142,2784.7495646153843,10229955.823076922
Montage_25,ADARE,4,6,3062.664866772836,13139.74190026142,2775.568416923077,10229955.823076922
Montage_25,ADARE,4,7,3062.664866772836,13139.74190026142,2537.913955384615,10229955.823076922
Montage_25,ADARE,4,8,3062.664866772836,13139.74190026142,2537.913955384615,10176173.899999999
Montage_25,ADARE,4,9,3062.664866772836,13139.74190026142,1521.8880323076926,10150236.915384613
Montage_25,ADARE,4,10,3062.664866772836,13139.74190026142,1521.8880323076926,10150236.915384613
Montage_25,ADARE,4,11,3062.664866772836,12992.413269987981,1521.8880323076926,10150236.915384613
Montage_25,ADARE,4,12,3062.664866772836,12992.413269987981,1521.8880323076926,9944266.723076925
Montage_25,ADARE,4,13,3062.664866772836,12992.413269987981,1521.8880323076926,9880911.915384617
Montage_25,ADARE,4,14,3016.1446001021627,12992.413269987981,1521.8880323076926,9880911.915384617
Montage_25,ADARE,4,15,3016.1446001021627,12992.413269987981,1521.8880323076926,9880911.915384617
Montage_25,ADARE,5,0,3156.9776051472354,13187.581941691707,4034.0118723076926,11247917.63923077
Montage_25,ADARE,5,1,3028.0773378816107,13187.581941691707,3736.051523076923,10669001.28615385
Montage_25,ADARE,5,2,3028.0773378816107,13187.581941691707,3736.051523076923,10669001.28615385
Montage_25,ADARE,5,3,3028.0773378816107,13014.025554381014,3564.397298461539,10669001.28615385
Montage_25,ADARE,5,4,2912.5176019831733,12784.321769453132,3564.397298461539,10669001.28615385
Montage_25,ADARE,5,5,2885.82721890625,12448.928267412863,3564.397298461539,10669001.28615385
Montage_25,ADARE,5,6,2885.82721890625,12448.928267412863,3564.397298461539,10669001.28615385
Montage_25,ADARE,5,7,2885.82721890625,12361.824778299278,3564.397298461539,10669001.28615385
Montage_25,ADARE,5,8,2885.82721890625,12253.560883984379,3135.624256923077,10669001.28615385
Montage_25,ADARE,5,9,2863.907411048677,12253.560883984379,2829.218103076923,10669001.28615385
Montage_25,ADARE,5,10,2863.907411048677,12253.560883984379,2829.218103076923,10669001.28615385
Montage_25,ADARE,5,11,2863.907411048677,12220.784585907455,2829.218103076923,10642126.561538462
Montage_25,ADARE,5,12,2863.907411048677,12220.784585907455,2829.218103076923,10378320.984615386
Montage_25,ADARE,5,13,2863.907411048677,12220.784585907455,2325.3261030769236,10378320.984615386
Montage_25,ADARE,5,14,2863.907411048677,12220.784585907455,2305.7511030769238,10378320.984615386
Montage_25,ADARE,5,15,2863.907411048677,12220.784585907455,2305.7511030769238,10378320.984615386
Montage_25,NSGA-III,1,0,3257.4549779687495,13512.53452659255,3705.6670676923077,11186596.80846154
Montage_25,NSGA-III,1,1,3165.011296147836,13512.53452659255,3633.092683076923,10788082.00076923
Montage_25,NSGA-III,1,2,3165.011296147836,13512.53452659255,3412.1845646153847,10788082.00076923
Montage_25,NSGA-III,1,3,3165.011296147836,13375.162214326927,3065.969570769231,10788082.00076923
Montage_25,NSGA-III,1,4,2994.1431843990376,13341.111339639421,3065.969570769231,10663475.438461538
Montage_25,NSGA-III,1,5,2994.1431843990376,13341.111339639421,2578.094570769231,10663475.438461538
Montage_25,NSGA-III,1,6,2994.1431843990376,13341.111339639421,2578.094570769231,10663475.438461538
Montage_25,NSGA-III,1,7,2994.1431843990376,13341.111339639421,2578.094570769231,10663475.438461538
Montage_25,NSGA-III,1,8,2994.1431843990376,13341.111339639421,2578.094570769231,10656173.154615384
Montage_25,NSGA-III,1,9,2994.1431843990376,13341.111339639421,2578.094570769231,10492127.385384617
Montage_25,NSGA-III,1,10,2920.4938737860575,13045.93553630108,2503.9510738461545,10399570.87769231
Montage_25,NSGA-III,1,11,2920.4938737860575,13045.93553630108,2349.415760000001,10343477.299999999
Montage_25,NSGA-III,1,12,2856.397100291466,13045.93553630108,2349.415760000001,10216386.915384613
Montage_25,NSGA-III,1,13,2856.397100291466,13045.93553630108,2349.415760000001,10216386.915384613
Montage_25,NSGA-III,1,14,2856.397100291466,13232.713018804083,2162.1772215384617,10216386.915384613
Montage_25,NSGA-III,1,15,2856.397100291466,13232.713018804083,2162.1772215384617,10216386.915384613
Montage_25,NSGA-III,2,0,3166.815021165865,13420.371494912863,3335.3692215384617,10278467.223846156
Montage_25,NSGA-III,2,1,3166.815021165865,13420.371494912863,3225.423836923077,10278467.223846156
Montage_25,NSGA-III,2,2,3166.815021165865,13420.371494912863,3225.423836923077,10278467.223846156
Montage_25,NSGA-III,2,3,3166.815021165865,13420.371494912863,2878.1842215384613,10278467.223846156
Montage_25,NSGA-III,2,4,3166.815021165865,13251.85873048979,2878.1842215384613,10278467.223846156
Montage_25,NSGA-III,2,5,3166.815021165865,13251.85873048979,2878.1842215384613,10278467.223846156
Montage_25,NSGA-III,2,6,3166.815021165865,13251.85873048979,2696.2803753846156,10278467.223846156
Montage_25,NSGA-III,2,7,3166.815021165865,13251.85873048979,2220.825375384615,10278467.223846156
Montage_25,NSGA-III,2,8,3166.815021165865,13251.85873048979,2220.825375384615,10278467.223846156
Montage_25,NSGA-III,2,9,3105.858925739182,13107.746852166469,2220.825375384615,10145023.838461537
Montage_25,NSGA-III,2,10,3166.815021165865,13254.563057412865,2220.825375384615,9930089.99230769
Montage_25,NSGA-III,2,11,3036.8591444140616,12883.722893951324,1768.8603753846155,9930089.99230769
Montage_25,NSGA-III,2,12,3059.970066340145,12883.722893951324,1768.8603753846155,9930089.99230769
Montage_25,NSGA-III,2,13,3059.970066340145,12883.722893951324,1768.8603753846155,9877264.531538464
Montage_25,NSGA-III,2,14,3059.970066340145,12883.722893951324,1768.8603753846155,9877264.531538464
Montage_25,NSGA-III,2,15,3059.970066340145,12883.722893951324,1768.8603753846155,9877264.531538464
Montage_25,NSGA-III,3,0,3425.058450036058,13701.115938915267,3419.9609138461537,11227084.693076923
Montage_25,NSGA-III,3,1,3233.150369194711,13701.115938915267,2762.667836923077,11227084.693076923
Montage_25,NSGA-III,3,2,3177.1900206159858,13131.320977226564,2762.667836923077,10151072.385384616
Montage_25,NSGA-III,3,3,3177.1900206159858,13131.320977226564,2684.8570676923077,10151072.385384616
Montage_25,NSGA-III,3,4,3177.1900206159858,13131.320977226564,2684.8570676923077,10151072.385384616
Montage_25,NSGA-III,3,5,3177.1900206159858,13018.375295640028,2431.6939907692313,10151072.385384616
Montage_25,NSGA-III,3,6,3177.189615342548,13018.375295640028,2431.6939907692313,10151072.385384616
Montage_25,NSGA-III,3,7,3191.56655351262,13018.375295640028,2255.980529230769,10151072.385384616
Montage_25,NSGA-III,3,8,3099.3391435426684,13004.534553743992,2049.0174523076926,10151072.385384616
Montage_25,NSGA-III,3,9,3099.3391435426684,13004.534553743992,2049.0174523076926,9911795.600000001
Montage_25,NSGA-III,3,10,3152.890276246995,13018.375295640028,1860.5808784615385,9911795.600000001
Montage_25,NSGA-III,3,11,3152.890276246995,13075.647700685102,1860.5808784615385,9842732.385384617
Montage_25,NSGA-III,3,12,3152.890276246995,13075.647700685102,1860.5808784615385,9842732.385384617
Montage_25,NSGA-III,3,13,3152.890276246995,13075.647700685102,1493.105913846154,9842732.385384617
Montage_25,NSGA-III,3,14,3191.8912811298073,13075.647700685102,946.2108784615383,9842732.385384617
Montage_25,NSGA-III,3,15,3191.8912811298073,13075.647700685102,946.2108784615383,9768712.90769231
Montage_25,NSGA-III,4,0,3261.894307599159,13139.74190026142,3128.8913338461534,10797311.701538462
Montage_25,NSGA-III,4,1,3211.6542649879816,12788.176446526446,3128.8913338461534,10797311.701538462
Montage_25,NSGA-III,4,2,3206.928907226562,12788.176446526446,2900.6611446153847,10797311.701538462
Montage_25,NSGA-III,4,3,3070.363718897235,12788.176446526446,2900.6611446153847,10427194.284615384
Montage_25,NSGA-III,4,4,3070.363718897235,12788.176446526446,2557.4115292307692,10427194.284615384
Montage_25,NSGA-III,4,5,2971.315397533052,12788.176446526446,2557.4115292307692,10427194.284615384
Montage_25,NSGA-III,4,6,2971.315397533052,12788.176446526446,2557.4115292307692,10410354.06153846
Montage_25,NSGA-III,4,7,2971.315397533052,12788.176446526446,2557.4115292307692,10427194.284615384
Montage_25,NSGA-III,4,8,2971.315397533052,12788.176446526446,2557.4115292307692,10261203.292307692
Montage_25,NSGA-III,4,9,2971.315397533052,12788.176446526446,2532.8726830769233,10016835.984615384
Montage_25,NSGA-III,4,10,2932.639120267427,12788.176446526446,2532.8726830769233,10016835.984615384
Montage_25,NSGA-III,4,11,2932.639120267427,12788.176446526446,2358.173452307693,10016835.984615384
Montage_25,NSGA-III,4,12,2932.639120267427,12788.176446526446,2358.173452307693,10016835.984615384
Montage_25,NSGA-III,4,13,2932.639120267427,12788.176446526446,2358.173452307693,9981943.676923076
Montage_25,NSGA-III,4,14,2932.639120267427,12788.176446526446,2358.173452307693,10016835.984615384
Montage_25,NSGA-III,4,15,2932.639120267427,12788.176446526446,2358.173452307693,10033676.207692308
Montage_25,NSGA-III,5,0,3156.9776051472354,13187.581941691707,4034.0118723076926,11247917.63923077
Montage_25,NSGA-III,5,1,3156.9776051472354,13187.581941691707,3868.2540261538466,11247917.63923077
Montage_25,NSGA-III,5,2,3156.9776051472354,13187.581941691707,2997.6841446153853,10862600.270000001
Montage_25,NSGA-III,5,3,3033.292646502404,12774.326723701924,2997.6841446153853,10285385.270000001
Montage_25,NSGA-III,5,4,3033.292646502404,12774.326723701924,2997.6841446153853,10285385.270000001
Montage_25,NSGA-III,5,5,2965.749829510216,12461.543283704928,2997.6841446153853,10285385.270000001
Montage_25,NSGA-III,5,6,2965.749829510216,12461.543283704928,3205.175215384616,10285385.270000001
Montage_25,NSGA-III,5,7,2776.5681066977163,12308.858937244591,3205.175215384616,10028232.770000001
Montage_25,NSGA-III,5,8,2776.5681066977163,12308.858937244591,2717.2699907692313,10028232.770000001
Montage_25,NSGA-III,5,9,2776.5681066977163,12308.858937244591,2717.2699907692313,10028232.770000001
Montage_25,NSGA-III,5,10,2776.5681066977163,12308.858937244591,2717.2699907692313,10028232.770000001
Montage_25,NSGA-III,5,11,2776.5681066977163,12308.858937244591,2717.2699907692313,9899930.84692308
Montage_25,NSGA-III,5,12,2776.5681066977163,12308.858937244591,2705.483452307693,9899930.84692308
Montage_25,NSGA-III,5,13,2776.5681066977163,12308.858937244591,2599.924990769231,9899930.84692308
Montage_25,NSGA-III,5,14,2776.5681066977163,12308.858937244591,2702.5411446153853,9899930.84692308
Montage_25,NSGA-III,5,15,2776.5681066977163,12308.858937244591,2702.5411446153853,9899930.84692308
Montage_25,NSGA-II,1,0,3257.4549779687495,13512.53452659255,3705.6670676923077,11186596.80846154
Montage_25,NSGA-II,1,1,3257.4549779687495,13512.53452659255,2521.227026153846,11186596.80846154
Montage_25,NSGA-II,1,2,3254.648239969951,13225.055267902642,2521.227026153846,11186596.80846154
Montage_25,NSGA-II,1,3,3229.464717160456,13225.055267902642,2092.7872215384614,11186596.80846154
Montage_25,NSGA-II,1,4,3183.0039383563694,13225.055267902642,1485.7620323076924,10819176.677692307
Montage_25,NSGA-II,1,5,3183.0039383563694,13225.055267902642,1485.7620323076924,10819176.677692307
Montage_25,NSGA-II,1,6,3048.3013580108177,13041.30742916166,1485.7620323076924,10819176.677692307
Montage_25,NSGA-II,1,7,3048.3013580108177,13041.30742916166,1485.7620323076924,10588439.669230768
Montage_25,NSGA-II,1,8,3048.3013580108177,13003.341897545071,1485.7620323076924,10588439.669230768
Montage_25,NSGA-II,1,9,3005.655303728966,12950.899820621995,1203.9328015384615,10432090.462307692
Montage_25,NSGA-II,1,10,2993.8854328425477,12875.761635093148,1203.9328015384615,10328322.36153846
Montage_25,NSGA-II,1,11,2993.8854328425477,12875.761635093148,1203.9328015384615,10328322.36153846
Montage_25,NSGA-II,1,12,2930.046749630408,12875.761635093148,1203.9328015384615,10328322.36153846
Montage_25,NSGA-II,1,13,2930.046749630408,12813.14455633113,1203.9328015384615,10100563.838461539
Montage_25,NSGA-II,1,14,2930.046749630408,12813.14455633113,852.1262630769229,10100563.838461539
Montage_25,NSGA-II,1,15,2930.046749630408,12665.592622959733,852.1262630769229,10100563.838461539
Montage_25,NSGA-II,2,0,3166.815021165865,13420.371494912863,3335.3692215384617,10278467.223846156
Montage_25,NSGA-II,2,1,3166.815021165865,13420.371494912863,3335.3692215384617,10278467.223846156
Montage_25,NSGA-II,2,2,3069.5466732572113,12921.291579233774,2788.758606153846,10278467.223846156
Montage_25,NSGA-II,2,3,3069.5466732572113,12921.291579233774,2483.278067692308,10278467.223846156
Montage_25,NSGA-II,2,4,3069.5466732572113,12921.291579233774,2483.278067692308,10278467.223846156
Montage_25,NSGA-II,2,5,3069.5466732572113,12921.291579233774,1977.8666830769234,10194069.723846156
Montage_25,NSGA-II,2,6,3069.5466732572113,12921.291579233774,1977.8666830769234,10194069.723846156
Montage_25,NSGA-II,2,7,3069.5466732572113,12921.291579233774,1977.8666830769234,10194069.723846156
Montage_25,NSGA-II,2,8,3069.5466732572113,12921.291579233774,1968.0965999999999,10194069.723846156
Montage_25,NSGA-II,2,9,3069.5466732572113,12921.291579233774,1968.0965999999999,10194069.723846156
Montage_25,NSGA-II,2,10,3069.5466732572113,12921.291579233774,1556.4183753846153,10194069.723846156
Montage_25,NSGA-II,2,11,3050.045658374399,12921.291579233774,1556.4183753846153,10194069.723846156
Montage_25,NSGA-II,2,12,3050.045658374399,12921.291579233774,1556.4183753846153,10194069.723846156
Montage_25,NSGA-II,2,13,3050.045658374399,12921.291579233774,1314.9300261538463,10194069.723846156
Montage_25,NSGA-II,2,14,3050.045658374399,12921.291579233774,1314.9300261538463,10184997.684615385
Montage_25,NSGA-II,2,15,3050.045658374399,12921.291579233774,1314.9300261538463,10184997.684615385
Montage_25,NSGA-II,3,0,3425.058450036058,13701.115938915267,3419.9609138461537,11227084.693076923
Montage_25,NSGA-II,3,1,3242.655995697114,13281.008431021633,3269.6052984615376,11085531.83923077
Montage_25,NSGA-II,3,2,3094.5342688521623,13264.938732794471,3225.65034,10666162.824615385
Montage_25,NSGA-II,3,3,3094.5342688521623,13264.938732794471,2994.8479907692304,10666162.824615385
Montage_25,NSGA-II,3,4,2951.3321310396627,13229.05705783053,2273.370144615385,10666162.824615385
Montage_25,NSGA-II,3,5,2951.3321310396627,13229.05705783053,2273.370144615385,10406535.324615385
Montage_25,NSGA-II,3,6,2951.3321310396627,13229.05705783053,2273.370144615385,10245511.478461541
Montage_25,NSGA-II,3,7,2951.3321310396627,13229.05705783053,2273.370144615385,9863217.931538463
Montage_25,NSGA-II,3,8,2951.3321310396627,13229.05705783053,2273.370144615385,9863217.931538463
Montage_25,NSGA-II,3,9,2941.7327504417053,13016.626196111778,2240.520144615385,9863217.931538463
Montage_25,NSGA-II,3,10,2941.7327504417053,13016.626196111778,2240.520144615385,9863217.931538463
Montage_25,NSGA-II,3,11,2941.7327504417053,13016.626196111778,1481.9539907692308,9863217.931538463
Montage_25,NSGA-II,3,12,2941.7327504417053,13016.626196111778,1481.9539907692308,9863217.931538463
Montage_25,NSGA-II,3,13,2933.044411093749,13016.626196111778,1481.9539907692308,9863217.931538463
Montage_25,NSGA-II,3,14,2933.044411093749,12902.236237650239,1481.9539907692308,9863217.931538463
Montage_25,NSGA-II,3,15,2933.044411093749,12902.236237650239,1481.9539907692308,9863217.931538463
Montage_25,NSGA-II,4,0,3261.894307599159,13139.74190026142,3128.8913338461534,10797311.701538462
Montage_25,NSGA-II,4,1,3261.894307599159,13139.74190026142,3128.8913338461534,10720995.163076922
Montage_25,NSGA-II,4,2,3261.894307599159,13139.74190026142,3128.8913338461534,10720995.163076922
Montage_25,NSGA-II,4,3,3189.330263891226,13139.74190026142,3063.02299076923,10459694.830769232
Montage_25,NSGA-II,4,4,3189.330263891226,13139.74190026142,3063.02299076923,10248065.023076924
Montage_25,NSGA-II,4,5,3189.330263891226,13127.491269101565,2668.226333846154,10248065.023076924
Montage_25,NSGA-II,4,6,3189.330263891226,13114.853926328127,2668.226333846154,10248065.023076924
Montage_25,NSGA-II,4,7,3150.6924113852156,13114.853926328127,2668.226333846154,10241829.223076923
Montage_25,NSGA-II,4,8,3150.6924113852156,13114.853926328127,2668.226333846154,10241829.223076923
Montage_25,NSGA-II,4,9,3150.6924113852156,13081.439042049282,2517.681843076923,10241829.223076923
Montage_25,NSGA-II,4,10,3150.6924113852156,13081.439042049282,2517.681843076923,10241829.223076923
Montage_25,NSGA-II,4,11,3150.6924113852156,13081.439042049282,2517.681843076923,10241829.223076923
Montage_25,NSGA-II,4,12,3150.6924113852156,13081.439042049282,2507.20492,10200879.223076921
Montage_25,NSGA-II,4,13,3150.6924113852156,13056.451210655048,2507.20492,10200879.223076921
Montage_25,NSGA-II,4,14,3150.6924113852156,13056.451210655048,2222.2326123076928,10072092.684615383
Montage_25,NSGA-II,4,15,3026.236659498197,13056.451210655048,2222.2326123076928,9939550.538461538
Montage_25,NSGA-II,5,0,3156.9776051472354,13187.581941691707,4034.0118723076926,11247917.63923077
Montage_25,NSGA-II,5,1,3075.9716887349764,13187.581941691707,3684.694641538462,11247917.63923077
Montage_25,NSGA-II,5,2,3075.9716887349764,13187.581941691707,3226.1886061538466,10887605.346153844
Montage_25,NSGA-II,5,3,3075.9716887349764,13187.581941691707,2999.9693399999996,10717073.731538463
Montage_25,NSGA-II,5,4,3056.48328078726,13187.581941691707,2999.9693399999996,10717073.731538463
Montage_25,NSGA-II,5,5,3037.670858686899,13187.581941691707,2637.729724615385,10717073.731538463
Montage_25,NSGA-II,5,6,2966.5645607782453,13187.581941691707,2637.729724615385,10682905.538461536
Montage_25,NSGA-II,5,7,2966.5645607782453,12812.179799561301,2637.729724615385,10363407.107692309
Montage_25,NSGA-II,5,8,2966.5645607782453,12812.179799561301,2522.6335707692306,10363407.107692309
Montage_25,NSGA-II,5,9,2966.5645607782453,12812.179799561301,2522.6335707692306,10363407.107692309
Montage_25,NSGA-II,5,10,2966.5645607782453,12812.179799561301,2051.528570769231,10363407.107692309
Montage_25,NSGA-II,5,11,2883.9548536027646,12377.359887448918,2051.528570769231,10363407.107692309
Montage_25,NSGA-II,5,12,2883.9548536027646,12377.359887448918,2050.7428015384617,10363407.107692309
Montage_25,NSGA-II,5,13,2883.9548536027646,12377.359887448918,2050.7428015384617,10363407.107692309
Montage_25,NSGA-II,5,14,2883.9548536027646,12377.359887448918,2050.7428015384617,10363407.107692309
Montage_25,NSGA-II,5,15,2883.9548536027646,12377.359887448918,2050.7428015384617,10218559.03076923
Montage_25,MOEA/D,1,0,3257.4549779687495,13512.53452659255,3705.6670676923077,11186596.80846154
Montage_25,MOEA/D,1,1,3389.9136334284854,14356.118124633413,2802.472523076924,10588112.385384616
Montage_25,MOEA/D,1,2,3725.596182524038,14228.034978233176,3304.554830769231,10206424.446153848
Montage_25,MOEA/D,1,3,3804.0658480709126,15174.784469939905,3402.811529230769,10131808.923846154
Montage_25,MOEA/D,1,4,3804.0658480709126,15174.784469939905,3402.811529230769,9970478.731538462
Montage_25,MOEA/D,1,5,3804.0658480709126,15174.784469939905,3402.811529230769,9711889.854615387
Montage_25,MOEA/D,1,6,3804.0658480709126,15174.784469939905,3402.811529230769,9577408.923846155
Montage_25,MOEA/D,1,7,3804.0658480709126,15174.784469939905,3402.811529230769,9577408.923846155
Montage_25,MOEA/D,1,8,3804.0658480709126,15174.784469939905,3402.811529230769,9393620.600000003
Montage_25,MOEA/D,1,9,3804.0658480709126,15174.784469939905,3402.811529230769,9376780.376923079
Montage_25,MOEA/D,1,10,3804.0658480709126,15174.784469939905,3402.811529230769,9376780.376923079
Montage_25,MOEA/D,1,11,4502.209533789062,15307.145708707932,3402.811529230769,9376780.376923079
Montage_25,MOEA/D,1,12,3996.7197226141834,15307.145708707932,3402.811529230769,9376780.376923079
Montage_25,MOEA/D,1,13,3976.0118376682694,15307.145708707932,3402.811529230769,9376780.376923079
Montage_25,MOEA/D,1,14,3996.7197226141834,15307.145708707932,3402.811529230769,9348188.069230773
Montage_25,MOEA/D,1,15,3996.7197226141834,15307.145708707932,3402.811529230769,9331347.846153848
Montage_25,MOEA/D,2,0,3166.815021165865,13420.371494912863,3335.3692215384617,10278467.223846156
Montage_25,MOEA/D,2,1,3296.375045072116,14054.698041114785,3335.3692215384617,10278467.223846156
Montage_25,MOEA/D,2,2,3585.80874032452,14246.519536652642,3767.0361030769222,10278467.223846156
Montage_25,MOEA/D,2,3,3698.927869077525,14497.877669972957,4033.928221538461,10232166.5
Montage_25,MOEA/D,2,4,3698.927869077525,14725.645414921877,3697.575144615385,9843092.876923077
Montage_25,MOEA/D,2,5,3813.856189909856,14725.645414921877,3603.0388015384615,9713579.576923076
Montage_25,MOEA/D,2,6,3813.856189909856,14725.645414921877,3565.845724615385,9702442.076923076
Montage_25,MOEA/D,2,7,3813.856189909856,14725.645414921877,3565.845724615385,9570626.692307692
Montage_25,MOEA/D,2,8,3813.856189909856,14725.645414921877,2969.184955384615,9570626.692307692
Montage_25,MOEA/D,2,9,3813.856189909856,14725.645414921877,2969.184955384615,9443294.0
Montage_25,MOEA/D,2,10,3815.5861799098557,14721.030040306494,2969.184955384615,9443294.0
Montage_25,MOEA/D,2,11,3815.5861799098557,14721.030040306494,2969.184955384615,9443294.0
Montage_25,MOEA/D,2,12,3815.5861799098557,14721.030040306494,2969.184955384615,9426090.153846154
Montage_25,MOEA/D,2,13,3815.5861799098557,14721.030040306494,2969.184955384615,9396528.615384616
Montage_25,MOEA/D,2,14,3815.5861799098557,14721.030040306494,2969.184955384615,9370236.00846154
Montage_25,MOEA/D,2,15,3815.5861799098557,14721.030040306494,2969.184955384615,9258534.384615386
Montage_25,MOEA/D,3,0,3425.058450036058,13701.115938915267,3419.9609138461537,11227084.693076923
Montage_25,MOEA/D,3,1,3659.04517944411,14316.25807429988,2656.5528723076927,10818921.499999998
Montage_25,MOEA/D,3,2,3664.8293914543274,14531.175016706731,2656.5528723076927,10296626.946153848
Montage_25,MOEA/D,3,3,4084.068913629809,15362.152536057696,3370.501984615385,10065237.10769231
Montage_25,MOEA/D,3,4,3427.220401859976,14567.142786370194,3370.501984615385,9973604.992307693
Montage_25,MOEA/D,3,5,3427.220401859976,14567.142786370194,3554.3142923076925,9683804.992307695
Montage_25,MOEA/D,3,6,3427.220401859976,14567.142786370194,3554.3142923076925,9613636.146153849
Montage_25,MOEA/D,3,7,3427.220401859976,14567.142786370194,3554.3142923076925,9613636.146153849
Montage_25,MOEA/D,3,8,3427.220401859976,14567.142786370194,3554.3142923076925,9613636.146153849
Montage_25,MOEA/D,3,9,3427.220401859976,14567.142786370194,3554.3142923076925,9613636.146153849
Montage_25,MOEA/D,3,10,3427.220401859976,14567.142786370194,3089.1969492307694,9482305.376923079
Montage_25,MOEA/D,3,11,3427.220401859976,14567.142786370194,3089.1969492307694,9346249.60769231
Montage_25,MOEA/D,3,12,3427.220401859976,14567.142786370194,3089.1969492307694,9346249.60769231
Montage_25,MOEA/D,3,13,3427.220401859976,14567.142786370194,3089.1969492307694,9346249.60769231
Montage_25,MOEA/D,3,14,3678.234130552885,15157.482573719954,3089.1969492307694,9214434.223076925
Montage_25,MOEA/D,3,15,3678.234130552885,15157.482573719954,3089.1969492307694,9214434.223076925
Montage_25,MOEA/D,4,0,3261.894307599159,13139.74190026142,3128.8913338461534,10797311.701538462
Montage_25,MOEA/D,4,1,3261.894307599159,14213.816286105768,2804.3897600000005,10790820.246153848
Montage_25,MOEA/D,4,2,3500.0346275781253,14410.707583314303,2804.3897600000005,10530697.746153848
Montage_25,MOEA/D,4,3,3640.3049785306494,14727.004191078726,3286.6339907692304,10147367.138461541
Montage_25,MOEA/D,4,4,3640.3049785306494,14727.004191078726,3286.6339907692304,10018281.015384616
Montage_25,MOEA/D,4,5,3640.3049785306494,14727.004191078726,3715.213641538461,9921004.861538462
Montage_25,MOEA/D,4,6,3547.0638791706733,14396.491473079928,3690.5247953846147,9780959.830769233
Montage_25,MOEA/D,4,7,3547.0638791706733,14396.491473079928,3690.5247953846147,9780959.830769233
Montage_25,MOEA/D,4,8,3547.0638791706733,14396.491473079928,3690.5247953846147,9765675.40769231
Montage_25,MOEA/D,4,9,3547.0638791706733,14396.491473079928,3690.5247953846147,9587587.907692311
Montage_25,MOEA/D,4,10,3547.0638791706733,14396.491473079928,3690.5247953846147,9587587.907692311
Montage_25,MOEA/D,4,11,3547.0638791706733,14396.491473079928,3690.5247953846147,9460497.523076925
Montage_25,MOEA/D,4,12,3547.0638791706733,14396.491473079928,3690.5247953846147,9451774.44615385
Montage_25,MOEA/D,4,13,3547.0638791706733,14396.491473079928,3690.5247953846147,9451774.44615385
Montage_25,MOEA/D,4,14,3547.0638791706733,14396.491473079928,3362.7538015384616,9451774.44615385
Montage_25,MOEA/D,4,15,3547.0638791706733,14396.491473079928,3343.89534,9451774.44615385
Montage_25,MOEA/D,5,0,3156.9776051472354,13187.581941691707,4034.0118723076926,11247917.63923077
Montage_25,MOEA/D,5,1,3465.5066039603357,14132.877628554686,3878.5937661538464,10563324.30846154
Montage_25,MOEA/D,5,2,3466.181449735577,14525.757877187498,3513.8509846153847,10563324.30846154
Montage_25,MOEA/D,5,3,3899.3430692097354,14985.140738118986,3513.8509846153847,9792225.07769231
Montage_25,MOEA/D,5,4,3907.5810885216347,15006.837197439905,3375.4148307692312,9663923.154615387
Montage_25,MOEA/D,5,5,3978.032609675481,15006.837197439905,3375.4148307692312,9552221.530769233
Montage_25,MOEA/D,5,6,4058.8419082091345,15006.837197439905,3375.4148307692312,9535381.307692308
Montage_25,MOEA/D,5,7,3508.7530961328125,15006.837197439905,3334.3704461538464,9408290.923076924
Montage_25,MOEA/D,5,8,4058.8419082091345,15006.837197439905,3334.3704461538464,9408290.923076924
Montage_25,MOEA/D,5,9,3381.308593771033,14422.185343816103,3334.3704461538464,9241340.923076924
Montage_25,MOEA/D,5,10,3381.308593771033,14422.185343816103,3334.3704461538464,9214797.846153846
Montage_25,MOEA/D,5,11,3381.308593771033,14422.185343816103,3334.3704461538464,9214797.846153846
Montage_25,MOEA/D,5,12,3381.308593771033,14422.185343816103,3334.3704461538464,9214797.846153846
Montage_25,MOEA/D,5,13,3381.308593771033,14422.185343816103,3334.3704461538464,9214797.846153846
Montage_25,MOEA/D,5,14,3381.308593771033,14422.185343816103,2732.3304461538464,9214797.846153846
Montage_25,MOEA/D,5,15,3425.792234621394,14666.980442818509,2732.3304461538464,9214797.846153846
Montage_25,QL-NSGA-III,1,0,3257.4549779687495,13512.53452659255,3705.6670676923077,11186596.80846154
Montage_25,QL-NSGA-III,1,1,3186.6665361478354,13376.356984849761,3705.6670676923077,11186596.80846154
Montage_25,QL-NSGA-III,1,2,3186.6665361478354,13376.356984849761,3569.081907692308,11008108.261538459
Montage_25,QL-NSGA-III,1,3,3166.4205166165857,13175.661712079327,3057.6670676923077,10404576.915384615
Montage_25,QL-NSGA-III,1,4,2793.5580050781246,13175.661712079327,3057.6670676923077,10404576.915384615
Montage_25,QL-NSGA-III,1,5,2793.5580050781246,13175.661712079327,2842.728032307693,10404576.915384615
Montage_25,QL-NSGA-III,1,6,2793.5580050781246,13175.661712079327,2648.5455292307693,10404576.915384615
Montage_25,QL-NSGA-III,1,7,2793.5580050781246,13175.661712079327,2648.5455292307693,10404576.915384615
Montage_25,QL-NSGA-III,1,8,2793.5580050781246,13175.661712079327,2648.5455292307693,10318508.900000002
Montage_25,QL-NSGA-III,1,9,2793.5580050781246,13137.466549594352,2648.5455292307693,10290758.985384617
Montage_25,QL-NSGA-III,1,10,2793.5580050781246,13137.466549594352,2648.5455292307693,10290758.985384617
Montage_25,QL-NSGA-III,1,11,2793.5580050781246,13137.466549594352,2648.5455292307693,10205480.523846157
Montage_25,QL-NSGA-III,1,12,2793.5580050781246,13028.740580012018,2557.755724615385,9968545.132307693
Montage_25,QL-NSGA-III,1,13,2793.5580050781246,13028.740580012018,2557.755724615385,9968545.132307693
Montage_25,QL-NSGA-III,1,14,2793.5580050781246,13028.740580012018,2557.755724615385,9968545.132307693
Montage_25,QL-NSGA-III,1,15,2793.5580050781246,13028.740580012018,2557.755724615385,9957586.231538463
Montage_25,QL-NSGA-III,2,0,3166.815021165865,13420.371494912863,3335.3692215384617,10278467.223846156
Montage_25,QL-NSGA-III,2,1,3166.815021165865,13420.371494912863,3335.3692215384617,10278467.223846156
Montage_25,QL-NSGA-III,2,2,3100.90032185697,13257.3288647506,3334.0596061538463,10278467.223846156
Montage_25,QL-NSGA-III,2,3,2926.3545646394227,12965.14470270132,2550.5620676923077,10278467.223846156
Montage_25,QL-NSGA-III,2,4,2926.3545646394227,12965.14470270132,2290.7611446153846,10177480.300769232
Montage_25,QL-NSGA-III,2,5,2926.3545646394227,12965.14470270132,2211.3988015384616,10177480.300769232
Montage_25,QL-NSGA-III,2,6,2926.3545646394227,12965.14470270132,2211.3988015384616,10177480.300769232
Montage_25,QL-NSGA-III,2,7,2926.3545646394227,12965.14470270132,1832.9895292307694,10177480.300769232
Montage_25,QL-NSGA-III,2,8,2837.2081011778837,12847.667980778244,1832.9895292307694,10177480.300769232
Montage_25,QL-NSGA-III,2,9,2837.2081011778837,12847.667980778244,1832.9895292307694,10177480.300769232
Montage_25,QL-NSGA-III,2,10,2841.9930673527633,12965.14470270132,1832.9895292307694,10177480.300769232
Montage_25,QL-NSGA-III,2,11,2841.9930673527633,12965.14470270132,1832.9895292307694,10182205.462307693
Montage_25,QL-NSGA-III,2,12,2841.9930673527633,12965.14470270132,1672.1938015384615,10182205.462307693
Montage_25,QL-NSGA-III,2,13,2841.9930673527633,12965.14470270132,1672.1938015384615,10182205.462307693
Montage_25,QL-NSGA-III,2,14,2841.9930673527633,12965.14470270132,1672.1938015384615,10196664.8
Montage_25,QL-NSGA-III,2,15,2841.9930673527633,12965.14470270132,1672.1938015384615,9674829.223076925
Montage_25,QL-NSGA-III,3,0,3425.058450036058,13701.115938915267,3419.9609138461537,11227084.693076923
Montage_25,QL-NSGA-III,3,1,3086.055777307693,12940.562806015629,3100.562452307693,10704550.215384616
Montage_25,QL-NSGA-III,3,2,3086.055777307693,12940.562806015629,3100.562452307693,10704550.215384616
Montage_25,QL-NSGA-III,3,3,3086.055777307693,12940.562806015629,3100.562452307693,10704550.215384616
Montage_25,QL-NSGA-III,3,4,3086.055777307693,12940.562806015629,2653.5630323076925,10628683.676923076
Montage_25,QL-NSGA-III,3,5,3086.055777307693,12940.562806015629,2462.8800261538463,10191600.07769231
Montage_25,QL-NSGA-III,3,6,3057.8778223888226,12912.366041096759,2462.8800261538463,10191600.07769231
Montage_25,QL-NSGA-III,3,7,3057.8778223888226,12912.366041096759,2462.8800261538463,10191600.07769231
Montage_25,QL-NSGA-III,3,8,3057.8778223888226,12912.366041096759,2462.8800261538463,10191600.07769231
Montage_25,QL-NSGA-III,3,9,3039.4153150991588,12912.366041096759,2290.4388723076927,10080441.753846155
Montage_25,QL-NSGA-III,3,10,3039.4145045522837,12912.366041096759,2259.1188723076925,10026892.076923076
Montage_25,QL-NSGA-III,3,11,3039.4145045522837,12912.366041096759,2259.1188723076925,10026892.076923076
Montage_25,QL-NSGA-III,3,12,3039.4145045522837,12912.366041096759,2259.1188723076925,10026892.076923076
Montage_25,QL-NSGA-III,3,13,3039.4145045522837,12912.366041096759,2259.1188723076925,10026892.076923076
Montage_25,QL-NSGA-III,3,14,3039.4145045522837,12912.366041096759,1322.4866830769233,10026892.076923076
Montage_25,QL-NSGA-III,3,15,3039.4145045522837,12912.366041096759,1322.4866830769233,10026892.076923076
Montage_25,QL-NSGA-III,4,0,3261.894307599159,13139.74190026142,3128.8913338461534,10797311.701538462
Montage_25,QL-NSGA-III,4,1,3255.9221083683888,13139.74190026142,2713.5064876923075,10797311.701538462
Montage_25,QL-NSGA-III,4,2,3091.2396666856966,12900.238141358175,2713.5064876923075,10667741.946153848
Montage_25,QL-NSGA-III,4,3,3091.2396666856966,12900.238141358175,2713.5064876923075,10667741.946153848
Montage_25,QL-NSGA-III,4,4,3037.041045204327,12900.238141358175,2713.5064876923075,10545914.83076923
Montage_25,QL-NSGA-III,4,5,3003.1861594621396,12900.238141358175,2584.9417184615386,10542774.885384614
Montage_25,QL-NSGA-III,4,6,3003.1861594621396,12900.238141358175,2584.9417184615386,10542774.885384614
Montage_25,QL-NSGA-III,4,7,3003.1861594621396,12900.238141358175,2518.8757184615383,10415553.292307692
Montage_25,QL-NSGA-III,4,8,2784.0534342548067,12786.699695183297,2518.8757184615383,10386839.83076923
Montage_25,QL-NSGA-III,4,9,2784.0534342548067,12642.829948034858,2518.8757184615383,10386839.83076923
Montage_25,QL-NSGA-III,4,10,2784.0534342548067,12642.829948034858,2394.85976,10386839.83076923
Montage_25,QL-NSGA-III,4,11,2784.0534342548067,12642.829948034858,2394.85976,10352993.23076923
Montage_25,QL-NSGA-III,4,12,2784.0534342548067,12740.901918128007,2072.319144615385,10352993.23076923
Montage_25,QL-NSGA-III,4,13,2784.0534342548067,12863.657850009015,2072.319144615385,10352993.23076923
Montage_25,QL-NSGA-III,4,14,2784.0534342548067,12863.657850009015,2072.319144615385,10352993.23076923
Montage_25,QL-NSGA-III,4,15,2784.0534342548067,12863.657850009015,2072.319144615385,9999884.992307693
Montage_25,QL-NSGA-III,5,0,3156.9776051472354,13187.581941691707,4034.0118723076926,11247917.63923077
Montage_25,QL-NSGA-III,5,1,3073.6476152704327,13104.249817947717,3693.0819492307687,11247917.63923077
Montage_25,QL-NSGA-III,5,2,3071.78432211238,13104.249817947717,3689.2053753846153,10883617.330769232
Montage_25,QL-NSGA-III,5,3,3020.307533320312,12815.115477457935,3129.881109230769,10883617.330769232
Montage_25,QL-NSGA-III,5,4,3020.307533320312,12416.535156120794,2952.028990769231,10427202.446923077
Montage_25,QL-NSGA-III,5,5,3020.307533320312,12416.535156120794,2952.028990769231,10047008.484615387
Montage_25,QL-NSGA-III,5,6,3020.307533320312,12416.535156120794,2952.028990769231,10047008.484615387
Montage_25,QL-NSGA-III,5,7,2924.1394337800475,12416.535156120794,2952.028990769231,9846493.838461537
Montage_25,QL-NSGA-III,5,8,2924.1394337800475,12416.535156120794,2679.716564615385,9797668.838461539
Montage_25,QL-NSGA-III,5,9,2924.1394337800475,12416.535156120794,2679.716564615385,9797668.838461539
Montage_25,QL-NSGA-III,5,10,2924.1394337800475,12416.535156120794,2679.716564615385,9797668.838461539
Montage_25,QL-NSGA-III,5,11,2924.1394337800475,12815.115477457935,2679.716564615385,9783121.884615386
Montage_25,QL-NSGA-III,5,12,2924.1394337800475,12815.115477457935,2679.716564615385,9783121.884615386
Montage_25,QL-NSGA-III,5,13,2924.1394337800475,12815.115477457935,2600.354221538462,9783121.884615386
Montage_25,QL-NSGA-III,5,14,2924.1394337800475,12815.115477457935,2600.354221538462,9797668.838461539
Montage_25,QL-NSGA-III,5,15,2924.1394337800475,12989.186864771635,2572.050724615385,9635807.3
Montage_25,OVEA-style,1,0,3257.4549779687495,13512.53452659255,3705.6670676923077,11186596.80846154
Montage_25,OVEA-style,1,1,3257.4549779687495,13512.53452659255,3905.143186153846,11186596.80846154
Montage_25,OVEA-style,1,2,3217.3158419350952,13379.68610479267,3721.3357246153846,11186596.80846154
Montage_25,OVEA-style,1,3,3187.0497973197116,13379.68610479267,3672.5566476923077,11169868.762307692
Montage_25,OVEA-style,1,4,3187.0497973197116,13379.68610479267,3663.615144615385,11169868.762307692
Montage_25,OVEA-style,1,5,3187.0497973197116,13379.68610479267,3282.4564876923077,10995586.307692306
Montage_25,OVEA-style,1,6,3186.895215898437,13512.53452659255,3624.756263076923,10995586.307692306
Montage_25,OVEA-style,1,7,3141.915215898437,13505.278736745795,3624.756263076923,10760990.438461538
Montage_25,OVEA-style,1,8,3141.915215898437,13559.843385342547,3624.756263076923,10760990.438461538
Montage_25,OVEA-style,1,9,3135.164215898437,13559.843385342547,3531.685298461538,10760990.438461538
Montage_25,OVEA-style,1,10,2960.1880489783653,13197.991138422474,3531.685298461538,10760990.438461538
Montage_25,OVEA-style,1,11,3135.164215898437,13935.551590420673,3553.7722276923078,10431209.669230768
Montage_25,OVEA-style,1,12,3119.109475210336,13919.848513578725,3553.7722276923078,10431209.669230768
Montage_25,OVEA-style,1,13,3054.637467656249,13937.500936853969,3527.7595707692303,10431209.669230768
Montage_25,OVEA-style,1,14,3054.637467656249,13937.500936853969,3443.2418430769235,10335674.669230768
Montage_25,OVEA-style,1,15,3054.637467656249,13937.500936853969,3443.2418430769235,10335674.669230768
Montage_25,OVEA-style,2,0,3166.815021165865,13420.371494912863,3335.3692215384617,10278467.223846156
Montage_25,OVEA-style,2,1,3166.815021165865,13420.371494912863,3726.048375384615,10278467.223846156
Montage_25,OVEA-style,2,2,3094.1234817578124,13205.956683146036,4022.132683076922,10278467.223846156
Montage_25,OVEA-style,2,3,3091.8490734405045,13205.956683146036,4022.132683076922,10278467.223846156
Montage_25,OVEA-style,2,4,3091.8490734405045,13195.79176089844,3816.351718461538,10278467.223846156
Montage_25,OVEA-style,2,5,3032.53074320012,12962.015424438105,3241.863836923076,10278467.223846156
Montage_25,OVEA-style,2,6,2794.413335078124,12739.660041484374,3241.863836923076,10278467.223846156
Montage_25,OVEA-style,2,7,2794.413335078124,12739.660041484374,3148.4865292307686,10278467.223846156
Montage_25,OVEA-style,2,8,2794.413335078124,12739.660041484374,3241.863836923076,10181357.223846156
Montage_25,OVEA-style,2,9,2809.9853709284844,12868.840641180888,3241.863836923076,10181357.223846156
Montage_25,OVEA-style,2,10,2831.9630804296876,12817.069935252403,3753.9274876923073,10181357.223846156
Montage_25,OVEA-style,2,11,2846.616056679687,13111.404843810098,2923.393872307692,10181357.223846156
Montage_25,OVEA-style,2,12,2846.616056679687,13111.404843810098,2923.393872307692,10181357.223846156
Montage_25,OVEA-style,2,13,2846.616056679687,13111.404843810098,2923.393872307692,9993202.330769232
Montage_25,OVEA-style,2,14,3036.2277833173075,13988.546391150841,2923.393872307692,9993202.330769232
Montage_25,OVEA-style,2,15,3039.3088848497596,13920.503447298677,2923.393872307692,9993202.330769232
Montage_25,OVEA-style,3,0,3425.058450036058,13701.115938915267,3419.9609138461537,11227084.693076923
Montage_25,OVEA-style,3,1,3420.5007274699506,13701.115938915267,3419.9609138461537,10793715.654615384
Montage_25,OVEA-style,3,2,3206.7710868299278,13705.517764101563,3419.9609138461537,10793715.654615384
Montage_25,OVEA-style,3,3,3025.8129652764424,13223.740269122598,3419.9609138461537,10793715.654615384
Montage_25,OVEA-style,3,4,3025.8129652764424,13223.740269122598,3161.9361030769232,10793715.654615384
Montage_25,OVEA-style,3,5,3025.8129652764424,13223.740269122598,3161.9361030769232,10793715.654615384
Montage_25,OVEA-style,3,6,3025.8129652764424,13223.740269122598,3161.9361030769232,10793715.654615384
Montage_25,OVEA-style,3,7,3025.8129652764424,13223.740269122598,3161.9361030769232,10793715.654615384
Montage_25,OVEA-style,3,8,3025.8129652764424,13223.740269122598,3161.9361030769232,10793715.654615384
Montage_25,OVEA-style,3,9,3025.8129652764424,13223.740269122598,3161.9361030769232,10793715.654615384
Montage_25,OVEA-style,3,10,2994.991030919471,13223.740269122598,3161.9361030769232,10778829.308461538
Montage_25,OVEA-style,3,11,2994.991030919471,13242.375674627405,3115.7331030769233,10718690.431538463
Montage_25,OVEA-style,3,12,2994.991030919471,13242.375674627405,2647.4412984615383,10718690.431538463
Montage_25,OVEA-style,3,13,2994.991030919471,13242.375674627405,2903.6351799999998,10718690.431538463
Montage_25,OVEA-style,3,14,3168.9247729026442,14023.437542220554,2703.8824876923077,10718690.431538463
Montage_25,OVEA-style,3,15,3227.600046980168,14360.227410105166,2903.6351799999998,10650164.085384615
Montage_25,OVEA-style,4,0,3261.894307599159,13139.74190026142,3128.8913338461534,10797311.701538462
Montage_25,OVEA-style,4,1,3241.006816550481,13139.74190026142,3109.3163338461536,10738488.539230768
Montage_25,OVEA-style,4,2,3190.4267138581727,13139.74190026142,3109.3163338461536,10738488.539230768
Montage_25,OVEA-style,4,3,3087.817639750601,13139.74190026142,3109.3163338461536,10738488.539230768
Montage_25,OVEA-style,4,4,3082.7977056911054,13389.267451715747,3109.3163338461536,10670152.90769231
Montage_25,OVEA-style,4,5,3082.7977056911054,13538.82923710036,3678.8312630769233,10419239.009230768
Montage_25,OVEA-style,4,6,3082.7977056911054,13630.661875766229,3678.8312630769233,10419239.009230768
Montage_25,OVEA-style,4,7,3173.945004906851,14062.526478987384,3696.8470676923075,10419239.009230768
Montage_25,OVEA-style,4,8,3168.3452207812493,14174.190666183895,3696.8470676923075,10419239.009230768
Montage_25,OVEA-style,4,9,3168.3452207812493,14220.443222722355,3692.5515292307696,10377925.547692308
Montage_25,OVEA-style,4,10,3168.3452207812493,14220.443222722355,3600.681487692307,10377925.547692308
Montage_25,OVEA-style,4,11,3168.3452207812493,14289.035545769233,3600.681487692307,10377925.547692308
Montage_25,OVEA-style,4,12,3170.1931943599757,14459.685809963943,3548.2394107692303,10377925.547692308
Montage_25,OVEA-style,4,13,3170.1931943599757,14626.288424116585,3413.8653753846156,10377925.547692308
Montage_25,OVEA-style,4,14,3222.300612749399,14664.048786775838,3324.693836923077,10377925.547692308
Montage_25,OVEA-style,4,15,3230.0385195222357,14811.690506847961,3277.2861092307694,10377925.547692308
Montage_25,OVEA-style,5,0,3156.9776051472354,13187.581941691707,4034.0118723076926,11247917.63923077
Montage_25,OVEA-style,5,1,3156.9776051472354,13187.581941691707,3532.2024523076916,11247917.63923077
Montage_25,OVEA-style,5,2,3078.6010822235576,13187.581941691707,3149.940369230769,11192887.663076924
Montage_25,OVEA-style,5,3,3033.596810540866,12991.354644287861,3149.940369230769,11044043.73153846
Montage_25,OVEA-style,5,4,2985.081617250601,12991.354644287861,3149.940369230769,11044043.73153846
Montage_25,OVEA-style,5,5,2882.977059230769,12991.354644287861,3279.4411446153845,11044043.73153846
Montage_25,OVEA-style,5,6,2882.977059230769,12757.59232789964,3390.9199846153842,11044043.73153846
Montage_25,OVEA-style,5,7,2882.977059230769,12757.59232789964,3390.9199846153842,10956501.093846155
Montage_25,OVEA-style,5,8,2882.977059230769,12606.075413746996,3390.9199846153842,10956501.093846155
Montage_25,OVEA-style,5,9,2832.2313861478365,12553.08542259315,3050.3161446153845,10956501.093846155
Montage_25,OVEA-style,5,10,2946.4073761177888,13118.389851454329,3183.6936,10831851.093846155
Montage_25,OVEA-style,5,11,2977.516563777043,13599.54227711238,3183.6936,10706941.478461541
Montage_25,OVEA-style,5,12,3196.387061442308,13757.631733191109,2967.2657538461544,10706941.478461541
Montage_25,OVEA-style,5,13,3182.9756110606977,14179.261676271035,2621.8330615384616,10706941.478461541
Montage_25,OVEA-style,5,14,3182.9756110606977,14349.949195375604,3026.1007184615382,10706941.478461541
Montage_25,OVEA-style,5,15,3196.387080973558,14398.196883834134,2892.958641538462,10706941.478461541
Montage_25,QMOEA/D-AWA-style,1,0,3257.4549779687495,13512.53452659255,3705.6670676923077,11186596.80846154
Montage_25,QMOEA/D-AWA-style,1,1,3204.6945299068507,13981.407310558892,3705.6670676923077,11186596.80846154
Montage_25,QMOEA/D-AWA-style,1,2,3432.9739907361773,14728.155774489183,3212.3741861538456,10348612.33076923
Montage_25,QMOEA/D-AWA-style,1,3,3273.63360124399,14174.561838641826,2718.786493846154,9924284.83076923
Montage_25,QMOEA/D-AWA-style,1,4,3275.420892548076,14495.343336027643,2718.786493846154,9861032.299999999
Montage_25,QMOEA/D-AWA-style,1,5,3275.420892548076,14495.343336027643,3460.493452307693,9861032.299999999
Montage_25,QMOEA/D-AWA-style,1,6,3533.3387036237987,14767.645873224159,3737.869990769231,9761696.530769229
Montage_25,QMOEA/D-AWA-style,1,7,3531.322622854568,14837.927911463343,4016.03194923077,9761696.530769229
Montage_25,QMOEA/D-AWA-style,1,8,3478.8805459314913,14837.927911463343,4037.306564615385,9758910.153846152
Montage_25,QMOEA/D-AWA-style,1,9,3478.8805459314913,14837.927911463343,4445.1727184615365,9633031.307692308
Montage_25,QMOEA/D-AWA-style,1,10,3478.8805459314913,14837.927911463343,4445.1727184615365,9610009.693076923
Montage_25,QMOEA/D-AWA-style,1,11,3462.657042965746,15094.993348061897,4867.65464153846,9498308.069230769
Montage_25,QMOEA/D-AWA-style,1,12,3438.3805459314913,15094.993348061897,4885.0927184615375,9369642.846153846
Montage_25,QMOEA/D-AWA-style,1,13,3438.3805459314913,15358.758850976566,5071.430795384614,9369642.846153846
Montage_25,QMOEA/D-AWA-style,1,14,3438.3805459314913,15358.758850976566,5071.430795384614,9343099.76923077
Montage_25,QMOEA/D-AWA-style,1,15,3562.1849382391833,15826.823380369595,5071.430795384614,9343099.76923077
Montage_25,QMOEA/D-AWA-style,2,0,3166.815021165865,13420.371494912863,3335.3692215384617,10278467.223846156
Montage_25,QMOEA/D-AWA-style,2,1,3701.1342509645424,14450.235810036062,3335.3692215384617,10278467.223846156
Montage_25,QMOEA/D-AWA-style,2,2,3747.783940252403,14407.865327169478,4025.5849907692314,10154769.146923078
Montage_25,QMOEA/D-AWA-style,2,3,3840.8681781370183,14857.16076789363,3212.0412984615386,9917428.923846155
Montage_25,QMOEA/D-AWA-style,2,4,3810.8468603846154,15010.89312336238,3212.0412984615386,9917428.923846155
Montage_25,QMOEA/D-AWA-style,2,5,3855.0835960456734,15010.89312336238,3062.6101446153843,9846317.3
Montage_25,QMOEA/D-AWA-style,2,6,3475.0987036568504,14980.571996466344,4540.117872307692,9751519.607692307
Montage_25,QMOEA/D-AWA-style,2,7,3475.0987036568504,14980.571996466344,4680.54880153846,9746067.684615383
Montage_25,QMOEA/D-AWA-style,2,8,3475.0987036568504,14980.571996466344,4863.615026153845,9595101.338461539
Montage_25,QMOEA/D-AWA-style,2,9,3475.0991138131003,14968.1673103125,4851.870026153844,9468485.184615387
Montage_25,QMOEA/D-AWA-style,2,10,3450.5226205799277,14943.590387235578,5099.061718461538,9468485.184615387
Montage_25,QMOEA/D-AWA-style,2,11,4728.905801313102,16783.811793972356,5204.680410769229,9451644.961538462
Montage_25,QMOEA/D-AWA-style,2,12,4698.732407773438,16783.811793972356,5204.680410769229,9435055.538461538
Montage_25,QMOEA/D-AWA-style,2,13,4698.732407773438,16783.811793972356,5508.58006153846,9412390.953846157
Montage_25,QMOEA/D-AWA-style,2,14,4714.939945766226,16783.811793972356,5508.58006153846,9338118.123846157
Montage_25,QMOEA/D-AWA-style,2,15,3967.328975546875,16228.099627854564,5508.58006153846,9286875.730769232
Montage_25,QMOEA/D-AWA-style,3,0,3425.058450036058,13701.115938915267,3419.9609138461537,11227084.693076923
Montage_25,QMOEA/D-AWA-style,3,1,3659.04517944411,14514.406895588942,3541.7433753846144,10932205.376923077
Montage_25,QMOEA/D-AWA-style,3,2,4017.117010664063,15006.201223686896,3178.455375384615,10518581.115384614
Montage_25,QMOEA/D-AWA-style,3,3,3874.708298461539,14972.894089678488,3471.4462153846157,10244120.92307692
Montage_25,QMOEA/D-AWA-style,3,4,4044.867010664063,15210.064685285459,3719.9077184615385,9968123.807692308
Montage_25,QMOEA/D-AWA-style,3,5,3426.521956231971,15109.445114717546,3771.4823338461542,9939773.807692308
Montage_25,QMOEA/D-AWA-style,3,6,3439.271956231971,15187.462119083535,4008.0231030769232,9836308.423076922
Montage_25,QMOEA/D-AWA-style,3,7,3439.271956231971,15187.462119083535,4130.078907692307,9810381.5
Montage_25,QMOEA/D-AWA-style,3,8,3439.271956231971,15187.462119083535,4130.078907692307,9799244.0
Montage_25,QMOEA/D-AWA-style,3,9,3439.271956231971,15187.462119083535,4157.56583076923,9799244.0
Montage_25,QMOEA/D-AWA-style,3,10,3439.271956231971,15187.462119083535,4157.56583076923,9799244.0
Montage_25,QMOEA/D-AWA-style,3,11,3659.189307136418,15172.839035621997,4505.137753846153,9799244.0
Montage_25,QMOEA/D-AWA-style,3,12,3659.189307136418,15172.839035621997,4746.052753846153,9799244.0
Montage_25,QMOEA/D-AWA-style,3,13,3659.189307136418,15172.839035621997,4770.110215384614,9799244.0
Montage_25,QMOEA/D-AWA-style,3,14,3592.386373813101,14901.92260260517,4871.212523076922,9799244.0
Montage_25,QMOEA/D-AWA-style,3,15,3592.386373813101,14901.92260260517,4871.212523076922,9799244.0
Montage_25,QMOEA/D-AWA-style,4,0,3261.894307599159,13139.74190026142,3128.8913338461534,10797311.701538462
Montage_25,QMOEA/D-AWA-style,4,1,3396.944678257211,14081.123746129808,3315.0599199999992,10797311.701538462
Montage_25,QMOEA/D-AWA-style,4,2,3321.1115261087734,14348.100542019232,3257.3560738461547,10448992.076923076
Montage_25,QMOEA/D-AWA-style,4,3,3258.147197704326,14479.940865414663,3062.747227692308,10198065.901538463
Montage_25,QMOEA/D-AWA-style,4,4,3319.985425,14479.940865414663,3153.8929969230767,10095214.030769233
Montage_25,QMOEA/D-AWA-style,4,5,3535.901887139423,14479.940865414663,3293.7197599999995,9674446.723076925
Montage_25,QMOEA/D-AWA-style,4,6,3535.901887139423,14912.858317412863,3293.7197599999995,9674446.723076925
Montage_25,QMOEA/D-AWA-style,4,7,3535.901887139423,14912.858317412863,3293.7197599999995,9544327.492307695
Montage_25,QMOEA/D-AWA-style,4,8,3695.3069932932694,15084.261763722961,3293.7197599999995,9542025.56923077
Montage_25,QMOEA/D-AWA-style,4,9,3695.3069932932694,15084.261763722961,3293.7197599999995,9505071.585384617
Montage_25,QMOEA/D-AWA-style,4,10,3695.3069932932694,15084.261763722961,3293.7197599999995,9379800.56923077
Montage_25,QMOEA/D-AWA-style,4,11,4327.587829582332,16522.985530625007,5171.485759999999,9249811.307692308
Montage_25,QMOEA/D-AWA-style,4,12,4854.0859645042065,19658.171768506607,5319.66464153846,9249811.307692308
Montage_25,QMOEA/D-AWA-style,4,13,4838.321992058294,19695.6638460607,5598.350795384615,9249811.307692308
Montage_25,QMOEA/D-AWA-style,4,14,4697.742781427282,19263.672082250603,5956.661564615383,9249811.307692308
Montage_25,QMOEA/D-AWA-style,4,15,5131.865458323318,19263.672082250603,5979.767907692308,9239755.376923079
Montage_25,QMOEA/D-AWA-style,5,0,3156.9776051472354,13187.581941691707,4034.0118723076926,11247917.63923077
Montage_25,QMOEA/D-AWA-style,5,1,3156.9776051472354,13187.581941691707,3353.908186153847,11052759.562307693
Montage_25,QMOEA/D-AWA-style,5,2,3160.165430742187,13475.54319486779,4034.0118723076926,10505572.33076923
Montage_25,QMOEA/D-AWA-style,5,3,3673.334749582332,14909.055145961542,4047.734564615385,10471770.569230767
Montage_25,QMOEA/D-AWA-style,5,4,3673.334749582332,14644.781989690502,4047.734564615385,10033982.546923077
Montage_25,QMOEA/D-AWA-style,5,5,3673.334749582332,14821.68719083233,4047.734564615385,9910163.316153847
Montage_25,QMOEA/D-AWA-style,5,6,3678.089449582332,15729.336350609974,4107.92518,9652891.723076925
Montage_25,QMOEA/D-AWA-style,5,7,4095.3181435396637,15967.030757599157,4083.8677184615385,9498167.876923077
Montage_25,QMOEA/D-AWA-style,5,8,4231.9966580468745,15922.107135333532,5141.556949230769,9498167.876923077
Montage_25,QMOEA/D-AWA-style,5,9,4231.9966580468745,15922.107135333532,5141.556949230769,9390351.5
Montage_25,QMOEA/D-AWA-style,5,10,4231.9966580468745,15922.107135333532,5155.700795384615,9372531.5
Montage_25,QMOEA/D-AWA-style,5,11,3704.6816837289666,16168.004433584738,5155.700795384615,9372531.5
Montage_25,QMOEA/D-AWA-style,5,12,3704.6816837289666,16168.004433584738,5423.386179999999,9372531.5
Montage_25,QMOEA/D-AWA-style,5,13,3704.6816837289666,16168.004433584738,5423.386179999999,9240110.346153848
Montage_25,QMOEA/D-AWA-style,5,14,3704.6816837289666,16168.004433584738,5423.386179999999,9240110.346153848
Montage_25,QMOEA/D-AWA-style,5,15,3704.6816837289666,16168.004433584738,5423.386179999999,9240110.346153848
