benchmark,baseline,metric,adare_mean,adare_std,baseline_mean,baseline_std,gain_percent,scale
Montage_25,NSGA-III,hv,0.8328143027922392,0.028446085143905522,0.7876894817475262,0.014213042047577482,5.728757599327277,small
Montage_25,NSGA-III,igd,0.0758651744542656,0.0045578495372046455,0.10009780153648702,0.015318121093096703,24.208950356805083,small
Montage_25,NSGA-III,spacing,0.06104227189833793,0.0016172077396048716,0.04819922776988651,0.010330491565008594,-26.64574666998167,small
Montage_25,NSGA-III,epsilon,0.1134781327124982,0.015563885477523303,0.17230380519860772,0.05858876868318156,34.14066939398322,small
Montage_25,NSGA-III,coverage,0.095,0.016499158227686116,0.19918929110105582,0.02333025767489553,-52.30667297681022,small
Montage_25,NSGA-III,time,2.9936045499998727,0.058685973751537265,2.7899350500001674,0.07594560175212563,-7.300152023241297,small
Montage_25,NSGA-III,makespan_best,2282.780248461538,0.0,2958.1835833158057,143.94782475927977,22.831690996581525,small
Montage_25,NSGA-III,latency_best,11159.997890769233,0.0,12984.681054070013,142.7763992720835,14.052583622982704,small
Montage_25,NSGA-III,cost_best,1399.7036861538459,350.8099294193548,1783.7711269230772,121.7131273269495,21.531206272619173,small
Montage_25,NSGA-III,energy_best,9697835.146538462,75735.04112629611,10112006.492692307,331975.26512182364,4.095837423098525,small
Montage_25,NSGA-II,hv,0.8328143027922392,0.028446085143905522,0.7714724177197769,0.00884768842021284,7.951273909930452,small
Montage_25,NSGA-II,igd,0.0758651744542656,0.0045578495372046455,0.09259641794883879,0.0014838158154005397,18.068996474374956,small
Montage_25,NSGA-II,spacing,0.06104227189833793,0.0016172077396048716,0.050589158416858945,0.0033399841706700743,-20.662754251305078,small
Montage_25,NSGA-II,epsilon,0.1134781327124982,0.015563885477523303,0.15478556718033928,0.01830045691801146,26.68687734930361,small
Montage_25,NSGA-II,coverage,0.21936396936396935,0.0020014677456162595,0.07296380090497738,0.021597152819046138,200.64767274069592,small
Montage_25,NSGA-II,time,2.9936045499998727,0.058685973751537265,2.8170689999997194,0.09864012318343172,-6.26663919130738,small
Montage_25,NSGA-II,makespan_best,2282.780248461538,0.0,2980.4301144561296,71.25283785452709,23.407690809817865,small
Montage_25,NSGA-II,latency_best,11159.997890769233,0.0,12793.442101096753,180.8064659236962,12.76782430732608,small
Montage_25,NSGA-II,cost_best,1399.7036861538459,350.8099294193548,1068.1770884615385,348.96135103986495,-31.036669974806763,small
Montage_25,NSGA-II,energy_best,9697835.146538462,75735.04112629611,10023989.415384617,108292.58764627982,3.253737163225444,small
Montage_25,MOEA/D,hv,0.8328143027922392,0.028446085143905522,0.5338314895055039,0.060864515245862276,56.00696458796158,small
Montage_25,MOEA/D,igd,0.0758651744542656,0.0045578495372046455,0.24001821064750734,0.0065282812406514115,68.39190899323809,small
Montage_25,MOEA/D,spacing,0.06104227189833793,0.0016172077396048716,0.1943845381761773,0.05311862676906734,68.59715671263254,small
Montage_25,MOEA/D,epsilon,0.1134781327124982,0.015563885477523303,0.35315576143078736,0.04579459898489602,67.86739872153042,small
Montage_25,MOEA/D,coverage,0.29743589743589743,0.23207607177404638,0.0,0.0,0.0,small
Montage_25,MOEA/D,time,2.9936045499998727,0.058685973751537265,2.693090449999545,0.0339008911213443,-11.158708018899942,small
Montage_25,MOEA/D,makespan_best,2282.780248461538,0.0,3634.812741395733,255.65224846349088,37.196757828438436,small
Montage_25,MOEA/D,latency_best,11159.997890769233,0.0,14628.313529370495,131.12094722160245,23.709606932047446,small
Montage_25,MOEA/D,cost_best,1399.7036861538459,350.8099294193548,3185.9982423076917,306.6202908693046,56.067028927799775,small
Montage_25,MOEA/D,energy_best,9697835.146538462,75735.04112629611,9207407.461538464,6168.146845120285,-5.326447070455305,small
Montage_25,QL-NSGA-III,hv,0.8328143027922392,0.028446085143905522,0.80928114043416,0.008911756279480291,2.907909400366633,small
Montage_25,QL-NSGA-III,igd,0.0758651744542656,0.0045578495372046455,0.0920574276149769,0.009917364964901771,17.589295704018742,small
Montage_25,QL-NSGA-III,spacing,0.06104227189833793,0.0016172077396048716,0.07315698768333577,0.005201449512887422,16.559888766110884,small
Montage_25,QL-NSGA-III,epsilon,0.1134781327124982,0.015563885477523303,0.15151420573222985,0.06446794133748307,25.103964896171238,small
Montage_25,QL-NSGA-III,coverage,0.11143726897151554,0.021986577453723916,0.1842948717948718,0.024930046772602646,-39.53316883632548,small
Montage_25,QL-NSGA-III,time,2.9936045499998727,0.058685973751537265,2.872891250000066,0.005878815067999511,-4.201805411179551,small
Montage_25,QL-NSGA-III,makespan_best,2282.780248461538,0.0,2987.368535063101,59.60215240490388,23.585583041788315,small
Montage_25,QL-NSGA-III,latency_best,11159.997890769233,0.0,12970.0209629372,406.3147313214683,13.955436751723399,small
Montage_25,QL-NSGA-III,cost_best,1399.7036861538459,350.8099294193548,1754.9673161538465,546.0990860179627,20.243318877219306,small
Montage_25,QL-NSGA-III,energy_best,9697835.146538462,75735.04112629611,9861736.558076926,129905.34503215631,1.6619934082930368,small
Montage_50,NSGA-III,hv,0.5570680060089728,0.017242398936317804,0.580900109877183,0.02751115026204774,-4.102616519258179,small
Montage_50,NSGA-III,igd,0.12675752717957828,0.007447371305165928,0.12460934011176619,0.006022656263690885,-1.7239374399104481,small
Montage_50,NSGA-III,spacing,0.06492745229539436,0.004904214915856506,0.0645429767299702,0.0008154976817775193,-0.595689236696813,small
Montage_50,NSGA-III,epsilon,0.2861072221694565,0.02943619378387338,0.25500893741594466,0.011039225993565252,-12.194978367674809,small
Montage_50,NSGA-III,coverage,0.15434565434565434,0.1080792582632785,0.3798941798941799,0.0389095794938629,-59.37140853575394,small
Montage_50,NSGA-III,time,3.0289381499997035,0.042520522783629236,2.8375851499999953,0.002135250347537979,-6.743515696778594,small
Montage_50,NSGA-III,makespan_best,4545.428973021334,22.93363238781804,4621.244989313402,154.20730186846902,1.640597208488008,small
Montage_50,NSGA-III,latency_best,33460.55898427584,0.0,36949.55821805739,1040.873458820736,9.44260067519958,small
Montage_50,NSGA-III,cost_best,6125.704410769229,1524.6407465647142,6640.824029230769,70.69023076625574,7.756862946437812,small
Montage_50,NSGA-III,energy_best,24100917.10769231,275706.3732675669,23809643.196153853,103396.0091686295,-1.223344294321501,small
Montage_50,NSGA-II,hv,0.5570680060089728,0.017242398936317804,0.5617922313395919,0.023343286662881033,-0.8409203735968747,small
Montage_50,NSGA-II,igd,0.12675752717957828,0.007447371305165928,0.12022948638800804,0.011883520424020824,-5.429650402483429,small
Montage_50,NSGA-II,spacing,0.06492745229539436,0.004904214915856506,0.06180512513436286,0.00010284584774007902,-5.051890363855162,small
Montage_50,NSGA-II,epsilon,0.2861072221694565,0.02943619378387338,0.2236930642982805,0.055525716207087746,-27.90169559658348,small
Montage_50,NSGA-II,coverage,0.19871794871794873,0.11785113019775792,0.2529100529100529,0.06135741381724538,-21.4274219504345,small
Montage_50,NSGA-II,time,3.0289381499997035,0.042520522783629236,2.8657781999995677,0.03946235666565523,-5.693390716705164,small
Montage_50,NSGA-II,makespan_best,4545.428973021334,22.93363238781804,4704.168508242187,161.86896371292357,3.3744440689725557,small
Montage_50,NSGA-II,latency_best,33460.55898427584,0.0,37349.2829576863,276.69384321737186,10.411776787833027,small
Montage_50,NSGA-II,cost_best,6125.704410769229,1524.6407465647142,6480.332455384614,172.15461458359124,5.472374250193273,small
Montage_50,NSGA-II,energy_best,24100917.10769231,275706.3732675669,23516331.30038462,520067.02873818023,-2.485871626149991,small
Montage_50,MOEA/D,hv,0.5570680060089728,0.017242398936317804,0.37125993477205554,0.012667257791742392,50.04797281748131,small
Montage_50,MOEA/D,igd,0.12675752717957828,0.007447371305165928,0.25714074202320303,0.0692557096218418,50.70500062252277,small
Montage_50,MOEA/D,spacing,0.06492745229539436,0.004904214915856506,0.11871918673132224,0.016549886072660072,45.31005974431575,small
Montage_50,MOEA/D,epsilon,0.2861072221694565,0.02943619378387338,0.4124228276462207,0.019323551661184844,30.627694930872895,small
Montage_50,MOEA/D,coverage,0.09999999999999999,0.09428090415820632,0.009523809523809525,0.013468700594029479,949.9999999999998,small
Montage_50,MOEA/D,time,3.0289381499997035,0.042520522783629236,2.895372949999455,0.14193959479711443,-4.613056842997495,small
Montage_50,MOEA/D,makespan_best,4545.428973021334,22.93363238781804,6524.838986431791,94.2994768780318,30.336534242861497,small
Montage_50,MOEA/D,latency_best,33460.55898427584,0.0,43053.91723962741,665.9978152366427,22.282196070469773,small
Montage_50,MOEA/D,cost_best,6125.704410769229,1524.6407465647142,7773.825777692307,1327.1578140224644,21.20090434303932,small
Montage_50,MOEA/D,energy_best,24100917.10769231,275706.3732675669,21432896.692307692,16585.461516876676,-12.448249313599193,small
Montage_50,QL-NSGA-III,hv,0.5570680060089728,0.017242398936317804,0.5461030779912637,0.02728549886681741,2.0078495177213616,small
Montage_50,QL-NSGA-III,igd,0.12675752717957828,0.007447371305165928,0.1287378961158358,0.00795959790057383,1.538295246393983,small
Montage_50,QL-NSGA-III,spacing,0.06492745229539436,0.004904214915856506,0.0647868379043576,0.014322169775180721,-0.21704160225312982,small
Montage_50,QL-NSGA-III,epsilon,0.2861072221694565,0.02943619378387338,0.2608648724886301,0.03031044839081486,-9.676408111224937,small
Montage_50,QL-NSGA-III,coverage,0.2965075465075465,0.3642257639140956,0.28465608465608466,0.297807935356874,4.163431765662249,small
Montage_50,QL-NSGA-III,time,3.0289381499997035,0.042520522783629236,2.9178781500004334,0.025354515721180238,-3.806190467523587,small
Montage_50,QL-NSGA-III,makespan_best,4545.428973021334,22.93363238781804,4654.397922286658,45.324902311741006,2.341203977071838,small
Montage_50,QL-NSGA-III,latency_best,33460.55898427584,0.0,37725.46494550781,738.2178298369845,11.30511172597176,small
Montage_50,QL-NSGA-III,cost_best,6125.704410769229,1524.6407465647142,7231.150357692308,246.3336764846686,15.287276466975056,small
Montage_50,QL-NSGA-III,energy_best,24100917.10769231,275706.3732675669,23732366.78115385,470747.0976893163,-1.5529438337820085,small
CyberShake_30,NSGA-III,hv,0.8963064292913685,0.02184993257567622,0.8622010311364934,0.03611273151181657,3.9556202003052308,small
CyberShake_30,NSGA-III,igd,0.07987604165751411,0.004128778699401151,0.09194809097741201,0.012832176957604382,13.129200608268771,small
CyberShake_30,NSGA-III,spacing,0.06211942183710175,0.003666803275596157,0.07297830847694434,0.011486902297346974,14.879608566527928,small
CyberShake_30,NSGA-III,epsilon,0.11662904078095813,0.006090380485732769,0.10810659916083495,0.017000495986222993,-7.883368532797862,small
CyberShake_30,NSGA-III,coverage,0.27740259740259743,0.11681036697003744,0.09086814086814086,0.11576629447927178,205.28037082340825,small
CyberShake_30,NSGA-III,time,2.918208499999764,0.03847014443035554,2.7881115000000136,0.02343139740842731,-4.666133330741971,small
CyberShake_30,NSGA-III,makespan_best,10806.649,0.0,11518.81225153846,143.9453238513517,6.182610116276041,small
CyberShake_30,NSGA-III,latency_best,47939.97545463942,0.0,53624.781840981064,5581.184766196856,10.601080677958507,small
CyberShake_30,NSGA-III,cost_best,2362.520749230769,1226.8395121396443,4165.993651538461,410.1293011408563,43.290342068612766,small
CyberShake_30,NSGA-III,energy_best,32051480.3576923,558076.5480374515,32427159.557692304,644053.6615619238,1.1585325545754905,small
CyberShake_30,NSGA-II,hv,0.8963064292913685,0.02184993257567622,0.8248048983364978,0.0013333367299006847,8.668902318485019,small
CyberShake_30,NSGA-II,igd,0.07987604165751411,0.004128778699401151,0.09460253086983583,0.003204461345003837,15.566696870492805,small
CyberShake_30,NSGA-II,spacing,0.06211942183710175,0.003666803275596157,0.06576816499786811,0.012193738834745935,5.547886520605579,small
CyberShake_30,NSGA-II,epsilon,0.11662904078095813,0.006090380485732769,0.15352707206119243,0.002436245088049757,24.033566709021564,small
CyberShake_30,NSGA-II,coverage,0.26975709887102295,0.07716971029712921,0.05446355446355446,0.05154177192924057,395.2983725135624,small
CyberShake_30,NSGA-II,time,2.918208499999764,0.03847014443035554,2.7908745500003533,0.015527428518434559,-4.562510701149026,small
CyberShake_30,NSGA-II,makespan_best,10806.649,0.0,10843.592074406552,21.03995871529944,0.3406903741219345,small
CyberShake_30,NSGA-II,latency_best,47939.97545463942,0.0,51751.48466354418,0.3491535270035311,7.36502389000975,small
CyberShake_30,NSGA-II,cost_best,2362.520749230769,1226.8395121396443,2909.3755746153847,1000.3279424806606,18.796295334159772,small
CyberShake_30,NSGA-II,energy_best,32051480.3576923,558076.5480374515,31956259.653846145,959411.1835665968,-0.29797199321071405,small
CyberShake_30,MOEA/D,hv,0.8963064292913685,0.02184993257567622,0.5603287798513346,0.009083217333391937,59.96080542733767,small
CyberShake_30,MOEA/D,igd,0.07987604165751411,0.004128778699401151,0.23344354516307608,0.003203656952596864,65.78357238290084,small
CyberShake_30,MOEA/D,spacing,0.06211942183710175,0.003666803275596157,0.11022622017567998,0.0466466490282087,43.6436977172083,small
CyberShake_30,MOEA/D,epsilon,0.11662904078095813,0.006090380485732769,0.34405298193971157,0.07095685884344664,66.10143004038981,small
CyberShake_30,MOEA/D,coverage,0.1867816091954023,0.028446824530493298,0.0,0.0,0.0,small
CyberShake_30,MOEA/D,time,2.918208499999764,0.03847014443035554,2.8022508499998366,0.08532608031129722,-4.138018193479512,small
CyberShake_30,MOEA/D,makespan_best,10806.649,0.0,15405.813300664062,752.200716990657,29.85343396616274,small
CyberShake_30,MOEA/D,latency_best,47939.97545463942,0.0,60497.3439229988,3048.628292446733,20.75689221057777,small
CyberShake_30,MOEA/D,cost_best,2362.520749230769,1226.8395121396443,9812.723056923076,3066.6165879171713,75.92390271766651,small
CyberShake_30,MOEA/D,energy_best,32051480.3576923,558076.5480374515,30793801.480769224,21599.52850586008,-4.084194923801465,small
CyberShake_30,QL-NSGA-III,hv,0.8963064292913685,0.02184993257567622,0.8542690100649533,0.018416782213207087,4.920864356676005,small
CyberShake_30,QL-NSGA-III,igd,0.07987604165751411,0.004128778699401151,0.08651900778125297,0.004519573298349349,7.6780424256995135,small
CyberShake_30,QL-NSGA-III,spacing,0.06211942183710175,0.003666803275596157,0.0703266327786553,0.006073718670224807,11.670132092609602,small
CyberShake_30,QL-NSGA-III,epsilon,0.11662904078095813,0.006090380485732769,0.12810335404286496,0.020456368191294226,8.95707481481506,small
CyberShake_30,QL-NSGA-III,coverage,0.19111842105263158,0.06559345799164683,0.08615888615888614,0.058143751704446654,121.82090504302585,small
CyberShake_30,QL-NSGA-III,time,2.918208499999764,0.03847014443035554,2.9475236499997663,0.2702227656181095,0.9945687797960332,small
CyberShake_30,QL-NSGA-III,makespan_best,10806.649,0.0,11258.201990384616,2.5873445069838743,4.010880163371362,small
CyberShake_30,QL-NSGA-III,latency_best,47939.97545463942,0.0,54559.937250126204,266.6970842004554,12.13337501679673,small
CyberShake_30,QL-NSGA-III,cost_best,2362.520749230769,1226.8395121396443,2924.2084415384616,293.2611150029623,19.208196116559385,small
CyberShake_30,QL-NSGA-III,energy_best,32051480.3576923,558076.5480374515,32639131.111538455,183541.64570436516,1.8004485224743305,small
CyberShake_100,NSGA-III,hv,0.6769018434031384,0.026253877906716475,0.677012273627062,0.02536550913652982,-0.01631140648779028,small
CyberShake_100,NSGA-III,igd,0.13305156073935354,0.028860320223615992,0.13534906804597074,0.004055490528771236,1.6974681390764135,small
CyberShake_100,NSGA-III,spacing,0.06092228443953425,0.006718431803850702,0.06209243809971169,0.002678616081050413,1.884534890220189,small
CyberShake_100,NSGA-III,epsilon,0.2446878497774374,0.014734628358610499,0.24305059065868845,0.020055440421059993,-0.673628940506518,small
CyberShake_100,NSGA-III,coverage,0.3016279495152735,0.15107018848104767,0.09207459207459208,0.08735818042631008,227.59086162544895,small
CyberShake_100,NSGA-III,time,2.9244126999997206,0.012677576057849022,2.9070152499998585,0.1271094442755115,-0.5984643527364706,small
CyberShake_100,NSGA-III,makespan_best,19767.723230769232,0.0,21811.930871927587,768.2067125169124,9.371970107375011,small
CyberShake_100,NSGA-III,latency_best,437841.6061786659,7436.7358775249995,442878.9811647432,1930.3537684811404,1.1374156824578439,small
CyberShake_100,NSGA-III,cost_best,41257.002550000005,1203.6772254302293,35062.9696446154,618.2271618552203,-17.66545437584127,small
CyberShake_100,NSGA-III,energy_best,148477550.1892307,2023028.1430212173,149225287.6584615,1135766.220211028,0.5010795964703922,small
CyberShake_100,NSGA-II,hv,0.6769018434031384,0.026253877906716475,0.6589356373344364,0.013405551427627628,2.726549461094552,small
CyberShake_100,NSGA-II,igd,0.13305156073935354,0.028860320223615992,0.13858554426706815,0.004018742923650801,3.9931895905752453,small
CyberShake_100,NSGA-II,spacing,0.06092228443953425,0.006718431803850702,0.05901033976521992,0.0014944257189136382,-3.2400163800466926,small
CyberShake_100,NSGA-II,epsilon,0.2446878497774374,0.014734628358610499,0.23595018846064658,0.03146331837491237,-3.703180477962683,small
CyberShake_100,NSGA-II,coverage,0.4342105263157895,0.055824219567358994,0.07653457653457653,0.03681130873309921,467.33903286134125,small
CyberShake_100,NSGA-II,time,2.9244126999997206,0.012677576057849022,3.03661534999992,0.21912836098137725,3.6949905426843843,small
CyberShake_100,NSGA-II,makespan_best,19767.723230769232,0.0,21500.961362629205,195.49979943378324,8.061212252920523,small
CyberShake_100,NSGA-II,latency_best,437841.6061786659,7436.7358775249995,435795.27651500463,4556.5109384213565,-0.46956214854494743,small
CyberShake_100,NSGA-II,cost_best,41257.002550000005,1203.6772254302293,29093.82325999999,4613.7219450388375,-41.80674083740213,small
CyberShake_100,NSGA-II,energy_best,148477550.1892307,2023028.1430212173,148823182.45423076,1781809.495863552,0.23224356535067472,small
CyberShake_100,MOEA/D,hv,0.6769018434031384,0.026253877906716475,0.4090692287504396,0.034272189412243574,65.47366456060061,small
CyberShake_100,MOEA/D,igd,0.13305156073935354,0.028860320223615992,0.2412525703372208,0.047228878173969965,44.84968157919512,small
CyberShake_100,MOEA/D,spacing,0.06092228443953425,0.006718431803850702,0.17396093845914146,0.04113294884717535,64.97933100433166,small
CyberShake_100,MOEA/D,epsilon,0.2446878497774374,0.014734628358610499,0.4556246258326401,0.05011771667187437,46.29617542504911,small
CyberShake_100,MOEA/D,coverage,0.17067307692307693,0.023796862828393422,0.0,0.0,0.0,small
CyberShake_100,MOEA/D,time,2.9244126999997206,0.012677576057849022,3.3368419000003087,0.3305076492240844,12.359866375465673,small
CyberShake_100,MOEA/D,makespan_best,19767.723230769232,0.0,25124.544942922177,2504.4983863083303,21.321069592792817,small
CyberShake_100,MOEA/D,latency_best,437841.6061786659,7436.7358775249995,489141.9793505408,21221.884091895943,10.487828756793492,small
CyberShake_100,MOEA/D,cost_best,41257.002550000005,1203.6772254302293,57487.64263846153,3482.1145450770705,28.233267783366333,small
CyberShake_100,MOEA/D,energy_best,148477550.1892307,2023028.1430212173,135944048.72692302,683119.9296446586,-9.21960290257671,small
CyberShake_100,QL-NSGA-III,hv,0.6769018434031384,0.026253877906716475,0.6592038009668301,0.026786147507151137,2.684760374614236,small
CyberShake_100,QL-NSGA-III,igd,0.13305156073935354,0.028860320223615992,0.13061520221033343,0.0027994371040774204,-1.8652947649208294,small
CyberShake_100,QL-NSGA-III,spacing,0.06092228443953425,0.006718431803850702,0.07130553188902432,0.012251528468904175,14.561629616128432,small
CyberShake_100,QL-NSGA-III,epsilon,0.2446878497774374,0.014734628358610499,0.24266930437700052,0.014736505457161108,-0.8318091180172354,small
CyberShake_100,QL-NSGA-III,coverage,0.34314980793854033,0.2861021035274635,0.27525252525252525,0.3178409268969835,24.66726967308438,small
CyberShake_100,QL-NSGA-III,time,2.9244126999997206,0.012677576057849022,3.006459900000209,0.11401927141007309,2.729030245854357,small
CyberShake_100,QL-NSGA-III,makespan_best,19767.723230769232,0.0,21870.507747079326,946.0580146870944,9.614703694251943,small
CyberShake_100,QL-NSGA-III,latency_best,437841.6061786659,7436.7358775249995,445361.64510319417,13311.682476736156,1.6885241482314506,small
CyberShake_100,QL-NSGA-III,cost_best,41257.002550000005,1203.6772254302293,42691.78058538462,1023.8734603962004,3.3607828385490404,small
CyberShake_100,QL-NSGA-III,energy_best,148477550.1892307,2023028.1430212173,148460993.57,310730.188032162,-0.011152167874257763,small
Epigenomics_24,NSGA-III,hv,1.0681886612151184,0.0426558860641176,1.0725132665981172,0.009895191592106835,-0.4032216213712641,small
Epigenomics_24,NSGA-III,igd,0.05689423684561995,0.00029204096497684455,0.060924608269361406,0.005231816326588862,6.6153423685914845,small
Epigenomics_24,NSGA-III,spacing,0.06529587032671505,0.00019360539580756523,0.06822983265652566,0.0021577182338528636,4.300116555437568,small
Epigenomics_24,NSGA-III,epsilon,0.08463434506276932,0.04224095559642434,0.061520637471965706,0.018659079119608065,-37.57065684070046,small
Epigenomics_24,NSGA-III,coverage,0.08333333333333334,0.009065471553673684,0.027466781496062992,0.0056982645383512375,203.39678984695783,small
Epigenomics_24,NSGA-III,time,3.0177857499998026,0.023667358940544697,3.284100550000403,0.2798949964360859,8.10921577905304,small
Epigenomics_24,NSGA-III,makespan_best,261643.782125,0.0,263628.5916053561,2206.3108831690693,0.7528809634302794,small
Epigenomics_24,NSGA-III,latency_best,830721.106,0.0,920327.2121517458,8162.393337278095,9.736331270944893,small
Epigenomics_24,NSGA-III,cost_best,59972.54978538462,45422.03616843356,27968.139013076925,124.83260612997483,-114.43167797951644,small
Epigenomics_24,NSGA-III,energy_best,716608769.7076924,212009.1283189047,727700898.8315384,13630714.682783619,1.524270361855615,small
Epigenomics_24,NSGA-II,hv,1.0681886612151184,0.0426558860641176,0.9939869827321262,0.015667462861876744,7.465055355054798,small
Epigenomics_24,NSGA-II,igd,0.05689423684561995,0.00029204096497684455,0.08007298028704006,0.0035186563831115926,28.94702227684115,small
Epigenomics_24,NSGA-II,spacing,0.06529587032671505,0.00019360539580756523,0.07837926222261024,0.004479690672946567,16.69241521913815,small
Epigenomics_24,NSGA-II,epsilon,0.08463434506276932,0.04224095559642434,0.12660504389831106,0.007818660767796255,33.15088999870537,small
Epigenomics_24,NSGA-II,coverage,0.1828525641025641,0.07728314499506818,0.007874015748031496,0.011135539861205471,2222.227564102564,small
Epigenomics_24,NSGA-II,time,3.0177857499998026,0.023667358940544697,3.1897478999999294,0.52760503777601,5.391089057543717,small
Epigenomics_24,NSGA-II,makespan_best,261643.782125,0.0,262353.2790842353,235.5666889576218,0.2704357123767884,small
Epigenomics_24,NSGA-II,latency_best,830721.106,0.0,857189.9193477915,13773.939123297523,3.0878586822312046,small
Epigenomics_24,NSGA-II,cost_best,59972.54978538462,45422.03616843356,29620.747107692314,2587.8081514607074,-102.46805243413371,small
Epigenomics_24,NSGA-II,energy_best,716608769.7076924,212009.1283189047,716430981.55,238458.6152083199,-0.02481581091144151,small
Epigenomics_24,MOEA/D,hv,1.0681886612151184,0.0426558860641176,0.9057403373142672,0.08187638844858348,17.935418928403767,small
Epigenomics_24,MOEA/D,igd,0.05689423684561995,0.00029204096497684455,0.2149097673012193,0.018217942836111677,73.52645365537225,small
Epigenomics_24,MOEA/D,spacing,0.06529587032671505,0.00019360539580756523,0.05185687884547242,0.009016351017573282,-25.9155425093926,small
Epigenomics_24,MOEA/D,epsilon,0.08463434506276932,0.04224095559642434,0.18258416797834842,0.10821468020223306,53.64639442736042,small
Epigenomics_24,MOEA/D,coverage,0.020833333333333332,0.02946278254943948,0.027436023622047244,0.005393777120271401,-24.065769805680123,small
Epigenomics_24,MOEA/D,time,3.0177857499998026,0.023667358940544697,2.917308100000355,0.22935899402287804,-3.4441905535941,small
Epigenomics_24,MOEA/D,makespan_best,261643.782125,0.0,318878.77845150395,4652.481478722115,17.94882575894226,small
Epigenomics_24,MOEA/D,latency_best,830721.106,0.0,1024425.3090650121,1521.1795700744642,18.908572577321912,small
Epigenomics_24,MOEA/D,cost_best,59972.54978538462,45422.03616843356,163662.20072923077,80528.72577656791,63.35589432491771,small
Epigenomics_24,MOEA/D,energy_best,716608769.7076924,212009.1283189047,715939591.15,109141.81745127206,-0.09346857834995825,small
Epigenomics_24,QL-NSGA-III,hv,1.0681886612151184,0.0426558860641176,1.0710155322909385,0.002902997594120741,-0.2639430512994862,small
Epigenomics_24,QL-NSGA-III,igd,0.05689423684561995,0.00029204096497684455,0.05734831691206517,0.00083177942778718,0.791793187481826,small
Epigenomics_24,QL-NSGA-III,spacing,0.06529587032671505,0.00019360539580756523,0.08711023663632794,0.00198464476331465,25.04225353064367,small
Epigenomics_24,QL-NSGA-III,epsilon,0.08463434506276932,0.04224095559642434,0.07754894983446467,0.036343258086582474,-9.136674633801066,small
Epigenomics_24,QL-NSGA-III,coverage,0.07320761430350471,0.006667258388700769,0.04309178149606299,0.01639882237372837,69.8876485535721,small
Epigenomics_24,QL-NSGA-III,time,3.0177857499998026,0.023667358940544697,2.923595050000131,0.08651416112505378,-3.2217423544915214,small
Epigenomics_24,QL-NSGA-III,makespan_best,261643.782125,0.0,262582.3773608699,909.6982029661257,0.35744791608005655,small
Epigenomics_24,QL-NSGA-III,latency_best,830721.106,0.0,892733.5971800196,1203.3543590314096,6.946360188067927,small
Epigenomics_24,QL-NSGA-III,cost_best,59972.54978538462,45422.03616843356,32585.07064923077,1634.4040575716085,-84.04916297703464,small
Epigenomics_24,QL-NSGA-III,energy_best,716608769.7076924,212009.1283189047,725043057.9388462,11857454.228656936,1.1632810132864186,small
CyberShake_1000,NSGA-III,hv,0.49199754849417604,0.0054860637409503,0.42280305975914156,0.03937547855234604,16.365654679616686,1000
CyberShake_1000,NSGA-III,igd,0.11779495605734713,0.0024693461123802486,0.1502708407159999,0.023279293771760145,21.611567822415815,1000
CyberShake_1000,NSGA-III,spacing,0.06656439496718919,0.004216592272767475,0.06247627071226157,0.0008577563951725303,-6.543483163000774,1000
CyberShake_1000,NSGA-III,epsilon,0.279633268400091,0.060825243543751746,0.3716990640131277,0.07310230418898281,24.768907034370443,1000
CyberShake_1000,NSGA-III,coverage,0.273972602739726,0.23247346230790603,0.18838383838383838,0.08071016795361602,45.43317786183848,1000
CyberShake_1000,NSGA-III,time,14.768220500000098,0.08154906943943847,14.49981224999965,0.11059581392887964,-1.8511153480656577,1000
CyberShake_1000,NSGA-III,makespan_best,110796.78900000002,764.2250715824782,109459.91869692464,3358.1220383738073,-1.2213331774683134,1000
CyberShake_1000,NSGA-III,latency_best,38302283.46953905,1619388.227216948,39378498.71181877,175509.0731844593,2.733002215639867,1000
CyberShake_1000,NSGA-III,cost_best,476378.1984300007,1465.7268646832968,493915.04537307774,8423.652533025883,3.5505796203941564,1000
CyberShake_1000,NSGA-III,energy_best,1203479038.363462,11947539.77835425,1219522925.0938466,11318999.823631208,1.315587136596875,1000
CyberShake_1000,NSGA-II,hv,0.49199754849417604,0.0054860637409503,0.39271582820293954,0.0022216799323017647,25.280804378460587,1000
CyberShake_1000,NSGA-II,igd,0.11779495605734713,0.0024693461123802486,0.16531058471775587,0.0007862713653896778,28.743246381672932,1000
CyberShake_1000,NSGA-II,spacing,0.06656439496718919,0.004216592272767475,0.0782479179676927,0.020292988672961382,14.93141709575896,1000
CyberShake_1000,NSGA-II,epsilon,0.279633268400091,0.060825243543751746,0.39539287613128804,0.00034384314598593616,29.277110114841747,1000
CyberShake_1000,NSGA-II,coverage,0.538961038961039,0.10101525445522107,0.11717171717171718,0.06285393610547091,359.9753694581281,1000
CyberShake_1000,NSGA-II,time,14.768220500000098,0.08154906943943847,15.389575149999928,0.9990474830611875,4.037503595411684,1000
CyberShake_1000,NSGA-II,makespan_best,110796.78900000002,764.2250715824782,111426.46443876502,4078.5846644629796,0.5651040279672889,1000
CyberShake_1000,NSGA-II,latency_best,38302283.46953905,1619388.227216948,38328960.34804831,361005.2962852229,0.06959979677773621,1000
CyberShake_1000,NSGA-II,cost_best,476378.1984300007,1465.7268646832968,484727.31604769325,4389.753106344076,1.7224359637431863,1000
CyberShake_1000,NSGA-II,energy_best,1203479038.363462,11947539.77835425,1223191622.7930775,53239.915649034345,1.6115696071072747,1000
CyberShake_1000,MOEA/D,hv,0.49199754849417604,0.0054860637409503,0.4488610774935622,0.027801487286420384,9.610205287009439,1000
CyberShake_1000,MOEA/D,igd,0.11779495605734713,0.0024693461123802486,0.302394004284932,0.10791602509778049,61.045869167976505,1000
CyberShake_1000,MOEA/D,spacing,0.06656439496718919,0.004216592272767475,0.06656643210357771,0.016679250007597374,0.0030603058090180974,1000
CyberShake_1000,MOEA/D,epsilon,0.279633268400091,0.060825243543751746,0.4351592822419361,0.18396025634583793,35.740019847577805,1000
CyberShake_1000,MOEA/D,coverage,0.03333333333333333,0.04714045207910317,0.14090909090909093,0.05785419118799025,-76.34408602150539,1000
CyberShake_1000,MOEA/D,time,14.768220500000098,0.08154906943943847,18.10087674999977,0.8237384585998311,18.411573627226176,1000
CyberShake_1000,MOEA/D,makespan_best,110796.78900000002,764.2250715824782,138023.9182316406,13079.035412617286,19.726384803789053,1000
CyberShake_1000,MOEA/D,latency_best,38302283.46953905,1619388.227216948,41027202.954674274,353207.5406775479,6.641738380619423,1000
CyberShake_1000,MOEA/D,cost_best,476378.1984300007,1465.7268646832968,486410.4770838475,4565.798460678506,2.0625128623858684,1000
CyberShake_1000,MOEA/D,energy_best,1203479038.363462,11947539.77835425,1170864919.2423077,12579512.809383823,-2.785472396103525,1000
CyberShake_1000,QL-NSGA-III,hv,0.49199754849417604,0.0054860637409503,0.46699535379810575,0.06071972178947326,5.353842279741264,1000
CyberShake_1000,QL-NSGA-III,igd,0.11779495605734713,0.0024693461123802486,0.13135819520672418,0.022566569019375895,10.325384821275883,1000
CyberShake_1000,QL-NSGA-III,spacing,0.06656439496718919,0.004216592272767475,0.05700227326094877,0.004567452888757701,-16.774983100176215,1000
CyberShake_1000,QL-NSGA-III,epsilon,0.279633268400091,0.060825243543751746,0.30489488176453095,0.08801376963051918,8.285351731141679,1000
CyberShake_1000,QL-NSGA-III,coverage,0.16379015721120985,0.08470298250372006,0.2823232323232323,0.12785062003271921,-41.98488170336395,1000
CyberShake_1000,QL-NSGA-III,time,14.768220500000098,0.08154906943943847,14.953228800000034,0.4766004357006637,1.2372465002336848,1000
CyberShake_1000,QL-NSGA-III,makespan_best,110796.78900000002,764.2250715824782,109894.09983923825,170.92499255313754,-0.8214173118322982,1000
CyberShake_1000,QL-NSGA-III,latency_best,38302283.46953905,1619388.227216948,39604470.522701904,444026.2849372895,3.287979957758617,1000
CyberShake_1000,QL-NSGA-III,cost_best,476378.1984300007,1465.7268646832968,482204.2621192314,13.205483487059444,1.2082148887746946,1000
CyberShake_1000,QL-NSGA-III,energy_best,1203479038.363462,11947539.77835425,1209179112.6042309,13627858.300465247,0.4714003228597422,1000
Inspiral_1000,NSGA-III,hv,0.5564267930646962,0.035927678256990316,0.5576956442353536,0.03124899823781311,-0.22751677976560777,1000
Inspiral_1000,NSGA-III,igd,0.14690892696633367,0.02961422759630761,0.14421074593595518,0.02185693011946035,-1.8709985950539199,1000
Inspiral_1000,NSGA-III,spacing,0.06357651667531666,0.0014488623861986197,0.07014227123799002,0.009969794260573588,9.360624409203984,1000
Inspiral_1000,NSGA-III,epsilon,0.3288776790367762,0.0640761275837944,0.335951509027352,0.002673470969559966,2.105610423080385,1000
Inspiral_1000,NSGA-III,coverage,0.27287814129919397,0.18742185428320537,0.33096800107109386,0.3951618295183625,-17.55150334289322,1000
Inspiral_1000,NSGA-III,time,14.841901750000034,0.27893092705017225,14.555014900000515,0.16303435784710163,-1.9710515720565054,1000
Inspiral_1000,NSGA-III,makespan_best,1144019.3852230962,6579.253145996544,1163964.3716061385,7097.589948014329,1.7135392516800563,1000
Inspiral_1000,NSGA-III,latency_best,132286921.74238002,2313959.822089722,132478720.56492512,3016078.274621496,0.14477707946394272,1000
Inspiral_1000,NSGA-III,cost_best,4849251.362100771,47751.3568322197,4846708.285545385,25455.386323295523,-0.05247017987382522,1000
Inspiral_1000,NSGA-III,energy_best,12157450428.231148,92117578.11980942,12167619957.9973,3843454.343701142,0.08357862754800617,1000
Inspiral_1000,NSGA-II,hv,0.5564267930646962,0.035927678256990316,0.5182252704799645,0.029689656066726872,7.371605508421205,1000
Inspiral_1000,NSGA-II,igd,0.14690892696633367,0.02961422759630761,0.14381681449285139,0.0020542567321574523,-2.15003543527658,1000
Inspiral_1000,NSGA-II,spacing,0.06357651667531666,0.0014488623861986197,0.051327290360509766,0.00776213035617015,-23.86493857121906,1000
Inspiral_1000,NSGA-II,epsilon,0.3288776790367762,0.0640761275837944,0.4045574871946984,0.0006491964059909295,18.706811900257904,1000
Inspiral_1000,NSGA-II,coverage,0.3725315780110301,0.04251949689397851,0.32005623242736647,0.19019648191240782,16.395664344881137,1000
Inspiral_1000,NSGA-II,time,14.841901750000034,0.27893092705017225,14.69739269999991,0.35401046441650774,-0.9832291546522068,1000
Inspiral_1000,NSGA-II,makespan_best,1144019.3852230962,6579.253145996544,1102469.9874717304,54605.730033958615,-3.76875545126177,1000
Inspiral_1000,NSGA-II,latency_best,132286921.74238002,2313959.822089722,131536014.51080072,341788.84856288234,-0.5708757668932146,1000
Inspiral_1000,NSGA-II,cost_best,4849251.362100771,47751.3568322197,4878806.698953847,201137.21828302013,0.6057902818616322,1000
Inspiral_1000,NSGA-II,energy_best,12157450428.231148,92117578.11980942,12266249772.12038,933302.3529825829,0.886981317929133,1000
Inspiral_1000,MOEA/D,hv,0.5564267930646962,0.035927678256990316,0.48176029522023633,0.026652264763857764,15.498682349969533,1000
Inspiral_1000,MOEA/D,igd,0.14690892696633367,0.02961422759630761,0.23189048727992145,0.010865037308413218,36.647281788236604,1000
Inspiral_1000,MOEA/D,spacing,0.06357651667531666,0.0014488623861986197,0.10805412851388063,0.020168512652819333,41.16234377185354,1000
Inspiral_1000,MOEA/D,epsilon,0.3288776790367762,0.0640761275837944,0.31335237559902984,0.015786513333826763,-4.954582970072257,1000
Inspiral_1000,MOEA/D,coverage,0.041666666666666664,0.05892556509887896,0.010309278350515464,0.014579521261578299,304.16666666666663,1000
Inspiral_1000,MOEA/D,time,14.841901750000034,0.27893092705017225,16.840316999999686,0.04003836584961858,11.866850546813874,1000
Inspiral_1000,MOEA/D,makespan_best,1144019.3852230962,6579.253145996544,1304464.7040757122,46334.03140775552,12.299705645642646,1000
Inspiral_1000,MOEA/D,latency_best,132286921.74238002,2313959.822089722,137092707.34696615,2184266.519718063,3.505500546008785,1000
Inspiral_1000,MOEA/D,cost_best,4849251.362100771,47751.3568322197,5001042.024429232,130917.38600591259,3.0351807000819,1000
Inspiral_1000,MOEA/D,energy_best,12157450428.231148,92117578.11980942,11708467249.342308,33686974.88119105,-3.8346879171059745,1000
Inspiral_1000,QL-NSGA-III,hv,0.5564267930646962,0.035927678256990316,0.5988061768731285,0.04246355445342136,-7.077312400104284,1000
Inspiral_1000,QL-NSGA-III,igd,0.14690892696633367,0.02961422759630761,0.10865036249130533,0.020433308735666674,-35.21255115747079,1000
Inspiral_1000,QL-NSGA-III,spacing,0.06357651667531666,0.0014488623861986197,0.06671685052774086,0.00483511945767353,4.70695757905785,1000
Inspiral_1000,QL-NSGA-III,epsilon,0.3288776790367762,0.0640761275837944,0.27796131506155913,0.039600491016804476,-18.31778784178684,1000
Inspiral_1000,QL-NSGA-III,coverage,0.20144144144144144,0.02089468686749438,0.3446913910831437,0.2104563361330426,-41.55889974262474,1000
Inspiral_1000,QL-NSGA-III,time,14.841901750000034,0.27893092705017225,14.70470424999985,0.2324626978183137,-0.9330177449858288,1000
Inspiral_1000,QL-NSGA-III,makespan_best,1144019.3852230962,6579.253145996544,1137734.511072752,21462.77818941997,-0.5524025235393679,1000
Inspiral_1000,QL-NSGA-III,latency_best,132286921.74238002,2313959.822089722,135309895.72284263,435853.3413317432,2.234111529177892,1000
Inspiral_1000,QL-NSGA-III,cost_best,4849251.362100771,47751.3568322197,4728217.99358923,34868.23370821081,-2.5598093970211253,1000
Inspiral_1000,QL-NSGA-III,energy_best,12157450428.231148,92117578.11980942,12084251683.036533,56930739.4560138,-0.6057366820435257,1000
Montage_1000,NSGA-III,hv,0.5590819644035384,0.00619466606863007,0.5285735807274963,0.03317602620160638,5.771832870279341,1000
Montage_1000,NSGA-III,igd,0.11016658938482837,0.009166160132851457,0.11638206696936747,0.00533781876068816,5.340580165305923,1000
Montage_1000,NSGA-III,spacing,0.06348206613147349,0.012050858999997133,0.06691506236129825,0.01695894492136498,5.130378884336675,1000
Montage_1000,NSGA-III,epsilon,0.30827928278718847,0.028229104314052567,0.2706152248864603,0.011425762614601048,-13.917937513135328,1000
Montage_1000,NSGA-III,coverage,0.22655426765015807,0.2235321752960635,0.2356864168405771,0.1747075369903792,-3.8747032233920313,1000
Montage_1000,NSGA-III,time,14.592265650000172,0.19805502326729627,14.630252000000382,0.055347227662725096,0.25964248599551965,1000
Montage_1000,NSGA-III,makespan_best,71596.07472073317,154.70999317087876,72842.83295708234,529.8731852609496,1.7115729657078749,1000
Montage_1000,NSGA-III,latency_best,11255601.550903995,317917.5231477803,11617239.786482707,99147.43318124136,3.112944573972708,1000
Montage_1000,NSGA-III,cost_best,252823.83760076904,114.99621557812691,250017.55081923053,3982.9988519785456,-1.1224359139361109,1000
Montage_1000,NSGA-III,energy_best,618181162.624616,1850472.720732857,615712210.3361545,748980.9735608019,-0.40099128245542115,1000
Montage_1000,NSGA-II,hv,0.5590819644035384,0.00619466606863007,0.49895993436619357,0.030953825922188927,12.049470487788797,1000
Montage_1000,NSGA-II,igd,0.11016658938482837,0.009166160132851457,0.13395608228744033,0.0027203169884588915,17.759173377110958,1000
Montage_1000,NSGA-II,spacing,0.06348206613147349,0.012050858999997133,0.051629979530713736,0.0023079055320800322,-22.95582277678255,1000
Montage_1000,NSGA-II,epsilon,0.30827928278718847,0.028229104314052567,0.2821833081227449,0.033372019727481876,-9.247880336384842,1000
Montage_1000,NSGA-II,coverage,0.44439102564102567,0.15116673815750872,0.10139733236548408,0.10374663507654908,338.2669792921471,1000
Montage_1000,NSGA-II,time,14.592265650000172,0.19805502326729627,14.761775199999647,0.36898132918825655,1.1483005783713536,1000
Montage_1000,NSGA-II,makespan_best,71596.07472073317,154.70999317087876,71800.82630440805,956.5648546441024,0.2851660547843983,1000
Montage_1000,NSGA-II,latency_best,11255601.550903995,317917.5231477803,11346137.623476565,37477.148698707686,0.7979461873020115,1000
Montage_1000,NSGA-II,cost_best,252823.83760076904,114.99621557812691,254898.1478023075,537.7720790743012,0.8137800213233588,1000
Montage_1000,NSGA-II,energy_best,618181162.624616,1850472.720732857,616251553.8761544,2497266.6908603073,-0.3131203055512928,1000
Montage_1000,MOEA/D,hv,0.5590819644035384,0.00619466606863007,0.4538526657548726,0.06868447588205198,23.185783975432354,1000
Montage_1000,MOEA/D,igd,0.11016658938482837,0.009166160132851457,0.25126652572615843,0.004146741711053021,56.155485070505215,1000
Montage_1000,MOEA/D,spacing,0.06348206613147349,0.012050858999997133,0.06756005069400094,0.013964192719017382,6.036088665767618,1000
Montage_1000,MOEA/D,epsilon,0.30827928278718847,0.028229104314052567,0.4162639181742497,0.05080125680069877,25.941387344040333,1000
Montage_1000,MOEA/D,coverage,0.0,0.0,0.07281553398058252,0.10297671570677876,-100.0,1000
Montage_1000,MOEA/D,time,14.592265650000172,0.19805502326729627,17.68251149999969,0.19044379658542263,17.476283558472865,1000
Montage_1000,MOEA/D,makespan_best,71596.07472073317,154.70999317087876,83060.0632737515,116.34519265671392,13.802046496443198,1000
Montage_1000,MOEA/D,latency_best,11255601.550903995,317917.5231477803,11558876.420347525,356903.68375048076,2.6237400454395727,1000
Montage_1000,MOEA/D,cost_best,252823.83760076904,114.99621557812691,253572.4808838459,6708.572365235014,0.2952383793649149,1000
Montage_1000,MOEA/D,energy_best,618181162.624616,1850472.720732857,600376267.7907693,3398937.923608138,-2.9656226918102764,1000
Montage_1000,QL-NSGA-III,hv,0.5590819644035384,0.00619466606863007,0.5378725762284401,0.029313688955664146,3.9431993956298066,1000
Montage_1000,QL-NSGA-III,igd,0.11016658938482837,0.009166160132851457,0.12436667905727945,0.0013209097575085393,11.417921407960856,1000
Montage_1000,QL-NSGA-III,spacing,0.06348206613147349,0.012050858999997133,0.05393953365435267,0.001859503743601764,-17.691166071753354,1000
Montage_1000,QL-NSGA-III,epsilon,0.30827928278718847,0.028229104314052567,0.2953132879311393,0.028620611505221206,-4.390589718086965,1000
Montage_1000,QL-NSGA-III,coverage,0.306390977443609,0.17278925104182552,0.1884130296706288,0.2003715159827228,62.61666084305391,1000
Montage_1000,QL-NSGA-III,time,14.592265650000172,0.19805502326729627,15.010798799999975,0.38953862037403914,2.7882137091851735,1000
Montage_1000,QL-NSGA-III,makespan_best,71596.07472073317,154.70999317087876,71206.82533418572,85.16039663809805,-0.5466461743247786,1000
Montage_1000,QL-NSGA-III,latency_best,11255601.550903995,317917.5231477803,11323895.403057136,98351.37271418676,0.6030950456739791,1000
Montage_1000,QL-NSGA-III,cost_best,252823.83760076904,114.99621557812691,256018.73847923055,4210.262397063574,1.247916811651933,1000
Montage_1000,QL-NSGA-III,energy_best,618181162.624616,1850472.720732857,617331216.4303849,1876136.7789746094,-0.13768074116611584,1000
Sipht_1000,NSGA-III,hv,0.5761746958867903,0.025016226196659934,0.6022805968318966,0.03386646166075726,-4.334508048645106,1000
Sipht_1000,NSGA-III,igd,0.0970693584267005,0.0007436198467817733,0.10073054218368607,0.013861563993038489,3.6346312425374006,1000
Sipht_1000,NSGA-III,spacing,0.06047113129478848,0.02437587146365584,0.06963089296549267,0.00584542475864873,13.154738192490994,1000
Sipht_1000,NSGA-III,epsilon,0.2481418384440889,0.03673141536184586,0.2761061934029986,0.0027615592342824687,10.128115785542525,1000
Sipht_1000,NSGA-III,coverage,0.1798959746720941,0.10441897967318307,0.38522395326192793,0.028057060694597687,-53.3009375069218,1000
Sipht_1000,NSGA-III,time,14.422314649999407,0.09905286141152486,14.435411799999656,0.05734423863340294,0.0907293133144225,1000
Sipht_1000,NSGA-III,makespan_best,954031.4041522406,60426.129800343784,918432.2814165042,33090.14497027273,-3.876074856692936,1000
Sipht_1000,NSGA-III,latency_best,188917813.6884822,2358398.7527685966,191038964.17005512,5763977.725484867,1.1103234833731428,1000
Sipht_1000,NSGA-III,cost_best,2883260.5142930746,98878.30388815516,2579990.076888458,127250.91291969089,-11.754713327051613,1000
Sipht_1000,NSGA-III,energy_best,8676951714.916521,88404821.85527644,8744256059.006895,6646494.553627407,0.7696977722998873,1000
Sipht_1000,NSGA-II,hv,0.5761746958867903,0.025016226196659934,0.5702893103751587,0.023057978458135873,1.0319999699380473,1000
Sipht_1000,NSGA-II,igd,0.0970693584267005,0.0007436198467817733,0.10008085135495487,0.008372822448684897,3.0090600624224924,1000
Sipht_1000,NSGA-II,spacing,0.06047113129478848,0.02437587146365584,0.05460324700482207,0.013722477237635058,-10.746401746856222,1000
Sipht_1000,NSGA-II,epsilon,0.2481418384440889,0.03673141536184586,0.23051311938168856,0.020556153656648906,-7.647599021559523,1000
Sipht_1000,NSGA-II,coverage,0.28693693693693695,0.348457125503641,0.23661148977604674,0.20930911536583297,21.26923219515813,1000
Sipht_1000,NSGA-II,time,14.422314649999407,0.09905286141152486,14.448450400000183,0.16834586114453248,0.18088964059963025,1000
Sipht_1000,NSGA-II,makespan_best,954031.4041522406,60426.129800343784,972797.5429345209,25087.611384621636,1.9290898623850055,1000
Sipht_1000,NSGA-II,latency_best,188917813.6884822,2358398.7527685966,185705800.05468142,2166292.8408489823,-1.729624832856589,1000
Sipht_1000,NSGA-II,cost_best,2883260.5142930746,98878.30388815516,2863011.0356153804,66671.37726753906,-0.707279099723825,1000
Sipht_1000,NSGA-II,energy_best,8676951714.916521,88404821.85527644,8617652597.281523,73332822.67373602,-0.6881121856049813,1000
Sipht_1000,MOEA/D,hv,0.5761746958867903,0.025016226196659934,0.4565813495191732,0.02193776852161476,26.193217592781902,1000
Sipht_1000,MOEA/D,igd,0.0970693584267005,0.0007436198467817733,0.2311997745751527,0.007572652026427814,58.01494244314343,1000
Sipht_1000,MOEA/D,spacing,0.06047113129478848,0.02437587146365584,0.09274097450867566,0.04282572637799108,34.79566975098846,1000
Sipht_1000,MOEA/D,epsilon,0.2481418384440889,0.03673141536184586,0.30484631604588164,0.059695799548345946,18.601004708634328,1000
Sipht_1000,MOEA/D,coverage,0.0,0.0,0.02403846153846154,0.03399551832627632,-100.0,1000
Sipht_1000,MOEA/D,time,14.422314649999407,0.09905286141152486,16.46130785000014,0.12087757079214695,12.38658081472375,1000
Sipht_1000,MOEA/D,makespan_best,954031.4041522406,60426.129800343784,1161005.9760733126,211676.522241362,17.827175413953462,1000
Sipht_1000,MOEA/D,latency_best,188917813.6884822,2358398.7527685966,190036670.70649076,3558799.158462406,0.5887584821650662,1000
Sipht_1000,MOEA/D,cost_best,2883260.5142930746,98878.30388815516,3196393.51655692,134495.22468329367,9.796447172159981,1000
Sipht_1000,MOEA/D,energy_best,8676951714.916521,88404821.85527644,8080553091.30383,1169268.8133139592,-7.3806658637578435,1000
Sipht_1000,QL-NSGA-III,hv,0.5761746958867903,0.025016226196659934,0.5889572034256436,0.033858548234560484,-2.170362713029819,1000
Sipht_1000,QL-NSGA-III,igd,0.0970693584267005,0.0007436198467817733,0.09868902148397529,0.006251769281371417,1.6411785555476233,1000
Sipht_1000,QL-NSGA-III,spacing,0.06047113129478848,0.02437587146365584,0.0558532080587681,0.005693252397739735,-8.267964180609741,1000
Sipht_1000,QL-NSGA-III,epsilon,0.2481418384440889,0.03673141536184586,0.2611528970554077,0.02606780677784869,4.9821613154681055,1000
Sipht_1000,QL-NSGA-III,coverage,0.26216216216216215,0.08791057279616538,0.2199367088607595,0.04251591405868481,19.198911141357176,1000
Sipht_1000,QL-NSGA-III,time,14.422314649999407,0.09905286141152486,14.561656250000397,0.1672168237477,0.9569076319940287,1000
Sipht_1000,QL-NSGA-III,makespan_best,954031.4041522406,60426.129800343784,910273.3261402128,45516.733823984185,-4.807136137622861,1000
Sipht_1000,QL-NSGA-III,latency_best,188917813.6884822,2358398.7527685966,189013223.26154327,1324064.3951246922,0.05047772394688899,1000
Sipht_1000,QL-NSGA-III,cost_best,2883260.5142930746,98878.30388815516,2928296.9732684596,73432.40835969396,1.5379744399734454,1000
Sipht_1000,QL-NSGA-III,energy_best,8676951714.916521,88404821.85527644,8708266607.287289,62739749.92935514,0.3595996055582696,1000
Montage_3000_wfcommons,NSGA-III,hv,0.5437323808205474,0.0,0.4889472316555848,0.0,11.20471609573472,3000
Montage_3000_wfcommons,NSGA-III,igd,0.08482124928538716,0.0,0.11430227488563455,0.0,25.7921599808444,3000
Montage_3000_wfcommons,NSGA-III,spacing,0.09558821061091329,0.0,0.08155751228717806,0.0,-17.203440774812652,3000
Montage_3000_wfcommons,NSGA-III,epsilon,0.18215263567221185,0.0,0.23638223289781796,0.0,22.941486151815894,3000
Montage_3000_wfcommons,NSGA-III,coverage,0.38596491228070173,0.0,0.18309859154929578,0.0,110.79622132253711,3000
Montage_3000_wfcommons,NSGA-III,time,14.580469800000174,0.0,15.032616599999528,0.0,3.007771780724913,3000
Montage_3000_wfcommons,NSGA-III,makespan_best,2016926.3164777178,0.0,2046093.6560537627,0.0,1.4255134162479621,3000
Montage_3000_wfcommons,NSGA-III,latency_best,1593774912.9338477,0.0,1629169886.5163257,0.0,2.1725772048342704,3000
Montage_3000_wfcommons,NSGA-III,cost_best,8897102.829438485,0.0,9152908.08309234,0.0,2.7947975805240417,3000
Montage_3000_wfcommons,NSGA-III,energy_best,22184085190.1053,0.0,22309832126.37455,0.0,0.5636390966859481,3000
Montage_3000_wfcommons,NSGA-II,hv,0.5437323808205474,0.0,0.4639782213212964,0.0,17.189203250129005,3000
Montage_3000_wfcommons,NSGA-II,igd,0.08482124928538716,0.0,0.11286525433419398,0.0,24.84733252429355,3000
Montage_3000_wfcommons,NSGA-II,spacing,0.09558821061091329,0.0,0.10488294716338308,0.0,8.862009319771275,3000
Montage_3000_wfcommons,NSGA-II,epsilon,0.18215263567221185,0.0,0.24106233313951742,0.0,24.437537254404216,3000
Montage_3000_wfcommons,NSGA-II,coverage,0.5084745762711864,0.0,0.07042253521126761,0.0,622.0338983050847,3000
Montage_3000_wfcommons,NSGA-II,time,14.580469800000174,0.0,14.657893999999942,0.0,0.5282082132656217,3000
Montage_3000_wfcommons,NSGA-II,makespan_best,2016926.3164777178,0.0,1942700.140512201,0.0,-3.8207736962404706,3000
Montage_3000_wfcommons,NSGA-II,latency_best,1593774912.9338477,0.0,1577396965.6896312,0.0,-1.0382895111666501,3000
Montage_3000_wfcommons,NSGA-II,cost_best,8897102.829438485,0.0,9018114.8385954,0.0,1.3418770033733838,3000
Montage_3000_wfcommons,NSGA-II,energy_best,22184085190.1053,0.0,22266950800.1053,0.0,0.37214619434829904,3000
Montage_3000_wfcommons,MOEA/D,hv,0.5437323808205474,0.0,0.2932950614444994,0.0,85.3874995857844,3000
Montage_3000_wfcommons,MOEA/D,igd,0.08482124928538716,0.0,0.3392663236324325,0.0,74.99862397858146,3000
Montage_3000_wfcommons,MOEA/D,spacing,0.09558821061091329,0.0,0.29876323721652537,0.0,68.00536387894446,3000
Montage_3000_wfcommons,MOEA/D,epsilon,0.18215263567221185,0.0,0.4957219344407669,0.0,63.25507849925954,3000
Montage_3000_wfcommons,MOEA/D,coverage,0.25,0.0,0.0,0.0,0.0,3000
Montage_3000_wfcommons,MOEA/D,time,14.580469800000174,0.0,19.119123299999956,0.0,23.738815994767883,3000
Montage_3000_wfcommons,MOEA/D,makespan_best,2016926.3164777178,0.0,2481494.0587311946,0.0,18.721291740307993,3000
Montage_3000_wfcommons,MOEA/D,latency_best,1593774912.9338477,0.0,1687701721.5015378,0.0,5.565367823653343,3000
Montage_3000_wfcommons,MOEA/D,cost_best,8897102.829438485,0.0,9392327.97389996,0.0,5.272656000063463,3000
Montage_3000_wfcommons,MOEA/D,energy_best,22184085190.1053,0.0,21839970391.91303,0.0,-1.5756193438782868,3000
Montage_3000_wfcommons,QL-NSGA-III,hv,0.5437323808205474,0.0,0.5175675497970759,0.0,5.055346115445235,3000
Montage_3000_wfcommons,QL-NSGA-III,igd,0.08482124928538716,0.0,0.11238829215248874,0.0,24.52839378473564,3000
Montage_3000_wfcommons,QL-NSGA-III,spacing,0.09558821061091329,0.0,0.09181418331027187,0.0,-4.110505767815491,3000
Montage_3000_wfcommons,QL-NSGA-III,epsilon,0.18215263567221185,0.0,0.23323640912061752,0.0,21.902143683745297,3000
Montage_3000_wfcommons,QL-NSGA-III,coverage,0.22807017543859648,0.0,0.2112676056338028,0.0,7.953216374269003,3000
Montage_3000_wfcommons,QL-NSGA-III,time,14.580469800000174,0.0,14.674992100000054,0.0,0.6441046056841158,3000
Montage_3000_wfcommons,QL-NSGA-III,makespan_best,2016926.3164777178,0.0,1986254.3915299957,0.0,-1.5442092955724458,3000
Montage_3000_wfcommons,QL-NSGA-III,latency_best,1593774912.9338477,0.0,1648706677.548447,0.0,3.3318094335785857,3000
Montage_3000_wfcommons,QL-NSGA-III,cost_best,8897102.829438485,0.0,9238136.966746146,0.0,3.691589965977519,3000
Montage_3000_wfcommons,QL-NSGA-III,energy_best,22184085190.1053,0.0,22303579108.970722,0.0,0.5357611811162616,3000
Epigenomics_3000_wfcommons,NSGA-III,hv,0.663163553205889,0.0,0.660920644690218,0.0,0.3393612430917896,3000
Epigenomics_3000_wfcommons,NSGA-III,igd,0.12248936830664403,0.0,0.1408132500686869,0.0,13.012895983229352,3000
Epigenomics_3000_wfcommons,NSGA-III,spacing,0.09005827334884668,0.0,0.051664230205979475,0.0,-74.31455571832673,3000
Epigenomics_3000_wfcommons,NSGA-III,epsilon,0.14080509266803332,0.0,0.1518377586413495,0.0,7.266088535577002,3000
Epigenomics_3000_wfcommons,NSGA-III,coverage,0.24,0.0,0.45454545454545453,0.0,-47.199999999999996,3000
Epigenomics_3000_wfcommons,NSGA-III,time,14.318172100000083,0.0,14.577635900000132,0.0,1.7798757067327104,3000
Epigenomics_3000_wfcommons,NSGA-III,makespan_best,363687.05365262594,0.0,351021.26050747826,0.0,-3.60826951815867,3000
Epigenomics_3000_wfcommons,NSGA-III,latency_best,143168263.81911412,0.0,148220058.999267,0.0,3.4083073601919667,3000
Epigenomics_3000_wfcommons,NSGA-III,cost_best,1457075.6444292236,0.0,1460146.116053839,0.0,0.2102852304201968,3000
Epigenomics_3000_wfcommons,NSGA-III,energy_best,3621280498.6123075,0.0,3641559052.284617,0.0,0.5568646115895656,3000
Epigenomics_3000_wfcommons,NSGA-II,hv,0.663163553205889,0.0,0.6823853733695064,0.0,-2.816857001008568,3000
Epigenomics_3000_wfcommons,NSGA-II,igd,0.12248936830664403,0.0,0.12780721738126655,0.0,4.16083628419719,3000
Epigenomics_3000_wfcommons,NSGA-II,spacing,0.09005827334884668,0.0,0.07185242307263263,0.0,-25.337837608914743,3000
Epigenomics_3000_wfcommons,NSGA-II,epsilon,0.14080509266803332,0.0,0.1509949687301604,0.0,6.748487150149477,3000
Epigenomics_3000_wfcommons,NSGA-II,coverage,0.46551724137931033,0.0,0.16363636363636364,0.0,184.48275862068965,3000
Epigenomics_3000_wfcommons,NSGA-II,time,14.318172100000083,0.0,14.518950900000164,0.0,1.3828740201888678,3000
Epigenomics_3000_wfcommons,NSGA-II,makespan_best,363687.05365262594,0.0,366988.59846419515,0.0,0.8996314396103301,3000
Epigenomics_3000_wfcommons,NSGA-II,latency_best,143168263.81911412,0.0,153057778.2894288,0.0,6.461294931129754,3000
Epigenomics_3000_wfcommons,NSGA-II,cost_best,1457075.6444292236,0.0,1469355.5028999972,0.0,0.8357309341774257,3000
Epigenomics_3000_wfcommons,NSGA-II,energy_best,3621280498.6123075,0.0,3616349270.5699987,0.0,-0.13635928593621602,3000
Epigenomics_3000_wfcommons,MOEA/D,hv,0.663163553205889,0.0,0.45475595212548814,0.0,45.82844932679224,3000
Epigenomics_3000_wfcommons,MOEA/D,igd,0.12248936830664403,0.0,0.24367441652669883,0.0,49.732364171589936,3000
Epigenomics_3000_wfcommons,MOEA/D,spacing,0.09005827334884668,0.0,0.09715497964217294,0.0,7.304521414613861,3000
Epigenomics_3000_wfcommons,MOEA/D,epsilon,0.14080509266803332,0.0,0.3726830338991864,0.0,62.2185396542301,3000
Epigenomics_3000_wfcommons,MOEA/D,coverage,0.16,0.0,0.03636363636363636,0.0,340.00000000000006,3000
Epigenomics_3000_wfcommons,MOEA/D,time,14.318172100000083,0.0,17.89670490000026,0.0,19.995484196647414,3000
Epigenomics_3000_wfcommons,MOEA/D,makespan_best,363687.05365262594,0.0,419451.66971954005,0.0,13.29464634249764,3000
Epigenomics_3000_wfcommons,MOEA/D,latency_best,143168263.81911412,0.0,158260761.28271812,0.0,9.536474702432816,3000
Epigenomics_3000_wfcommons,MOEA/D,cost_best,1457075.6444292236,0.0,1523150.8911399918,0.0,4.338063096382699,3000
Epigenomics_3000_wfcommons,MOEA/D,energy_best,3621280498.6123075,0.0,3589146647.1915426,0.0,-0.8953061710618376,3000
Epigenomics_3000_wfcommons,QL-NSGA-III,hv,0.663163553205889,0.0,0.6989023465213935,0.0,-5.113560355518205,3000
Epigenomics_3000_wfcommons,QL-NSGA-III,igd,0.12248936830664403,0.0,0.1138618026657522,0.0,-7.577225583032915,3000
Epigenomics_3000_wfcommons,QL-NSGA-III,spacing,0.09005827334884668,0.0,0.07019320531227938,0.0,-28.300556938795573,3000
Epigenomics_3000_wfcommons,QL-NSGA-III,epsilon,0.14080509266803332,0.0,0.15157991968677964,0.0,7.108347227661234,3000
Epigenomics_3000_wfcommons,QL-NSGA-III,coverage,0.24074074074074073,0.0,0.36363636363636365,0.0,-33.796296296296305,3000
Epigenomics_3000_wfcommons,QL-NSGA-III,time,14.318172100000083,0.0,14.712495300000228,0.0,2.6801925299519946,3000
Epigenomics_3000_wfcommons,QL-NSGA-III,makespan_best,363687.05365262594,0.0,355648.64631499315,0.0,-2.260210300509138,3000
Epigenomics_3000_wfcommons,QL-NSGA-III,latency_best,143168263.81911412,0.0,148199735.47780347,0.0,3.395061160175239,3000
Epigenomics_3000_wfcommons,QL-NSGA-III,cost_best,1457075.6444292236,0.0,1438529.5147461426,0.0,-1.2892422083083848,3000
Epigenomics_3000_wfcommons,QL-NSGA-III,energy_best,3621280498.6123075,0.0,3638751506.9784527,0.0,0.48013744089528976,3000
Seismology_3000_wfcommons,NSGA-III,hv,0.5087445334280941,0.0,0.4421216981857321,0.0,15.068890650640324,3000
Seismology_3000_wfcommons,NSGA-III,igd,0.088803836929652,0.0,0.10601557001325232,0.0,16.235099317438735,3000
Seismology_3000_wfcommons,NSGA-III,spacing,0.054228338208430024,0.0,0.06798309391242922,0.0,20.2326121281227,3000
Seismology_3000_wfcommons,NSGA-III,epsilon,0.25035176229154693,0.0,0.3169414407904911,0.0,21.01008890880955,3000
Seismology_3000_wfcommons,NSGA-III,coverage,0.10344827586206896,0.0,0.09302325581395349,0.0,11.206896551724139,3000
Seismology_3000_wfcommons,NSGA-III,time,14.121238599999742,0.0,14.510600600000544,0.0,2.683293481324176,3000
Seismology_3000_wfcommons,NSGA-III,makespan_best,31032.44161030339,0.0,30830.099518945397,0.0,-0.6563134550819492,3000
Seismology_3000_wfcommons,NSGA-III,latency_best,38530923.401902564,0.0,38456336.525704674,0.0,-0.1939521102017471,3000
Seismology_3000_wfcommons,NSGA-III,cost_best,150765.4314184613,0.0,151757.2126169228,0.0,0.6535315069110034,3000
Seismology_3000_wfcommons,NSGA-III,energy_best,358933580.1707729,0.0,360118892.0161574,0.0,0.32914458854085815,3000
Seismology_3000_wfcommons,NSGA-II,hv,0.5087445334280941,0.0,0.4155171547131345,0.0,22.436469266671338,3000
Seismology_3000_wfcommons,NSGA-II,igd,0.088803836929652,0.0,0.10928141165911459,0.0,18.73838781781024,3000
Seismology_3000_wfcommons,NSGA-II,spacing,0.054228338208430024,0.0,0.0663501427777918,0.0,18.269447603086537,3000
Seismology_3000_wfcommons,NSGA-II,epsilon,0.25035176229154693,0.0,0.31167534306993244,0.0,19.675467483042436,3000
Seismology_3000_wfcommons,NSGA-II,coverage,0.31666666666666665,0.0,0.03488372093023256,0.0,807.7777777777777,3000
Seismology_3000_wfcommons,NSGA-II,time,14.121238599999742,0.0,14.4564677999997,0.0,2.3188873287565093,3000
Seismology_3000_wfcommons,NSGA-II,makespan_best,31032.44161030339,0.0,30642.824519287184,0.0,-1.2714790399657014,3000
Seismology_3000_wfcommons,NSGA-II,latency_best,38530923.401902564,0.0,38440197.01439437,0.0,-0.23601956949965067,3000
Seismology_3000_wfcommons,NSGA-II,cost_best,150765.4314184613,0.0,149564.40944769184,0.0,-0.8030132136412373,3000
Seismology_3000_wfcommons,NSGA-II,energy_best,358933580.1707729,0.0,360157695.92923427,0.0,0.33988327121624995,3000
Seismology_3000_wfcommons,MOEA/D,hv,0.5087445334280941,0.0,0.45269839138914925,0.0,12.38045972881896,3000
Seismology_3000_wfcommons,MOEA/D,igd,0.088803836929652,0.0,0.24628248086914448,0.0,63.94228423546069,3000
Seismology_3000_wfcommons,MOEA/D,spacing,0.054228338208430024,0.0,0.2560931690774357,0.0,78.82476193965454,3000
Seismology_3000_wfcommons,MOEA/D,epsilon,0.25035176229154693,0.0,0.2975268690804778,0.0,15.855746721204708,3000
Seismology_3000_wfcommons,MOEA/D,coverage,0.0,0.0,0.011627906976744186,0.0,-100.0,3000
Seismology_3000_wfcommons,MOEA/D,time,14.121238599999742,0.0,17.089521599999898,0.0,17.3690233669278,3000
Seismology_3000_wfcommons,MOEA/D,makespan_best,31032.44161030339,0.0,33953.92152539073,0.0,8.604248887430156,3000
Seismology_3000_wfcommons,MOEA/D,latency_best,38530923.401902564,0.0,38806801.79710973,0.0,0.7109021677424437,3000
Seismology_3000_wfcommons,MOEA/D,cost_best,150765.4314184613,0.0,151829.39649999983,0.0,0.7007635583525096,3000
Seismology_3000_wfcommons,MOEA/D,energy_best,358933580.1707729,0.0,354379006.58000296,0.0,-1.2852266940766783,3000
Seismology_3000_wfcommons,QL-NSGA-III,hv,0.5087445334280941,0.0,0.5062033395915856,0.0,0.5020104842766959,3000
Seismology_3000_wfcommons,QL-NSGA-III,igd,0.088803836929652,0.0,0.09448418396652514,0.0,6.0119554388971865,3000
Seismology_3000_wfcommons,QL-NSGA-III,spacing,0.054228338208430024,0.0,0.07783174465536297,0.0,30.32619473127352,3000
Seismology_3000_wfcommons,QL-NSGA-III,epsilon,0.25035176229154693,0.0,0.2879108523316108,0.0,13.04538878472144,3000
Seismology_3000_wfcommons,QL-NSGA-III,coverage,0.034482758620689655,0.0,0.26744186046511625,0.0,-87.10644677661169,3000
Seismology_3000_wfcommons,QL-NSGA-III,time,14.121238599999742,0.0,14.478754700000536,0.0,2.469246198368017,3000
Seismology_3000_wfcommons,QL-NSGA-III,makespan_best,31032.44161030339,0.0,30840.20349571057,0.0,-0.6233360769476014,3000
Seismology_3000_wfcommons,QL-NSGA-III,latency_best,38530923.401902564,0.0,38392193.54597374,0.0,-0.3613491262558302,3000
Seismology_3000_wfcommons,QL-NSGA-III,cost_best,150765.4314184613,0.0,151753.15070153837,0.0,0.6508723400542005,3000
Seismology_3000_wfcommons,QL-NSGA-III,energy_best,358933580.1707729,0.0,358940946.12846464,0.0,0.0020521363670481883,3000
Soykb_3000_wfcommons,NSGA-III,hv,0.4385132463730929,0.0,0.4441164498481012,0.0,-1.2616518656142428,3000
Soykb_3000_wfcommons,NSGA-III,igd,0.12399187367072217,0.0,0.11701934576695203,0.0,-5.9584403399897425,3000
Soykb_3000_wfcommons,NSGA-III,spacing,0.08984855302587488,0.0,0.06442553667536509,0.0,-39.46108587129705,3000
Soykb_3000_wfcommons,NSGA-III,epsilon,0.2697440957390546,0.0,0.2890563972210146,0.0,6.681153459196295,3000
Soykb_3000_wfcommons,NSGA-III,coverage,0.2413793103448276,0.0,0.2878787878787879,0.0,-16.152450090744104,3000
Soykb_3000_wfcommons,NSGA-III,time,14.540028399999755,0.0,14.820044100000814,0.0,1.889439046952925,3000
Soykb_3000_wfcommons,NSGA-III,makespan_best,3840574.9038797175,0.0,3826931.297359351,0.0,-0.3565155854713335,3000
Soykb_3000_wfcommons,NSGA-III,latency_best,3012243919.028312,0.0,2981010366.0286837,0.0,-1.047750566571764,3000
Soykb_3000_wfcommons,NSGA-III,cost_best,18065971.044180132,0.0,18220514.793878578,0.0,0.8481854187257443,3000
Soykb_3000_wfcommons,NSGA-III,energy_best,42844679735.93189,0.0,43011262312.84955,0.0,0.3872999023046335,3000
Soykb_3000_wfcommons,NSGA-II,hv,0.4385132463730929,0.0,0.3628038791959779,0.0,20.867849413544622,3000
Soykb_3000_wfcommons,NSGA-II,igd,0.12399187367072217,0.0,0.17086419995863222,0.0,27.43250271224649,3000
Soykb_3000_wfcommons,NSGA-II,spacing,0.08984855302587488,0.0,0.08993024744730693,0.0,0.09084198448349275,3000
Soykb_3000_wfcommons,NSGA-II,epsilon,0.2697440957390546,0.0,0.3565600719136493,0.0,24.348204696239666,3000
Soykb_3000_wfcommons,NSGA-II,coverage,0.5689655172413793,0.0,0.045454545454545456,0.0,1151.7241379310344,3000
Soykb_3000_wfcommons,NSGA-II,time,14.540028399999755,0.0,15.022493000000395,0.0,3.2116147433094286,3000
Soykb_3000_wfcommons,NSGA-II,makespan_best,3840574.9038797175,0.0,3898020.8664951655,0.0,1.4737212699197155,3000
Soykb_3000_wfcommons,NSGA-II,latency_best,3012243919.028312,0.0,2965908580.059654,0.0,-1.5622645714766439,3000
Soykb_3000_wfcommons,NSGA-II,cost_best,18065971.044180132,0.0,18051177.150541697,0.0,-0.08195528477206154,3000
Soykb_3000_wfcommons,NSGA-II,energy_best,42844679735.93189,0.0,43075917372.33567,0.0,0.5368141887844834,3000
Soykb_3000_wfcommons,MOEA/D,hv,0.4385132463730929,0.0,0.3971843800286024,0.0,10.405461146662994,3000
Soykb_3000_wfcommons,MOEA/D,igd,0.12399187367072217,0.0,0.3319344126081294,0.0,62.64567066232364,3000
Soykb_3000_wfcommons,MOEA/D,spacing,0.08984855302587488,0.0,0.07034580995713353,0.0,-27.724100526563973,3000
Soykb_3000_wfcommons,MOEA/D,epsilon,0.2697440957390546,0.0,0.4511906487007572,0.0,40.21505177117339,3000
Soykb_3000_wfcommons,MOEA/D,coverage,0.0,0.0,0.21212121212121213,0.0,-100.0,3000
Soykb_3000_wfcommons,MOEA/D,time,14.540028399999755,0.0,20.202770599999894,0.0,28.029532741416013,3000
Soykb_3000_wfcommons,MOEA/D,makespan_best,3840574.9038797175,0.0,4279288.800067527,0.0,10.252028238451372,3000
Soykb_3000_wfcommons,MOEA/D,latency_best,3012243919.028312,0.0,3013311438.371815,0.0,0.03542678429813455,3000
Soykb_3000_wfcommons,MOEA/D,cost_best,18065971.044180132,0.0,17890575.569144785,0.0,-0.9803791630820705,3000
Soykb_3000_wfcommons,MOEA/D,energy_best,42844679735.93189,0.0,42434301893.788765,0.0,-0.9670898867861325,3000
Soykb_3000_wfcommons,QL-NSGA-III,hv,0.4385132463730929,0.0,0.4782058167153009,0.0,-8.300311070000824,3000
Soykb_3000_wfcommons,QL-NSGA-III,igd,0.12399187367072217,0.0,0.12308771393600085,0.0,-0.7345653809050696,3000
Soykb_3000_wfcommons,QL-NSGA-III,spacing,0.08984855302587488,0.0,0.10917879605090398,0.0,17.705125650970256,3000
Soykb_3000_wfcommons,QL-NSGA-III,epsilon,0.2697440957390546,0.0,0.3135118569257518,0.0,13.960480351804552,3000
Soykb_3000_wfcommons,QL-NSGA-III,coverage,0.20754716981132076,0.0,0.4393939393939394,0.0,-52.765126870527,3000
Soykb_3000_wfcommons,QL-NSGA-III,time,14.540028399999755,0.0,15.010632900000019,0.0,3.1351409573160813,3000
Soykb_3000_wfcommons,QL-NSGA-III,makespan_best,3840574.9038797175,0.0,3907184.354597142,0.0,1.7047941605072385,3000
Soykb_3000_wfcommons,QL-NSGA-III,latency_best,3012243919.028312,0.0,2983757284.1230736,0.0,-0.954723598223602,3000
Soykb_3000_wfcommons,QL-NSGA-III,cost_best,18065971.044180132,0.0,18343211.14552937,0.0,1.511404405421172,3000
Soykb_3000_wfcommons,QL-NSGA-III,energy_best,42844679735.93189,0.0,42940904798.36184,0.0,0.22408717953613733,3000
Srasearch_3000_wfcommons,NSGA-III,hv,0.647899018780169,0.0,0.5956459646949176,0.0,8.772501986480298,3000
Srasearch_3000_wfcommons,NSGA-III,igd,0.09233698678417541,0.0,0.10894382829154253,0.0,15.243489941372228,3000
Srasearch_3000_wfcommons,NSGA-III,spacing,0.07458825283912306,0.0,0.07879880909158177,0.0,5.343426253517495,3000
Srasearch_3000_wfcommons,NSGA-III,epsilon,0.1604510985519028,0.0,0.2617260244443174,0.0,38.69501556348326,3000
Srasearch_3000_wfcommons,NSGA-III,coverage,0.5178571428571429,0.0,0.11764705882352941,0.0,340.17857142857144,3000
Srasearch_3000_wfcommons,NSGA-III,time,14.819739100000334,0.0,14.765120899999602,0.0,-0.369913665933704,3000
Srasearch_3000_wfcommons,NSGA-III,makespan_best,12352545.476478247,0.0,12623857.84883958,0.0,2.1492033228675176,3000
Srasearch_3000_wfcommons,NSGA-III,latency_best,15104667651.378584,0.0,15320927842.911598,0.0,1.4115345607679337,3000
Srasearch_3000_wfcommons,NSGA-III,cost_best,61380614.41152493,0.0,61149789.16984786,0.0,-0.3774751226630312,3000
Srasearch_3000_wfcommons,NSGA-III,energy_best,146703138765.3719,0.0,146668267884.01202,0.0,-0.02377534136248191,3000
Srasearch_3000_wfcommons,NSGA-II,hv,0.647899018780169,0.0,0.46948231777549976,0.0,38.002858520858226,3000
Srasearch_3000_wfcommons,NSGA-II,igd,0.09233698678417541,0.0,0.15507267462568752,0.0,40.45566892616171,3000
Srasearch_3000_wfcommons,NSGA-II,spacing,0.07458825283912306,0.0,0.06941076648801008,0.0,-7.459197777346736,3000
Srasearch_3000_wfcommons,NSGA-II,epsilon,0.1604510985519028,0.0,0.276025608134474,0.0,41.870937397325,3000
Srasearch_3000_wfcommons,NSGA-II,coverage,0.7627118644067796,0.0,0.10294117647058823,0.0,640.9200968523003,3000
Srasearch_3000_wfcommons,NSGA-II,time,14.819739100000334,0.0,14.566668899999968,0.0,-1.7373237610993293,3000
Srasearch_3000_wfcommons,NSGA-II,makespan_best,12352545.476478247,0.0,12737032.504686747,0.0,3.018654683239782,3000
Srasearch_3000_wfcommons,NSGA-II,latency_best,15104667651.378584,0.0,15378192340.482115,0.0,1.7786530630358584,3000
Srasearch_3000_wfcommons,NSGA-II,cost_best,61380614.41152493,0.0,60719005.45961714,0.0,-1.0896241578723034,3000
Srasearch_3000_wfcommons,NSGA-II,energy_best,146703138765.3719,0.0,147610595362.28375,0.0,0.6147638620958581,3000
Srasearch_3000_wfcommons,MOEA/D,hv,0.647899018780169,0.0,0.6591031353809516,0.0,-1.6999033989281158,3000
Srasearch_3000_wfcommons,MOEA/D,igd,0.09233698678417541,0.0,0.178037781203741,0.0,48.13629659959209,3000
Srasearch_3000_wfcommons,MOEA/D,spacing,0.07458825283912306,0.0,0.1076833453322024,0.0,30.73371503363051,3000
Srasearch_3000_wfcommons,MOEA/D,epsilon,0.1604510985519028,0.0,0.23056106407149277,0.0,30.40841514239809,3000
Srasearch_3000_wfcommons,MOEA/D,coverage,0.07142857142857142,0.0,0.4411764705882353,0.0,-83.80952380952381,3000
Srasearch_3000_wfcommons,MOEA/D,time,14.819739100000334,0.0,17.7375777999996,0.0,16.450040320608665,3000
Srasearch_3000_wfcommons,MOEA/D,makespan_best,12352545.476478247,0.0,13294197.627538873,0.0,7.083181531091411,3000
Srasearch_3000_wfcommons,MOEA/D,latency_best,15104667651.378584,0.0,15679128168.901266,0.0,3.6638549754449654,3000
Srasearch_3000_wfcommons,MOEA/D,cost_best,61380614.41152493,0.0,61524064.32010809,0.0,0.23316065050058804,3000
Srasearch_3000_wfcommons,MOEA/D,energy_best,146703138765.3719,0.0,145443324569.41672,0.0,-0.8661890806503737,3000
Srasearch_3000_wfcommons,QL-NSGA-III,hv,0.647899018780169,0.0,0.5948047299481333,0.0,8.926339378078838,3000
Srasearch_3000_wfcommons,QL-NSGA-III,igd,0.09233698678417541,0.0,0.10328645452546868,0.0,10.601068447550704,3000
Srasearch_3000_wfcommons,QL-NSGA-III,spacing,0.07458825283912306,0.0,0.10309258390134333,0.0,27.64925466365079,3000
Srasearch_3000_wfcommons,QL-NSGA-III,epsilon,0.1604510985519028,0.0,0.19598088007676556,0.0,18.12920806914725,3000
Srasearch_3000_wfcommons,QL-NSGA-III,coverage,0.5490196078431373,0.0,0.39705882352941174,0.0,38.27160493827162,3000
Srasearch_3000_wfcommons,QL-NSGA-III,time,14.819739100000334,0.0,14.602072300000145,0.0,-1.490656911760299,3000
Srasearch_3000_wfcommons,QL-NSGA-III,makespan_best,12352545.476478247,0.0,12655687.75511585,0.0,2.395304660665816,3000
Srasearch_3000_wfcommons,QL-NSGA-III,latency_best,15104667651.378584,0.0,15258788196.203012,0.0,1.010044459905275,3000
Srasearch_3000_wfcommons,QL-NSGA-III,cost_best,61380614.41152493,0.0,61501127.63667416,0.0,0.1959528707525114,3000
Srasearch_3000_wfcommons,QL-NSGA-III,energy_best,146703138765.3719,0.0,146982108018.60968,0.0,0.1897981033191279,3000
Montage_25,OVEA-style,hv,0.7243472181484978,0.026545740289751645,0.5228609930282588,0.01193824896578845,38.535333063055496,small
Montage_25,OVEA-style,igd,0.060841364301722434,0.006961829158208332,0.25598985896108084,0.02846665395092115,76.23290057323231,small
Montage_25,OVEA-style,spacing,0.07633947916806236,0.0019552471821287724,0.09801989303207786,0.03804736546980161,22.118381476829814,small
Montage_25,OVEA-style,epsilon,0.1501583739876266,0.03378419862009671,0.3121867191250046,0.016455426014815575,51.90110123566763,small
Montage_25,OVEA-style,coverage,0.047619047619047616,0.06734350297014738,0.06353695324283559,0.06265840632686225,-25.052988554472233,small
Montage_25,OVEA-style,time,2.927540399999998,0.020571150478755334,2.521809849999954,0.08100579929920866,-16.08886371825581,small
Montage_25,OVEA-style,makespan_best,2282.780248461538,0.0,3163.908514478665,37.00207989969979,27.849359802437757,small
Montage_25,OVEA-style,latency_best,11159.997890769233,0.0,14752.179715084134,370.8854337478128,24.350176676887198,small
Montage_25,OVEA-style,cost_best,1399.7036861538459,350.8099294193548,2917.874452307692,93.09839026922849,52.03002359999257,small
Montage_25,OVEA-style,energy_best,9697835.146538462,75735.04112629611,10185479.458076924,167050.1864190437,4.787642187543438,small
Montage_25,QMOEA/D-AWA-style,hv,0.7243472181484978,0.026545740289751645,0.21128668424080777,0.13757220049765131,242.82672415027554,small
Montage_25,QMOEA/D-AWA-style,igd,0.060841364301722434,0.006961829158208332,0.5998448308065414,0.1270413491375624,89.85714951983229,small
Montage_25,QMOEA/D-AWA-style,spacing,0.07633947916806236,0.0019552471821287724,0.16639129206181216,0.14460301550058735,54.12050821763963,small
Montage_25,QMOEA/D-AWA-style,epsilon,0.1501583739876266,0.03378419862009671,0.6929342392585357,0.10014455425665005,78.33006864427693,small
Montage_25,QMOEA/D-AWA-style,coverage,0.0,0.0,0.004901960784313725,0.006932419423397525,-100.0,small
Montage_25,QMOEA/D-AWA-style,time,2.927540399999998,0.020571150478755334,2.5717063499996584,0.006226853024933363,-13.836496145852223,small
Montage_25,QMOEA/D-AWA-style,makespan_best,2282.780248461538,0.0,4150.703368790565,997.8385615563839,45.002568344779206,small
Montage_25,QMOEA/D-AWA-style,latency_best,11159.997890769233,0.0,17598.75692268179,2096.5591115626753,36.58644221407534,small
Montage_25,QMOEA/D-AWA-style,cost_best,1399.7036861538459,350.8099294193548,5071.995603076922,566.5788772122553,72.40329456703951,small
Montage_25,QMOEA/D-AWA-style,energy_best,9697835.146538462,75735.04112629611,9219160.25,7038.296132199047,-5.192174596796519,small
Montage_50,OVEA-style,hv,0.5491598178612868,0.01668532825430378,0.43178386881738495,0.09317013028677733,27.183958809156856,small
Montage_50,OVEA-style,igd,0.1384820206986568,0.004612255722550331,0.23921502711156728,0.007709105748165359,42.109815436439824,small
Montage_50,OVEA-style,spacing,0.06538647039479027,0.005602916808059854,0.06852073495040126,0.06115837296029511,4.5741840887721406,small
Montage_50,OVEA-style,epsilon,0.28040509199427954,0.0296713117371989,0.47611065413646864,0.10616806215774084,41.10505833925186,small
Montage_50,OVEA-style,coverage,0.0719207579672696,0.003045248842319324,0.3559082892416226,0.24742501831994893,-79.79233410929541,small
Montage_50,OVEA-style,time,2.7833800500002326,0.004854783027064047,2.5730423999993945,0.019648517550613042,-8.17466707897575,small
Montage_50,OVEA-style,makespan_best,4545.428973021334,22.93363238781804,4528.148684645434,47.005196531101504,-0.3816192792983243,small
Montage_50,OVEA-style,latency_best,33460.55898427584,0.0,37436.03149897235,610.3013879088896,10.619374852288061,small
Montage_50,OVEA-style,cost_best,6125.704410769229,1524.6407465647142,9429.908966923074,977.2078395861215,35.039623051970864,small
Montage_50,OVEA-style,energy_best,24100917.10769231,275706.3732675669,24798542.096923083,280639.4384551262,2.8131693649738114,small
Montage_50,QMOEA/D-AWA-style,hv,0.5491598178612868,0.01668532825430378,0.20917420418163465,0.03224714573604021,162.5370657007154,small
Montage_50,QMOEA/D-AWA-style,igd,0.1384820206986568,0.004612255722550331,0.39384958985896934,0.002309560653898389,64.83885618663592,small
Montage_50,QMOEA/D-AWA-style,spacing,0.06538647039479027,0.005602916808059854,0.20404202292190698,0.026332794212812,67.95440985222164,small
Montage_50,QMOEA/D-AWA-style,epsilon,0.28040509199427954,0.0296713117371989,0.6262846707989942,0.07363061860051236,55.22721454501711,small
Montage_50,QMOEA/D-AWA-style,coverage,0.0,0.0,0.0,0.0,0.0,small
Montage_50,QMOEA/D-AWA-style,time,2.7833800500002326,0.004854783027064047,2.7331783499994344,0.003946433657907537,-1.8367517070669224,small
Montage_50,QMOEA/D-AWA-style,makespan_best,4545.428973021334,22.93363238781804,6508.003951619592,167.63325109236752,30.156327396049733,small
Montage_50,QMOEA/D-AWA-style,latency_best,33460.55898427584,0.0,50059.406350973564,925.5419989775927,33.15829846307178,small
Montage_50,QMOEA/D-AWA-style,cost_best,6125.704410769229,1524.6407465647142,10812.162946153843,677.7218710377516,43.344320268977306,small
Montage_50,QMOEA/D-AWA-style,energy_best,24100917.10769231,275706.3732675669,21535029.38461539,56061.601325641765,-11.91494878994679,small
CyberShake_30,OVEA-style,hv,0.8505347391231661,0.028001441393949115,0.6516590154654243,0.026171030119149265,30.518372175930374,small
CyberShake_30,OVEA-style,igd,0.07501659023747062,0.011987422384357429,0.2540367628376902,0.014131551988262235,70.47018337050673,small
CyberShake_30,OVEA-style,spacing,0.07395726241824195,0.007035605982222317,0.07151861958193738,0.021969694614261494,-3.4098013224523585,small
CyberShake_30,OVEA-style,epsilon,0.11347428818937144,0.023894091265161444,0.4428057555913424,0.013465844656176826,74.37380007903627,small
CyberShake_30,OVEA-style,coverage,0.034523809523809526,0.0016835875742536835,0.1815315315315315,0.16753971482167748,-80.98192130450195,small
CyberShake_30,OVEA-style,time,2.7615954000002603,0.045197982610223064,2.687240300000667,0.18091440133801073,-2.766968774603997,small
CyberShake_30,OVEA-style,makespan_best,10806.649,0.0,12473.433893846153,442.6330711022761,13.362678698032566,small
CyberShake_30,OVEA-style,latency_best,47939.97545463942,0.0,51836.02699010816,1284.8388451043454,7.516107544685526,small
CyberShake_30,OVEA-style,cost_best,2362.520749230769,1226.8395121396443,12766.945364615385,342.7825225309243,81.49501950733897,small
CyberShake_30,OVEA-style,energy_best,32051480.3576923,558076.5480374515,32752450.711538456,936959.8633535584,2.1402073390471763,small
CyberShake_30,QMOEA/D-AWA-style,hv,0.8505347391231661,0.028001441393949115,0.27232487411749373,0.059613980540483925,212.3235590870798,small
CyberShake_30,QMOEA/D-AWA-style,igd,0.07501659023747062,0.011987422384357429,0.4339511796217719,0.07335165357273866,82.7131267847101,small
CyberShake_30,QMOEA/D-AWA-style,spacing,0.07395726241824195,0.007035605982222317,0.11772111301723637,0.011350281352087769,37.17587226055758,small
CyberShake_30,QMOEA/D-AWA-style,epsilon,0.11347428818937144,0.023894091265161444,0.728470571924464,0.04172500935275433,84.42294135649206,small
CyberShake_30,QMOEA/D-AWA-style,coverage,0.03333333333333333,0.04714045207910317,0.0,0.0,0.0,small
CyberShake_30,QMOEA/D-AWA-style,time,2.7615954000002603,0.045197982610223064,2.6728706000003513,0.07720828233147077,-3.319457365421931,small
CyberShake_30,QMOEA/D-AWA-style,makespan_best,10806.649,0.0,16073.750680000001,896.9161593915251,32.76834252850313,small
CyberShake_30,QMOEA/D-AWA-style,latency_best,47939.97545463942,0.0,78160.14897501054,4709.142185621133,38.664426714479724,small
CyberShake_30,QMOEA/D-AWA-style,cost_best,2362.520749230769,1226.8395121396443,20038.74366923076,1062.1393847732304,88.2102351912491,small
CyberShake_30,QMOEA/D-AWA-style,energy_best,32051480.3576923,558076.5480374515,30743635.999999993,5311.4597832984255,-4.254032794599536,small
CyberShake_100,OVEA-style,hv,0.8174478804519003,0.02889515704882261,0.5552395415225355,0.0024470003228263862,47.224363418058644,small
CyberShake_100,OVEA-style,igd,0.18702392666471446,0.032138462211444604,0.25587645481137244,0.023843822603773,26.90850480846893,small
CyberShake_100,OVEA-style,spacing,0.06008603149124428,0.010414580901802134,0.06188807684378567,0.01689713941636606,2.9117811450014948,small
CyberShake_100,OVEA-style,epsilon,0.26093331311155277,0.03863961096296356,0.3597735386645242,0.038011891406355885,27.472900291629387,small
CyberShake_100,OVEA-style,coverage,0.12037037037037036,0.09166199015381171,0.14083139083139082,0.07224906117018724,-14.528735632183903,small
CyberShake_100,OVEA-style,time,2.8234385000005204,0.00888522096968919,2.7334239000001617,0.15146764654170175,-3.293107958862635,small
CyberShake_100,OVEA-style,makespan_best,19767.723230769232,0.0,21068.215762199517,300.44442692254313,6.172770139195282,small
CyberShake_100,OVEA-style,latency_best,437841.6061786659,7436.7358775249995,438835.90394899494,10841.437119965294,0.2265762125162434,small
CyberShake_100,OVEA-style,cost_best,41257.002550000005,1203.6772254302293,58095.23166230768,1868.969954218134,28.983840205998103,small
CyberShake_100,OVEA-style,energy_best,148477550.1892307,2023028.1430212173,151783184.255,2052282.0920988696,2.1778658037742358,small
CyberShake_100,QMOEA/D-AWA-style,hv,0.8174478804519003,0.02889515704882261,0.316589888359355,0.12101016601724411,158.20403951879575,small
CyberShake_100,QMOEA/D-AWA-style,igd,0.18702392666471446,0.032138462211444604,0.3369195332949422,0.044104486995282466,44.490031540856926,small
CyberShake_100,QMOEA/D-AWA-style,spacing,0.06008603149124428,0.010414580901802134,0.21673885285766237,0.016165873281712605,72.27722178141073,small
CyberShake_100,QMOEA/D-AWA-style,epsilon,0.26093331311155277,0.03863961096296356,0.5416617602554876,0.1741902435898056,51.82725969275044,small
CyberShake_100,QMOEA/D-AWA-style,coverage,0.06118881118881119,0.02225161199538087,0.0,0.0,0.0,small
CyberShake_100,QMOEA/D-AWA-style,time,2.8234385000005204,0.00888522096968919,3.073935650000749,0.13214913572542916,8.14906941855362,small
CyberShake_100,QMOEA/D-AWA-style,makespan_best,19767.723230769232,0.0,33744.62615246694,655.9725977596948,41.41964074085885,small
CyberShake_100,QMOEA/D-AWA-style,latency_best,437841.6061786659,7436.7358775249995,664499.6150244924,23030.72780352591,34.109577149637964,small
CyberShake_100,QMOEA/D-AWA-style,cost_best,41257.002550000005,1203.6772254302293,67038.31785461536,8564.591751223648,38.457580872668636,small
CyberShake_100,QMOEA/D-AWA-style,energy_best,148477550.1892307,2023028.1430212173,136280365.5003846,2070868.8724992063,-8.950067490691966,small
Epigenomics_24,OVEA-style,hv,0.9672487851374104,0.03561376941524776,0.639044670495649,0.01439551741276079,51.358555949962515,small
Epigenomics_24,OVEA-style,igd,0.04403794776959427,0.008458293996461995,0.30800359083970197,0.01933782545899169,85.70213170257699,small
Epigenomics_24,OVEA-style,spacing,0.07874965141092846,0.002075175411029405,0.05551698882162709,0.015433054550066785,-41.84784348435501,small
Epigenomics_24,OVEA-style,epsilon,0.09076478484849224,0.04299407219746244,0.33570756136544944,0.06911347120883561,72.96313956131415,small
Epigenomics_24,OVEA-style,coverage,0.0,0.0,0.0078125,0.011048543456039806,-100.0,small
Epigenomics_24,OVEA-style,time,3.3056808999999703,0.6693576028298522,2.664300000001276,0.09468739627612804,-24.073148669383585,small
Epigenomics_24,OVEA-style,makespan_best,261643.782125,0.0,371311.76109158807,66035.7335746462,29.535282869625362,small
Epigenomics_24,OVEA-style,latency_best,830721.106,0.0,1122906.318906199,134366.28489167563,26.02044426918987,small
Epigenomics_24,OVEA-style,cost_best,59972.54978538462,45422.03616843356,28020.922862307696,298.66207601119714,-114.0277466237795,small
Epigenomics_24,OVEA-style,energy_best,716608769.7076924,212009.1283189047,731233796.5346154,21385014.17980096,2.0000479868726484,small
Epigenomics_24,QMOEA/D-AWA-style,hv,0.9672487851374104,0.03561376941524776,0.46464579484544544,0.006494011433031027,108.16906036116075,small
Epigenomics_24,QMOEA/D-AWA-style,igd,0.04403794776959427,0.008458293996461995,0.3265649421487747,0.03135721425466035,86.51479626691474,small
Epigenomics_24,QMOEA/D-AWA-style,spacing,0.07874965141092846,0.002075175411029405,0.18181130373332172,0.14338774838105195,56.68605318047917,small
Epigenomics_24,QMOEA/D-AWA-style,epsilon,0.09076478484849224,0.04299407219746244,0.4683916972693642,0.06646124551659266,80.62203378547615,small
Epigenomics_24,QMOEA/D-AWA-style,coverage,0.08333333333333333,0.11785113019775792,0.003937007874015748,0.005567769930602736,2016.6666666666665,small
Epigenomics_24,QMOEA/D-AWA-style,time,3.3056808999999703,0.6693576028298522,2.792503449999458,0.10086574177694307,-18.376967448352186,small
Epigenomics_24,QMOEA/D-AWA-style,makespan_best,261643.782125,0.0,403725.94508907007,17843.424162532112,35.19272533567885,small
Epigenomics_24,QMOEA/D-AWA-style,latency_best,830721.106,0.0,1160717.2095424205,36081.667970012575,28.43036192015383,small
Epigenomics_24,QMOEA/D-AWA-style,cost_best,59972.54978538462,45422.03616843356,361634.4973976923,47367.21316244974,83.41625309063578,small
Epigenomics_24,QMOEA/D-AWA-style,energy_best,716608769.7076924,212009.1283189047,716068933.1846154,15520.72188287217,-0.07538890434418995,small
CyberShake_1000,OVEA-style,hv,0.5388316062631316,0.005227060793770046,0.32406309355604007,0.0589259892844989,66.27367231188632,1000
CyberShake_1000,OVEA-style,igd,0.096134750900248,0.0016729290168877094,0.18783218852343148,0.02404473021422848,48.81880914236619,1000
CyberShake_1000,OVEA-style,spacing,0.06478016280093304,0.004323188957248813,0.07546715598150645,0.029508682832701225,14.161118226308014,1000
CyberShake_1000,OVEA-style,epsilon,0.23283515285412593,0.016316819705439314,0.4102441195846511,0.050381283745754665,43.244731188381614,1000
CyberShake_1000,OVEA-style,coverage,0.12860520094562647,0.11902128326355126,0.029292929292929294,0.015713484026367727,339.03154805575934,1000
CyberShake_1000,OVEA-style,time,14.536138000000392,1.273452643869965,20.4704691500001,9.627067977734663,28.989717365611416,1000
CyberShake_1000,OVEA-style,makespan_best,110796.78900000002,764.2250715824782,103065.1596431235,708.4540134492793,-7.501690565122391,1000
CyberShake_1000,OVEA-style,latency_best,38302283.46953905,1619388.227216948,37652335.583880305,14264.726337568152,-1.7261821227817706,1000
CyberShake_1000,OVEA-style,cost_best,476378.1984300007,1465.7268646832968,527198.6664584621,23956.939573970118,9.639718622555653,1000
CyberShake_1000,OVEA-style,energy_best,1203479038.363462,11947539.77835425,1237490516.4873075,6994731.276338228,2.748423335023951,1000
CyberShake_1000,QMOEA/D-AWA-style,hv,0.5388316062631316,0.005227060793770046,0.31897320122576334,0.053947802213385146,68.92692056652014,1000
CyberShake_1000,QMOEA/D-AWA-style,igd,0.096134750900248,0.0016729290168877094,0.3864622760505318,0.07446464030790101,75.124415277294,1000
CyberShake_1000,QMOEA/D-AWA-style,spacing,0.06478016280093304,0.004323188957248813,0.2595027791744965,0.17891480616058036,75.0368134757535,1000
CyberShake_1000,QMOEA/D-AWA-style,epsilon,0.23283515285412593,0.016316819705439314,0.49324140251403903,0.115445878610898,52.79488873655557,1000
CyberShake_1000,QMOEA/D-AWA-style,coverage,0.0,0.0,0.08080808080808081,0.1142798838281289,-100.0,1000
CyberShake_1000,QMOEA/D-AWA-style,time,14.536138000000392,1.273452643869965,25.67077539999991,10.865501087556183,43.37476070161698,1000
CyberShake_1000,QMOEA/D-AWA-style,makespan_best,110796.78900000002,764.2250715824782,123787.46825001649,7816.2137352067075,10.494341174971677,1000
CyberShake_1000,QMOEA/D-AWA-style,latency_best,38302283.46953905,1619388.227216948,44288476.197478876,1669113.9213134407,13.516366427347512,1000
CyberShake_1000,QMOEA/D-AWA-style,cost_best,476378.1984300007,1465.7268646832968,483529.00050076994,11903.756719130759,1.4788775985232476,1000
CyberShake_1000,QMOEA/D-AWA-style,energy_best,1203479038.363462,11947539.77835425,1178617024.8884616,7598120.445859265,-2.1094225647515312,1000
Inspiral_1000,OVEA-style,hv,0.5612301233780891,0.026893553399979717,0.4049840104893956,0.11404684728098122,38.58081031393825,1000
Inspiral_1000,OVEA-style,igd,0.11626158399212036,0.01825626712774538,0.23084346404340267,0.004626474009905655,49.636181178488506,1000
Inspiral_1000,OVEA-style,spacing,0.06442580665580688,0.0022602707070794883,0.13519566920750542,0.04988418047098394,52.34624967392797,1000
Inspiral_1000,OVEA-style,epsilon,0.29167803549337395,0.03872658498334069,0.44848365084952635,0.03188065235737944,34.963507601476266,1000
Inspiral_1000,OVEA-style,coverage,0.1803921568627451,0.1608321306228226,0.0889677332976302,0.10745296514215175,102.76132725475442,1000
Inspiral_1000,OVEA-style,time,20.112737799999195,7.503599938747909,15.82189339999968,0.7482188179723241,-27.119664451788054,1000
Inspiral_1000,OVEA-style,makespan_best,1144019.3852230962,6579.253145996544,1071901.561043592,3498.022135140175,-6.7280267890729775,1000
Inspiral_1000,OVEA-style,latency_best,132286921.74238002,2313959.822089722,125915724.44366786,1231145.9270211535,-5.059890118459755,1000
Inspiral_1000,OVEA-style,cost_best,4849251.362100771,47751.3568322197,5093299.372932311,54100.586249337044,4.791550485496738,1000
Inspiral_1000,OVEA-style,energy_best,12157450428.231148,92117578.11980942,12391646305.698841,106832791.17466287,1.889949661975004,1000
Inspiral_1000,QMOEA/D-AWA-style,hv,0.5612301233780891,0.026893553399979717,0.3231848877821395,0.032968105945281496,73.65605404062613,1000
Inspiral_1000,QMOEA/D-AWA-style,igd,0.11626158399212036,0.01825626712774538,0.40051770927388164,0.002860276593766878,70.9721739388511,1000
Inspiral_1000,QMOEA/D-AWA-style,spacing,0.06442580665580688,0.0022602707070794883,0.14998896087623192,0.013213873253686587,57.046301088138186,1000
Inspiral_1000,QMOEA/D-AWA-style,epsilon,0.29167803549337395,0.03872658498334069,0.5754116121446256,0.05029729264530091,49.30967166160303,1000
Inspiral_1000,QMOEA/D-AWA-style,coverage,0.0625,0.08838834764831845,0.05442495648681216,0.03322994781048041,14.837023370233704,1000
Inspiral_1000,QMOEA/D-AWA-style,time,20.112737799999195,7.503599938747909,19.052977649999775,0.8545075030757106,-5.562175999295482,1000
Inspiral_1000,QMOEA/D-AWA-style,makespan_best,1144019.3852230962,6579.253145996544,1477350.0490382968,35656.85836856135,22.56274090437721,1000
Inspiral_1000,QMOEA/D-AWA-style,latency_best,132286921.74238002,2313959.822089722,164060934.69462997,6774929.0306439735,19.36720219922651,1000
Inspiral_1000,QMOEA/D-AWA-style,cost_best,4849251.362100771,47751.3568322197,4766856.416450002,40685.35610621415,-1.728496485995063,1000
Inspiral_1000,QMOEA/D-AWA-style,energy_best,12157450428.231148,92117578.11980942,11799919990.92846,128540029.34402663,-3.029939504484359,1000
Montage_1000,OVEA-style,hv,0.5027595733217439,0.0024411242542240635,0.3608142496141663,0.05044917079587264,39.340276571495075,1000
Montage_1000,OVEA-style,igd,0.09748605216241196,0.005690159211943413,0.20567686630796878,0.015833271427555737,52.60232523358172,1000
Montage_1000,OVEA-style,spacing,0.06446505041956477,0.011534668853166308,0.049761581979445635,0.0015427974713958222,-29.547831590628494,1000
Montage_1000,OVEA-style,epsilon,0.31207130494913937,0.030373576810354602,0.39879684528997006,0.09151281407433062,21.746796988268922,1000
Montage_1000,OVEA-style,coverage,0.07894736842105263,0.11164843913471803,0.0771254877052899,0.06942106317428949,2.3622291021671753,1000
Montage_1000,OVEA-style,time,15.185354749999533,0.16357508240218602,15.60317644999941,0.46075636476556114,2.67779898111639,1000
Montage_1000,OVEA-style,makespan_best,71596.07472073317,154.70999317087876,68144.33883308593,985.1614222913678,-5.065330366036703,1000
Montage_1000,OVEA-style,latency_best,11255601.550903995,317917.5231477803,11518784.911788605,31824.68334407657,2.2848187799327886,1000
Montage_1000,OVEA-style,cost_best,252823.83760076904,114.99621557812691,268962.57487538445,3944.7495326443322,6.000365397339315,1000
Montage_1000,OVEA-style,energy_best,618181162.624616,1850472.720732857,623464809.2492313,5575305.374779452,0.8474650928538876,1000
Montage_1000,QMOEA/D-AWA-style,hv,0.5027595733217439,0.0024411242542240635,0.2887059517443152,0.07149608645214754,74.14243464125038,1000
Montage_1000,QMOEA/D-AWA-style,igd,0.09748605216241196,0.005690159211943413,0.4308269141802176,0.11323032784463884,77.37233934237615,1000
Montage_1000,QMOEA/D-AWA-style,spacing,0.06446505041956477,0.011534668853166308,0.12859312093539707,0.0004830116849108593,49.86897436609313,1000
Montage_1000,QMOEA/D-AWA-style,epsilon,0.31207130494913937,0.030373576810354602,0.5183728844026294,0.1329750963407551,39.79791105224014,1000
Montage_1000,QMOEA/D-AWA-style,coverage,0.029411764705882353,0.04159451654038515,0.03398058252427184,0.04805580066316342,-13.445378151260504,1000
Montage_1000,QMOEA/D-AWA-style,time,15.185354749999533,0.16357508240218602,18.635700150000048,0.1293267897197119,18.514707643010162,1000
Montage_1000,QMOEA/D-AWA-style,makespan_best,71596.07472073317,154.70999317087876,82836.67548380117,3280.1467515698973,13.569594261742326,1000
Montage_1000,QMOEA/D-AWA-style,latency_best,11255601.550903995,317917.5231477803,12524376.323675342,420616.616721444,10.130442746062576,1000
Montage_1000,QMOEA/D-AWA-style,cost_best,252823.83760076904,114.99621557812691,252214.64357076894,3899.8498294310957,-0.24153793030227713,1000
Montage_1000,QMOEA/D-AWA-style,energy_best,618181162.624616,1850472.720732857,602800694.7150006,5136553.205396954,-2.551501357656391,1000
Sipht_1000,OVEA-style,hv,0.631517575256387,0.02710192934577695,0.47427777482331424,0.04528641906468001,33.15352495521223,1000
Sipht_1000,OVEA-style,igd,0.112539031542973,0.0009452427921342184,0.17595281619479736,0.0021752604611259044,36.040221477114045,1000
Sipht_1000,OVEA-style,spacing,0.06428386222619142,0.025453730057216132,0.06173266763099555,0.021980177386328847,-4.132649200331874,1000
Sipht_1000,OVEA-style,epsilon,0.2464713647804852,0.04051098022472478,0.3808371471631814,0.028077457500790104,35.28169018793827,1000
Sipht_1000,OVEA-style,coverage,0.07142857142857142,0.10101525445522107,0.18299659201557936,0.027626737677809363,-60.96726685353223,1000
Sipht_1000,OVEA-style,time,14.834243350000179,0.5239205164705433,15.38098810000065,0.15499709933003583,3.5546789741060127,1000
Sipht_1000,OVEA-style,makespan_best,954031.4041522406,60426.129800343784,898712.3566921208,38587.969333979105,-6.155367404063736,1000
Sipht_1000,OVEA-style,latency_best,188917813.6884822,2358398.7527685966,186242003.35161442,22693.80119986135,-1.4367383773337103,1000
Sipht_1000,OVEA-style,cost_best,2883260.5142930746,98878.30388815516,3519677.5813076897,269786.606854325,18.08168652704157,1000
Sipht_1000,OVEA-style,energy_best,8676951714.916521,88404821.85527644,8931233333.447662,6206286.582482832,2.8471053105157504,1000
Sipht_1000,QMOEA/D-AWA-style,hv,0.631517575256387,0.02710192934577695,0.6070493611395265,0.1916740482357772,4.030679493827298,1000
Sipht_1000,QMOEA/D-AWA-style,igd,0.112539031542973,0.0009452427921342184,0.2793469930185903,0.011298188762350525,59.71353393609515,1000
Sipht_1000,QMOEA/D-AWA-style,spacing,0.06428386222619142,0.025453730057216132,0.1360045774994385,0.12496654912468586,52.73404512693198,1000
Sipht_1000,QMOEA/D-AWA-style,epsilon,0.2464713647804852,0.04051098022472478,0.29366698749701564,0.10877063801162382,16.071136602308783,1000
Sipht_1000,QMOEA/D-AWA-style,coverage,0.03571428571428571,0.050507627227610534,0.16784323271665044,0.21016976139940957,-78.72164094064021,1000
Sipht_1000,QMOEA/D-AWA-style,time,14.834243350000179,0.5239205164705433,17.426723049999964,0.012209683502731123,14.876461240369517,1000
Sipht_1000,QMOEA/D-AWA-style,makespan_best,954031.4041522406,60426.129800343784,1172933.9381577815,14252.453168170321,18.662818670704574,1000
Sipht_1000,QMOEA/D-AWA-style,latency_best,188917813.6884822,2358398.7527685966,208024627.94675642,7453795.258258838,9.18488087053067,1000
Sipht_1000,QMOEA/D-AWA-style,cost_best,2883260.5142930746,98878.30388815516,3389167.790029998,359014.3752254781,14.92718292747747,1000
Sipht_1000,QMOEA/D-AWA-style,energy_best,8676951714.916521,88404821.85527644,8149735670.385375,15053568.779984107,-6.469118335297072,1000
Montage_3000_wfcommons,OVEA-style,hv,0.5488654620723349,0.0,0.4602423628724497,0.0,19.25574574378021,3000
Montage_3000_wfcommons,OVEA-style,igd,0.08706812410706884,0.0,0.19861409668053145,0.0,56.16216292687576,3000
Montage_3000_wfcommons,OVEA-style,spacing,0.09787363568451879,0.0,0.10188004229561314,0.0,3.9324744285730024,3000
Montage_3000_wfcommons,OVEA-style,epsilon,0.1902916576033175,0.0,0.3531229663017861,0.0,46.11178661183697,3000
Montage_3000_wfcommons,OVEA-style,coverage,0.18604651162790697,0.0,0.07042253521126761,0.0,164.1860465116279,3000
Montage_3000_wfcommons,OVEA-style,time,14.913041499999963,0.0,14.939003200001025,0.0,0.17378468732813676,3000
Montage_3000_wfcommons,OVEA-style,makespan_best,2016926.3164777178,0.0,1893757.414569677,0.0,-6.503942952800462,3000
Montage_3000_wfcommons,OVEA-style,latency_best,1593774912.9338477,0.0,1575025269.1755745,0.0,-1.1904344727172136,3000
Montage_3000_wfcommons,OVEA-style,cost_best,8897102.829438485,0.0,9748267.31847677,0.0,8.731443868234882,3000
Montage_3000_wfcommons,OVEA-style,energy_best,22184085190.1053,0.0,22212646417.654575,0.0,0.12858093093569448,3000
Montage_3000_wfcommons,QMOEA/D-AWA-style,hv,0.5488654620723349,0.0,0.20224491946964662,0.0,171.38652654990915,3000
Montage_3000_wfcommons,QMOEA/D-AWA-style,igd,0.08706812410706884,0.0,0.6011922392715194,0.0,85.51742380896805,3000
Montage_3000_wfcommons,QMOEA/D-AWA-style,spacing,0.09787363568451879,0.0,0.08043404732135806,0.0,-21.68184860011378,3000
Montage_3000_wfcommons,QMOEA/D-AWA-style,epsilon,0.1902916576033175,0.0,0.7856690422928936,0.0,75.77966709137843,3000
Montage_3000_wfcommons,QMOEA/D-AWA-style,coverage,0.0,0.0,0.0,0.0,0.0,3000
Montage_3000_wfcommons,QMOEA/D-AWA-style,time,14.913041499999963,0.0,18.550610000000233,0.0,19.608888872119163,3000
Montage_3000_wfcommons,QMOEA/D-AWA-style,makespan_best,2016926.3164777178,0.0,2754767.642110645,0.0,26.784158284493593,3000
Montage_3000_wfcommons,QMOEA/D-AWA-style,latency_best,1593774912.9338477,0.0,1755197906.0142639,0.0,9.196854242321798,3000
Montage_3000_wfcommons,QMOEA/D-AWA-style,cost_best,8897102.829438485,0.0,9262265.852399964,0.0,3.942480477029933,3000
Montage_3000_wfcommons,QMOEA/D-AWA-style,energy_best,22184085190.1053,0.0,21966134104.65454,0.0,-0.9922141256734697,3000
Epigenomics_3000_wfcommons,OVEA-style,hv,0.6239983843910494,0.0,0.4337358168945368,0.0,43.86600324104087,3000
Epigenomics_3000_wfcommons,OVEA-style,igd,0.08214591501084345,0.0,0.22176692453404795,0.0,62.9584460426462,3000
Epigenomics_3000_wfcommons,OVEA-style,spacing,0.08502671618324258,0.0,0.09435651408120176,0.0,9.887815365805164,3000
Epigenomics_3000_wfcommons,OVEA-style,epsilon,0.14597437881040257,0.0,0.3441050282946515,0.0,57.578539455283085,3000
Epigenomics_3000_wfcommons,OVEA-style,coverage,0.5121951219512195,0.0,0.0,0.0,0.0,3000
Epigenomics_3000_wfcommons,OVEA-style,time,15.775461299999733,0.0,15.906333099999756,0.0,0.8227653675882385,3000
Epigenomics_3000_wfcommons,OVEA-style,makespan_best,363687.05365262594,0.0,345452.2381567115,0.0,-5.278534477939136,3000
Epigenomics_3000_wfcommons,OVEA-style,latency_best,143168263.81911412,0.0,134097816.12251277,0.0,-6.764053255210746,3000
Epigenomics_3000_wfcommons,OVEA-style,cost_best,1457075.6444292236,0.0,1552146.350024607,0.0,6.125112209546233,3000
Epigenomics_3000_wfcommons,OVEA-style,energy_best,3621280498.6123075,0.0,3623003316.11923,0.0,0.047552192382965756,3000
Epigenomics_3000_wfcommons,QMOEA/D-AWA-style,hv,0.6239983843910494,0.0,0.46276013739138744,0.0,34.842726062917535,3000
Epigenomics_3000_wfcommons,QMOEA/D-AWA-style,igd,0.08214591501084345,0.0,0.3214769444582213,0.0,74.44733862663703,3000
Epigenomics_3000_wfcommons,QMOEA/D-AWA-style,spacing,0.08502671618324258,0.0,0.06277440517431165,0.0,-35.44806350158288,3000
Epigenomics_3000_wfcommons,QMOEA/D-AWA-style,epsilon,0.14597437881040257,0.0,0.39451950114139966,0.0,62.99945163975965,3000
Epigenomics_3000_wfcommons,QMOEA/D-AWA-style,coverage,0.0,0.0,0.09090909090909091,0.0,-100.0,3000
Epigenomics_3000_wfcommons,QMOEA/D-AWA-style,time,15.775461299999733,0.0,19.17876140000044,0.0,17.745150633140618,3000
Epigenomics_3000_wfcommons,QMOEA/D-AWA-style,makespan_best,363687.05365262594,0.0,383999.9710233364,0.0,5.2898226311261904,3000
Epigenomics_3000_wfcommons,QMOEA/D-AWA-style,latency_best,143168263.81911412,0.0,160195644.8812566,0.0,10.629116087871093,3000
Epigenomics_3000_wfcommons,QMOEA/D-AWA-style,cost_best,1457075.6444292236,0.0,1598841.206707687,0.0,8.86676936294287,3000
Epigenomics_3000_wfcommons,QMOEA/D-AWA-style,energy_best,3621280498.6123075,0.0,3565714624.4992332,0.0,-1.5583376676106808,3000
Seismology_3000_wfcommons,OVEA-style,hv,0.5629097606303056,0.0,0.4488630942633376,0.0,25.407895597685183,3000
Seismology_3000_wfcommons,OVEA-style,igd,0.05007977580788613,0.0,0.22780201018326268,0.0,78.01609574577597,3000
Seismology_3000_wfcommons,OVEA-style,spacing,0.06666660823411924,0.0,0.06264383104487982,0.0,-6.421665345399117,3000
Seismology_3000_wfcommons,OVEA-style,epsilon,0.1841134847194629,0.0,0.48536866185182664,0.0,62.06729045566829,3000
Seismology_3000_wfcommons,OVEA-style,coverage,0.2564102564102564,0.0,0.10465116279069768,0.0,145.01424501424495,3000
Seismology_3000_wfcommons,OVEA-style,time,16.194268700000976,0.0,15.739677899999151,0.0,-2.8881836266919345,3000
Seismology_3000_wfcommons,OVEA-style,makespan_best,31032.44161030339,0.0,30564.0695169923,0.0,-1.5324271300021028,3000
Seismology_3000_wfcommons,OVEA-style,latency_best,38530923.401902564,0.0,38484094.13771795,0.0,-0.12168472516732445,3000
Seismology_3000_wfcommons,OVEA-style,cost_best,150765.4314184613,0.0,159219.396663077,0.0,5.309632759446443,3000
Seismology_3000_wfcommons,OVEA-style,energy_best,358933580.1707729,0.0,361298419.10000294,0.0,0.6545389639735667,3000
Seismology_3000_wfcommons,QMOEA/D-AWA-style,hv,0.5629097606303056,0.0,0.44488390268921146,0.0,26.529586084741997,3000
Seismology_3000_wfcommons,QMOEA/D-AWA-style,igd,0.05007977580788613,0.0,0.3173807570901057,0.0,84.22091614279303,3000
Seismology_3000_wfcommons,QMOEA/D-AWA-style,spacing,0.06666660823411924,0.0,0.036379033099054034,0.0,-83.25558035750207,3000
Seismology_3000_wfcommons,QMOEA/D-AWA-style,epsilon,0.1841134847194629,0.0,0.40813973605451875,0.0,54.889595779307,3000
Seismology_3000_wfcommons,QMOEA/D-AWA-style,coverage,0.0,0.0,0.05813953488372093,0.0,-100.0,3000
Seismology_3000_wfcommons,QMOEA/D-AWA-style,time,16.194268700000976,0.0,17.350320499999725,0.0,6.662999683485777,3000
Seismology_3000_wfcommons,QMOEA/D-AWA-style,makespan_best,31032.44161030339,0.0,33749.46261606512,0.0,8.050560794613643,3000
Seismology_3000_wfcommons,QMOEA/D-AWA-style,latency_best,38530923.401902564,0.0,39249435.07683035,0.0,1.830629341597674,3000
Seismology_3000_wfcommons,QMOEA/D-AWA-style,cost_best,150765.4314184613,0.0,152880.58559076898,0.0,1.3835335364096155,3000
Seismology_3000_wfcommons,QMOEA/D-AWA-style,energy_best,358933580.1707729,0.0,357523555.4484644,0.0,-0.39438652385850026,3000
Soykb_3000_wfcommons,OVEA-style,hv,0.5587655099681543,0.0,0.29211350663662317,0.0,91.28369530109916,3000
Soykb_3000_wfcommons,OVEA-style,igd,0.08789571247444315,0.0,0.24876482216391235,0.0,64.66714557553952,3000
Soykb_3000_wfcommons,OVEA-style,spacing,0.06603984389542372,0.0,0.05665211943433067,0.0,-16.570826572472726,3000
Soykb_3000_wfcommons,OVEA-style,epsilon,0.24815996577042831,0.0,0.5783834204988375,0.0,57.094211733040666,3000
Soykb_3000_wfcommons,OVEA-style,coverage,0.18518518518518517,0.0,0.07575757575757576,0.0,144.44444444444443,3000
Soykb_3000_wfcommons,OVEA-style,time,14.5458464000003,0.0,15.203243899999507,0.0,4.3240607354804546,3000
Soykb_3000_wfcommons,OVEA-style,makespan_best,3840574.9038797175,0.0,3724636.101986168,0.0,-3.1127551449046247,3000
Soykb_3000_wfcommons,OVEA-style,latency_best,3012243919.028312,0.0,2977677827.723266,0.0,-1.1608405376573372,3000
Soykb_3000_wfcommons,OVEA-style,cost_best,18065971.044180132,0.0,18921777.630638603,0.0,4.522865679769579,3000
Soykb_3000_wfcommons,OVEA-style,energy_best,42844679735.93189,0.0,43355944827.22035,0.0,1.1792271932394147,3000
Soykb_3000_wfcommons,QMOEA/D-AWA-style,hv,0.5587655099681543,0.0,0.3927897919238525,0.0,42.255608841402484,3000
Soykb_3000_wfcommons,QMOEA/D-AWA-style,igd,0.08789571247444315,0.0,0.49605225716285395,0.0,82.28095705537996,3000
Soykb_3000_wfcommons,QMOEA/D-AWA-style,spacing,0.06603984389542372,0.0,0.10163036679965556,0.0,35.01957537395453,3000
Soykb_3000_wfcommons,QMOEA/D-AWA-style,epsilon,0.24815996577042831,0.0,0.509081837412091,0.0,51.253423804717656,3000
Soykb_3000_wfcommons,QMOEA/D-AWA-style,coverage,0.0,0.0,0.030303030303030304,0.0,-100.0,3000
Soykb_3000_wfcommons,QMOEA/D-AWA-style,time,14.5458464000003,0.0,19.375472900001114,0.0,24.926496116647225,3000
Soykb_3000_wfcommons,QMOEA/D-AWA-style,makespan_best,3840574.9038797175,0.0,4387829.63670061,0.0,12.472105303349828,3000
Soykb_3000_wfcommons,QMOEA/D-AWA-style,latency_best,3012243919.028312,0.0,3142603238.721157,0.0,4.148131653612531,3000
Soykb_3000_wfcommons,QMOEA/D-AWA-style,cost_best,18065971.044180132,0.0,17607907.56815402,0.0,-2.6014645650149597,3000
Soykb_3000_wfcommons,QMOEA/D-AWA-style,energy_best,42844679735.93189,0.0,42436518713.37797,0.0,-0.9618155186354935,3000
Srasearch_3000_wfcommons,OVEA-style,hv,0.44548034540410575,0.0,0.3035953117758463,0.0,46.73492248556773,3000
Srasearch_3000_wfcommons,OVEA-style,igd,0.07320462473526067,0.0,0.18968600508658193,0.0,61.40747194193557,3000
Srasearch_3000_wfcommons,OVEA-style,spacing,0.07181711095636226,0.0,0.09315941617369143,0.0,22.90944500718793,3000
Srasearch_3000_wfcommons,OVEA-style,epsilon,0.2818408778592983,0.0,0.4409001084720913,0.0,36.07602437749488,3000
Srasearch_3000_wfcommons,OVEA-style,coverage,0.6764705882352942,0.0,0.029411764705882353,0.0,2200.0,3000
Srasearch_3000_wfcommons,OVEA-style,time,14.5518505,0.0,15.600604299999759,0.0,6.72252035775162,3000
Srasearch_3000_wfcommons,OVEA-style,makespan_best,12352545.476478247,0.0,11719523.41567794,0.0,-5.401431767724217,3000
Srasearch_3000_wfcommons,OVEA-style,latency_best,15104667651.378584,0.0,15044248457.440163,0.0,-0.40160991829765225,3000
Srasearch_3000_wfcommons,OVEA-style,cost_best,61380614.41152493,0.0,62444658.431191005,0.0,1.7039792456204506,3000
Srasearch_3000_wfcommons,OVEA-style,energy_best,146703138765.3719,0.0,148411259479.8258,0.0,1.1509374156925816,3000
Srasearch_3000_wfcommons,QMOEA/D-AWA-style,hv,0.44548034540410575,0.0,0.29494516870415954,0.0,51.03835989628918,3000
Srasearch_3000_wfcommons,QMOEA/D-AWA-style,igd,0.07320462473526067,0.0,0.21111639795119924,0.0,65.32499348905037,3000
Srasearch_3000_wfcommons,QMOEA/D-AWA-style,spacing,0.07181711095636226,0.0,0.20272588523230825,0.0,64.5742768003872,3000
Srasearch_3000_wfcommons,QMOEA/D-AWA-style,epsilon,0.2818408778592983,0.0,0.37072436217056226,0.0,23.975625392099428,3000
Srasearch_3000_wfcommons,QMOEA/D-AWA-style,coverage,0.043478260869565216,0.0,0.10294117647058823,0.0,-57.7639751552795,3000
Srasearch_3000_wfcommons,QMOEA/D-AWA-style,time,14.5518505,0.0,17.882800999999745,0.0,18.626559116772544,3000
Srasearch_3000_wfcommons,QMOEA/D-AWA-style,makespan_best,12352545.476478247,0.0,13808465.248194087,0.0,10.543675531980282,3000
Srasearch_3000_wfcommons,QMOEA/D-AWA-style,latency_best,15104667651.378584,0.0,15663783268.265669,0.0,3.5694800375579474,3000
Srasearch_3000_wfcommons,QMOEA/D-AWA-style,cost_best,61380614.41152493,0.0,60561017.511678696,0.0,-1.3533407025206947,3000
Srasearch_3000_wfcommons,QMOEA/D-AWA-style,energy_best,146703138765.3719,0.0,143676478572.20593,0.0,-2.1065801606801484,3000
